SCUOLA_ANONIMO,CLASSE_ANONIMO,STUDENTE_ANONIMO,Grado,genere,anno,mese,luogo,eta,regolarità,origine,freq_asilo_nido,freq_scuola_materna,luogo_padre,titolo_padre,prof_padre,luogo_madre,titolo_madre,prof_madre,voto_scritto_ita,voto_orale_ita,voto_scritto_mat,voto_orale_mat,voto_scritto_eng,voto_orale_eng,codice_orario,Cod_Reg,Areageo_5,WLE_ITA_200,LIVELLI_WLE_ITA,peso_studente,peso_classe,peso_scuola,ESCS_classe,ESCS_studente
1026,109,59,8,1,3,2,1,88,1,1,1,1,1,11,7,1,2,8,7,7,8,8,8,8,4,11,3,210.013605719334,3,71.0677083333333,2.16666666666667,32.8004807692308,.0492045025438424,1.03352045674453
1026,109,60,8,1,2,5,3,5,3,2,2,1,3,2,8,3,2,2,7,7,6,6,6,6,4,11,3,149.757714662002,1,71.0677083333333,2.16666666666667,32.8004807692308,.0492045025438424, 
1026,109,2105,8,2,3,8,1,88,1,1,2,1,1,9,7,1,9,7,10,10,9,9,10,10,4,11,3,282.042820641475,5,71.0677083333333,2.16666666666667,32.8004807692308,.0492045025438424,1.07006696844749
1026,109,2107,8,2,3,6,1,88,1,1,1,1,1,4,5,1,9,5,10,10,8,8,8,8,4,11,3,227.695959022804,4,71.0677083333333,2.16666666666667,32.8004807692308,.0492045025438424,2.49264359331687
1026,109,2108,8,2,3,10,1,88,1,1,2,1,1,2,9,1,2,1,8,8,6,6,7,7,4,11,3,158.489739673132,2,71.0677083333333,2.16666666666667,32.8004807692308,.0492045025438424,-1.55064098946319
1026,109,2109,8,2,3,11,1,88,1,3,2,1,3,2,8,3,4,8,7,7,6,6,6,6,4,11,3,177.458445054569,2,71.0677083333333,2.16666666666667,32.8004807692308,.0492045025438424, 
1026,109,2110,8,2,3,10,1,88,1,1,1,1,1,9,5,1,2,8,9,9,9,9,9,9,4,11,3,253.017765285184,5,71.0677083333333,2.16666666666667,32.8004807692308,.0492045025438424,.804731436948272
1026,109,2112,8,2,3,8,4,8,1,2,9,1,4,5,6,4,9,8,9,9,8,8,9,9,4,11,3,208.608015416367,3,71.0677083333333,2.16666666666667,32.8004807692308,.0492045025438424,-.340916807064069
1026,109,2113,8,2,2,12,2,4,3,2,1,1,2,9,9,2,9,2,7,7,5,5,9,9,4,11,3,133.972325842708,1,71.0677083333333,2.16666666666667,32.8004807692308,.0492045025438424, 
1026,109,2117,8,2,3,12,1,88,1,1,1,1,1,11,3,1,10,5,8,8,7,7,9,9,4,11,3,224.913155021663,4,71.0677083333333,2.16666666666667,32.8004807692308,.0492045025438424,2.50670668047708
1026,109,2119,8,2,3,4,1,88,1,3,1,1,4,99,8,4,99,2,8,8,9,9,7,7,4,11,3,164.011619115489,2,71.0677083333333,2.16666666666667,32.8004807692308,.0492045025438424, 
1026,109,2120,8,1,3,11,1,88,1,3,1,1,4,4,8,4,2,2,7,7,7,7,7,7,4,11,3,194.977645031822,3,71.0677083333333,2.16666666666667,32.8004807692308,.0492045025438424, 
1026,109,2121,8,1,3,7,1,88,1,1,2,1,1,3,6,1,4,8,7,7,6,6,6,6,4,11,3,173.032778292153,2,71.0677083333333,2.16666666666667,32.8004807692308,.0492045025438424, 
1026,109,2123,8,2,3,12,2,5,1,1,1,1,1,9,6,2,8,5,10,10,10,10,10,10,4,11,3,220.161212943506,4,71.0677083333333,2.16666666666667,32.8004807692308,.0492045025438424,.942832863412192
1026,109,2124,8,1,3,3,1,88,1,1,2,1,1,9,7,1,9,7,10,10,8,8,8,8,4,11,3,240.914097848765,4,71.0677083333333,2.16666666666667,32.8004807692308,.0492045025438424,1.69996342384489
1026,109,2125,8,2,3,11,1,88,1,1,2,1,1,4,6,1,4,7,9,9,8,8,7,7,4,11,3,208.608015416367,3,71.0677083333333,2.16666666666667,32.8004807692308,.0492045025438424,-.29023269408893
1026,109,2126,8,2,3,12,1,88,1,3,1,1,4,7,9,4,6,2,8,8,7,7,8,8,4,11,3,189.740303136958,3,71.0677083333333,2.16666666666667,32.8004807692308,.0492045025438424,-.743282348251551
1026,109,2140,8,2,3,8,1,88,1,1,1,1,1,2,9,1,2,1,8,8,5,5,6,6,4,11,3,207.842779127088,3,71.0677083333333,2.16666666666667,32.8004807692308,.0492045025438424,-1.93774126687984
1026,109,2142,8,2,3,5,4,5,1,2,2,2,4,99,8,4,2,2,8,8,8,8,8,8,4,11,3,185.026078032774,2,71.0677083333333,2.16666666666667,32.8004807692308,.0492045025438424,-1.93774126687984
1026,109,2143,8,1,3,11,9,6,1,9,2,1,9,2,8,9,2,2,6,6,6,6,7,7,4,11,3,199.391543944644,3,71.0677083333333,2.16666666666667,32.8004807692308,.0492045025438424,-1.65760844804725
1026,109,3810,8,2,2,4,3,10,3,2,1,1,3,11,7,3,9,1,7,7,9,9,9,9,4,11,3,185.788650440114,3,71.0677083333333,2.16666666666667,32.8004807692308,.0492045025438424,.352578886232095
1026,109,3862,8,1,3,8,4,10,1,2,2,2,4,4,1,4,4,1,7,7,6,6,6,6,4,11,3,112.461711429934,1,71.0677083333333,2.16666666666667,32.8004807692308,.0492045025438424,-1.65760844804725
1026,110,61,8,1,2,3,4,5,3,2,1,1,4,99,99,4,4,2,6,6,6,6,7,7,4,11,3,172.144467657483,2,71.0677083333333,2.16666666666667,32.8004807692308,-.0396204104578365,.48978320924957
1026,110,105,8,1,1,9,4,10,3,2,2,1,4,3,8,4,2,2,6,6,5,5,7,7,4,11,3,139.467041250859,1,71.0677083333333,2.16666666666667,32.8004807692308,-.0396204104578365, 
1026,110,2106,8,1,3,12,1,88,1,3,1,1,4,2,8,4,2,1,6,6,7,7,6,6,4,11,3,200.830549460352,3,71.0677083333333,2.16666666666667,32.8004807692308,-.0396204104578365,-1.11808288532404
1026,110,2111,8,1,2,10,1,88,3,1,2,1,1,2,9,1,2,2,8,8,8,8,7,7,4,11,3,133.972325842708,1,71.0677083333333,2.16666666666667,32.8004807692308,-.0396204104578365, 
1026,110,2114,8,2,3,11,1,88,1,1,2,1,1,4,99,1,4,99,8,8,8,8,7,7,4,11,3,217.770457921662,4,71.0677083333333,2.16666666666667,32.8004807692308,-.0396204104578365,-.605180921787631
1026,110,2115,8,2,3,8,1,88,1,1,2,1,1,4,7,1,4,7,8,8,9,9,8,8,4,11,3,210.013605719334,3,71.0677083333333,2.16666666666667,32.8004807692308,-.0396204104578365,-.224923066199495
1026,110,2116,8,2,3,8,1,88,1,1,1,1,1,9,5,1,9,5,9,9,9,9,9,9,4,11,3,274.757236417311,5,71.0677083333333,2.16666666666667,32.8004807692308,-.0396204104578365,1.22463177075372
1026,110,2118,8,2,3,6,1,88,1,1,1,1,1,4,5,1,9,5,7,7,8,8,7,7,4,11,3,215.48914782235,4,71.0677083333333,2.16666666666667,32.8004807692308,-.0396204104578365,.403624001347123
1026,110,2122,8,2,3,2,1,88,1,1,2,1,3,2,7,1,4,7,8,8,9,9,8,8,4,11,3,254.193742926772,5,71.0677083333333,2.16666666666667,32.8004807692308,-.0396204104578365,-.539871293898197
1026,110,2127,8,2,3,2,1,88,1,1,2,1,1,4,7,3,4,7,8,8,7,7,7,7,4,11,3,208.05360215879,3,71.0677083333333,2.16666666666667,32.8004807692308,-.0396204104578365,.469573378093093
1026,110,2128,8,2,3,5,1,88,1,3,9,1,3,3,8,3,4,1,6,6,7,7,7,7,4,11,3,128.171023165298,1,71.0677083333333,2.16666666666667,32.8004807692308,-.0396204104578365, 
1026,110,2129,8,1,3,10,1,88,1,1,2,1,1,2,8,3,3,2,6,6,6,6,6,6,4,11,3,168.556417885604,2,71.0677083333333,2.16666666666667,32.8004807692308,-.0396204104578365,-1.11808288532404
1026,110,2130,8,1,3,7,1,88,1,1,1,1,1,4,1,1,9,7,6,6,5,5,7,7,4,11,3,201.983178523191,3,71.0677083333333,2.16666666666667,32.8004807692308,-.0396204104578365,1.05715184352387
1026,110,2131,8,2,3,11,1,88,1,1,2,1,1,4,8,1,4,2,8,8,8,8,9,9,4,11,3,234.562126743377,4,71.0677083333333,2.16666666666667,32.8004807692308,-.0396204104578365,-.920129149486334
1026,110,2132,8,1,3,11,1,88,1,1,1,1,1,7,7,1,4,2,6,6,7,7,7,7,4,11,3,176.543810688997,2,71.0677083333333,2.16666666666667,32.8004807692308,-.0396204104578365,1.42171276742206
1026,110,2133,8,1,3,3,1,88,1,1,2,1,1,2,8,1,4,8,8,8,8,8,9,9,4,11,3,240.914097848765,4,71.0677083333333,2.16666666666667,32.8004807692308,-.0396204104578365,.22677720011234
1026,110,2134,8,1,3,7,1,88,1,1,2,1,1,4,8,1,4,8,8,8,9,9,9,9,4,11,3,246.212899191701,5,71.0677083333333,2.16666666666667,32.8004807692308,-.0396204104578365,-.920129149486334
1026,110,2135,8,1,3,1,1,88,1,1,1,1,1,4,5,1,4,2,8,8,9,9,8,8,4,11,3,212.377384947866,3,71.0677083333333,2.16666666666667,32.8004807692308,-.0396204104578365,-.403119255285064
1026,110,2136,8,1,3,10,1,88,1,1,1,1,1,4,7,1,9,7,8,8,9,9,9,9,4,11,3,233.350991851138,4,71.0677083333333,2.16666666666667,32.8004807692308,-.0396204104578365,.0757606487247996
1026,110,2137,8,1,3,5,1,88,1,1,1,1,1,4,7,1,4,7,8,8,9,9,8,8,4,11,3,245.262317881628,5,71.0677083333333,2.16666666666667,32.8004807692308,-.0396204104578365,-.416034380208685
1026,110,2138,8,1,3,2,1,88,1,1,2,1,9,99,99,1,9,5,8,8,8,8,9,9,4,11,3,228.578242484582,4,71.0677083333333,2.16666666666667,32.8004807692308,-.0396204104578365,.0886757736484206
1026,110,2139,8,2,3,10,1,88,1,1,2,1,1,3,8,1,4,5,6,6,8,8,8,8,4,11,3,208.839444713797,3,71.0677083333333,2.16666666666667,32.8004807692308,-.0396204104578365,-.897099560102378
1026,110,2141,8,1,3,6,1,88,1,1,2,1,1,9,5,1,9,5,9,9,9,9,8,8,4,11,3,316.795053212248,5,71.0677083333333,2.16666666666667,32.8004807692308,-.0396204104578365,.516510562543257
1026,110,2144,8,2,3,8,1,88,1,1,2,1,1,2,6,1,4,7,6,6,6,6,7,7,4,11,3,154.63605073351,1,71.0677083333333,2.16666666666667,32.8004807692308,-.0396204104578365, 
1026,110,2145,8,1,3,7,1,88,1,1,2,1,1,4,4,1,4,7,6,6,6,6,5,5,4,11,3,171.121608349969,2,71.0677083333333,2.16666666666667,32.8004807692308,-.0396204104578365,-.416034380208685
1026,110,3726,8,1,3,5,2,1,1,1,1,1,2,9,5,1,9,5,7,7,6,6,8,9,4,11,3,210.293848278452,3,71.0677083333333,2.16666666666667,32.8004807692308,-.0396204104578365,.732836741820232
80,15,86,8,2,2,6,1,88,3,1,1,1,1,2,8,1,2,2,0,6,0,5,0,7,1,1,1,207.662695152105,3,11.2058823529412,2.41176470588235,4.64634146341464,.547412336119724,-.699848640027521
80,15,87,8,1,2,10,1,88,3,1,2,1,1,1,8,1,2,8,0,5,0,5,0,5,1,1,1,154.164923126287,1,11.2058823529412,2.41176470588235,4.64634146341464,.547412336119724,-1.24799250210866
80,15,3633,8,2,3,5,1,88,1,1,1,1,1,3,6,1,4,7,0,7,0,7,0,8,1,1,1,215.156173770726,4,11.2058823529412,2.41176470588235,4.64634146341464,.547412336119724,.300021283091167
80,15,3634,8,2,3,6,1,88,1,1,2,1,1,9,5,1,10,5,0,8,0,7,0,7,1,1,1,217.72987054248,4,11.2058823529412,2.41176470588235,4.64634146341464,.547412336119724,1.69996342384489
80,15,3635,8,1,3,6,1,88,1,1,2,1,1,2,8,1,2,2,0,6,0,7,0,8,1,1,1,154.63605073351,1,11.2058823529412,2.41176470588235,4.64634146341464,.547412336119724, 
80,15,3636,8,1,3,4,1,88,1,1,1,1,1,4,99,4,99,5,0,9,0,10,0,9,1,1,1,248.203959546872,5,11.2058823529412,2.41176470588235,4.64634146341464,.547412336119724,1.59855956865684
80,15,3637,8,2,3,12,1,88,1,1,2,1,1,6,5,1,4,5,0,7,0,5,0,7,1,1,1,197.696847883919,3,11.2058823529412,2.41176470588235,4.64634146341464,.547412336119724,1.22463177075372
80,15,3638,8,2,3,7,1,88,1,1,2,1,1,4,99,1,4,7,0,8,0,7,0,8,1,1,1,235.387222112981,4,11.2058823529412,2.41176470588235,4.64634146341464,.547412336119724,-.014926944607535
80,15,3639,8,1,3,4,1,88,1,1,1,1,9,99,99,1,2,5,0,6,0,5,0,5,1,1,1,186.223210868742,3,11.2058823529412,2.41176470588235,4.64634146341464,.547412336119724, 
80,15,3640,8,1,3,12,1,88,1,1,2,1,1,99,99,1,99,99,0,6,0,7,0,7,1,1,1,173.032778292153,2,11.2058823529412,2.41176470588235,4.64634146341464,.547412336119724, 
80,15,3641,8,2,3,2,1,88,1,1,2,1,1,4,5,1,4,2,0,9,0,9,0,9,1,1,1,286.746024528328,5,11.2058823529412,2.41176470588235,4.64634146341464,.547412336119724,-.730982607907387
80,15,3642,8,1,3,2,1,88,1,1,1,1,1,9,7,1,9,5,0,9,0,9,0,9,1,1,1,245.186341948839,5,11.2058823529412,2.41176470588235,4.64634146341464,.547412336119724,.443718763968772
80,15,3643,8,2,3,10,1,88,1,1,1,1,1,9,99,1,9,99,0,8,0,8,0,7,1,1,1,247.14680845765,5,11.2058823529412,2.41176470588235,4.64634146341464,.547412336119724,2.65657526962803
80,15,3647,8,1,3,12,1,88,1,1,2,1,1,2,6,1,4,6,0,6,0,6,0,8,1,1,1,173.032778292153,2,11.2058823529412,2.41176470588235,4.64634146341464,.547412336119724, 
80,15,3650,8,2,3,10,1,88,1,1,1,1,1,4,6,1,7,7,0,6,0,6,0,7,1,1,1,181.218531792574,2,11.2058823529412,2.41176470588235,4.64634146341464,.547412336119724,.791816312024651
80,16,85,8,1,2,12,4,4,3,1,2,1,1,2,8,1,2,2,0,6,0,4,0,6,1,1,1,90.477144976332,1,11.2058823529412,2.41176470588235,4.64634146341464,.262899480422886, 
80,16,88,8,2,2,6,1,88,3,1,2,1,4,4,6,1,2,8,0,6,0,4,0,6,1,1,1,200.830549460352,3,11.2058823529412,2.41176470588235,4.64634146341464,.262899480422886,.0900251614992073
80,16,89,8,1,2,10,1,88,3,1,2,2,1,99,99,9,99,99,0,6,0,5,0,7,1,1,1,159.378847967569,2,11.2058823529412,2.41176470588235,4.64634146341464,.262899480422886, 
80,16,3644,8,1,3,7,1,88,1,1,2,1,9,99,99,1,6,7,0,8,0,9,0,7,1,1,1,208.379985496099,3,11.2058823529412,2.41176470588235,4.64634146341464,.262899480422886, 
80,16,3645,8,2,3,5,1,88,1,1,1,1,4,2,8,1,2,8,0,5,0,4,0,6,1,1,1,208.379985496099,3,11.2058823529412,2.41176470588235,4.64634146341464,.262899480422886, 
80,16,3646,8,2,3,9,1,88,1,1,1,1,1,4,6,1,4,7,0,7,0,6,0,7,1,1,1,212.377384947866,3,11.2058823529412,2.41176470588235,4.64634146341464,.262899480422886,1.20816839491141
80,16,3648,8,1,3,6,1,88,1,1,2,1,9,99,99,1,4,6,0,5,0,6,0,6,1,1,1,139.467041250859,1,11.2058823529412,2.41176470588235,4.64634146341464,.262899480422886, 
80,16,3649,8,1,3,7,1,88,1,1,2,1,1,2,6,1,2,7,0,6,0,7,0,6,1,1,1,164.011619115489,2,11.2058823529412,2.41176470588235,4.64634146341464,.262899480422886, 
80,16,3651,8,1,3,8,1,88,1,1,2,1,1,4,3,1,4,4,0,6,0,6,0,6,1,1,1,177.267067596363,2,11.2058823529412,2.41176470588235,4.64634146341464,.262899480422886,.719921616896611
80,16,3652,8,2,3,8,1,88,1,1,1,1,1,4,6,4,7,5,0,6,0,5,0,6,1,1,1,186.223210868742,3,11.2058823529412,2.41176470588235,4.64634146341464,.262899480422886,.22677720011234
80,16,3653,8,1,3,3,1,88,1,1,1,1,1,2,6,1,4,8,0,7,0,7,0,7,1,1,1,162.744312572589,2,11.2058823529412,2.41176470588235,4.64634146341464,.262899480422886,-.101086152509983
80,16,3654,8,2,3,3,1,88,1,1,1,1,1,4,7,1,2,8,0,7,0,7,0,7,1,1,1,217.403714843654,4,11.2058823529412,2.41176470588235,4.64634146341464,.262899480422886,-.224923066199495
80,16,3655,8,2,3,11,1,88,1,1,1,1,2,7,6,1,9,6,0,6,0,5,0,7,1,1,1,196.340823620549,3,11.2058823529412,2.41176470588235,4.64634146341464,.262899480422886,1.11967966464697
80,16,3656,8,2,3,9,1,88,1,1,1,1,1,99,99,1,4,99,0,6,0,7,0,6,1,1,1,168.067521177834,2,11.2058823529412,2.41176470588235,4.64634146341464,.262899480422886,-.224923066199495
80,16,3657,8,2,3,6,1,88,1,1,1,1,1,3,8,1,2,6,0,7,0,5,0,6,1,1,1,185.149106505654,2,11.2058823529412,2.41176470588235,4.64634146341464,.262899480422886,-.730982607907387
80,16,3658,8,1,3,5,1,88,1,1,1,1,1,4,8,1,4,6,0,6,0,5,0,6,1,1,1,194.977645031822,3,11.2058823529412,2.41176470588235,4.64634146341464,.262899480422886, 
80,16,3659,8,1,3,8,1,88,1,1,1,1,9,99,99,1,9,5,0,6,0,7,0,6,1,1,1,190.593814797016,3,11.2058823529412,2.41176470588235,4.64634146341464,.262899480422886, 
80,16,3660,8,1,3,3,1,88,1,1,1,1,1,2,6,1,6,6,0,7,0,7,0,6,1,1,1,233.350991851138,4,11.2058823529412,2.41176470588235,4.64634146341464,.262899480422886,.339663761308474
80,16,3875,8,2,3,7,1,88,1,1,2,2,1,4,4,1,4,5,0,6,0,6,0,7,1,1,1,220.161212943506,4,11.2058823529412,2.41176470588235,4.64634146341464,.262899480422886,.469573378093093
81,17,84,8,1,2,10,1,88,3,3,2,1,3,2,6,3,99,99,0,5,0,6,0,5,1,1,1,168.556417885604,2,9.525,2.2,4.32954545454546,.144497152388127, 
81,17,3607,8,2,3,9,1,88,1,1,2,1,1,4,8,1,4,7,0,9,0,8,0,8,1,1,1,233.838858808275,4,9.525,2.2,4.32954545454546,.144497152388127,-.605180921787631
81,17,3608,8,2,3,9,1,88,1,1,2,1,1,9,7,1,9,5,0,9,0,8,0,9,1,1,1,234.609075508831,4,9.525,2.2,4.32954545454546,.144497152388127,.804731436948272
81,17,3609,8,2,3,3,1,88,1,1,2,1,1,2,6,1,7,1,0,10,0,10,0,10,1,1,1,256.252069473569,5,9.525,2.2,4.32954545454546,.144497152388127,1.2117166458301
81,17,3611,8,1,3,4,1,88,1,1,2,1,1,2,8,4,9,5,0,7,0,7,0,9,1,1,1,248.112494556655,5,9.525,2.2,4.32954545454546,.144497152388127,-.428334120552849
81,17,3617,8,1,3,7,1,88,1,1,2,2,1,2,8,4,2,8,0,8,0,5,0,7,1,1,1,189.542719515864,3,9.525,2.2,4.32954545454546,.144497152388127,.896768418131394
81,17,3618,8,1,3,6,1,88,1,1,2,2,1,6,9,1,4,5,0,9,0,7,0,8,1,1,1,195.039872279547,3,9.525,2.2,4.32954545454546,.144497152388127,.680442238854418
81,17,3619,8,1,3,1,1,88,1,1,2,1,1,4,5,1,9,6,0,6,0,7,0,8,1,1,1,206.49960639662,3,9.525,2.2,4.32954545454546,.144497152388127,.41788851412153
81,17,3622,8,1,3,7,1,88,1,1,2,1,1,2,99,1,2,99,0,9,0,9,0,9,1,1,1,240.551706237635,4,9.525,2.2,4.32954545454546,.144497152388127,-.730982607907387
81,17,3623,8,2,3,10,1,88,1,1,2,1,1,8,7,1,9,5,0,9,0,7,0,8,1,1,1,281.297749278074,5,9.525,2.2,4.32954545454546,.144497152388127,.84437391516558
81,17,3625,8,2,3,3,1,88,1,1,2,1,1,2,8,1,7,5,0,8,0,7,0,8,1,1,1,222.606703967896,4,9.525,2.2,4.32954545454546,.144497152388127, 
81,17,3626,8,1,3,1,1,88,1,1,1,1,1,2,8,1,4,2,0,6,0,5,0,4,1,1,1,105.569386777027,1,9.525,2.2,4.32954545454546,.144497152388127,-.0699521846301169
81,17,3628,8,2,3,5,1,88,1,1,2,1,1,9,5,1,9,5,0,8,0,8,0,8,1,1,1,203.852389044953,3,9.525,2.2,4.32954545454546,.144497152388127, 
81,17,3630,8,2,3,5,1,88,1,1,2,1,1,3,6,1,4,2,0,8,0,8,0,8,1,1,1,222.606703967896,4,9.525,2.2,4.32954545454546,.144497152388127,1.67298521176106
81,17,3631,8,2,3,12,1,88,1,1,2,1,1,2,6,9,99,99,0,8,0,7,0,8,1,1,1,171.121608349969,2,9.525,2.2,4.32954545454546,.144497152388127,-.730982607907387
81,17,3662,8,1,2,4,1,88,3,1,2,1,1,2,8,1,4,7,0,6,0,6,0,5,1,1,1,159.378847967569,2,9.525,2.2,4.32954545454546,.144497152388127, 
81,17,3666,8,1,3,1,1,88,1,1,2,1,1,99,99,1,2,6,0,7,0,6,0,7,1,1,1,197.696847883919,3,9.525,2.2,4.32954545454546,.144497152388127,-.92292980994962
81,17,3668,8,1,3,5,1,88,1,1,2,1,1,7,99,2,6,5,0,7,0,7,0,5,1,1,1,159.378847967569,2,9.525,2.2,4.32954545454546,.144497152388127, 
81,17,3669,8,1,3,4,1,88,1,1,2,1,1,4,7,3,2,7,0,6,0,5,0,5,1,1,1,167.957790341578,2,9.525,2.2,4.32954545454546,.144497152388127,-.488186429926633
81,17,3670,8,1,3,7,1,88,1,1,2,1,1,4,7,1,7,7,0,8,0,6,0,6,1,1,1,181.650828368601,2,9.525,2.2,4.32954545454546,.144497152388127,-.384900412328819
81,17,3877,8,2,3,9,4,10,1,2,1,2,4,1,8,4,2,2,0,7,0,6,0,6,1,1,1,108.009965898631,1,9.525,2.2,4.32954545454546,.144497152388127, 
81,18,3605,8,2,3,6,1,88,1,1,2,1,1,2,6,1,3,6,0,6,0,7,0,5,1,1,1,203.852389044953,3,9.525,2.2,4.32954545454546,-.0499637046481532, 
81,18,3606,8,2,3,11,1,88,1,1,2,1,1,4,8,1,7,5,0,6,0,7,0,5,1,1,1,181.849967908796,2,9.525,2.2,4.32954545454546,-.0499637046481532, 
81,18,3610,8,1,3,7,1,88,1,3,2,2,4,2,8,4,2,8,0,6,0,6,0,6,1,1,1,199.499180495072,3,9.525,2.2,4.32954545454546,-.0499637046481532,-.920129149486334
81,18,3612,8,2,3,12,1,88,1,1,2,1,1,9,7,1,9,3,0,8,0,8,0,9,1,1,1,230.051515206365,4,9.525,2.2,4.32954545454546,-.0499637046481532,1.69996342384489
81,18,3613,8,2,3,11,1,88,1,1,2,1,1,4,4,1,4,5,0,8,0,8,0,9,1,1,1,239.166756736844,4,9.525,2.2,4.32954545454546,-.0499637046481532,.528810302887421
81,18,3614,8,2,3,5,1,88,1,1,2,1,1,2,6,1,2,2,0,7,0,8,0,8,1,1,1,199.391543944644,3,9.525,2.2,4.32954545454546,-.0499637046481532, 
81,18,3615,8,1,3,12,1,88,1,1,2,1,1,4,99,1,2,99,0,8,0,9,0,9,1,1,1,222.405814491397,4,9.525,2.2,4.32954545454546,-.0499637046481532,-.539871293898197
81,18,3616,8,2,3,7,1,88,1,1,2,1,1,2,6,1,2,6,0,8,0,7,0,7,1,1,1,224.736723184685,4,9.525,2.2,4.32954545454546,-.0499637046481532,-.92074453406579
81,18,3620,8,1,3,1,1,88,1,1,2,1,1,9,7,1,9,8,0,7,0,8,0,9,1,1,1,306.659772219477,5,9.525,2.2,4.32954545454546,-.0499637046481532,.352578886232095
81,18,3621,8,1,3,10,1,88,1,1,2,1,1,2,6,1,9,7,0,7,0,8,0,8,1,1,1,177.458445054569,2,9.525,2.2,4.32954545454546,-.0499637046481532, 
81,18,3624,8,1,3,8,1,88,1,1,2,1,1,4,8,1,4,6,0,7,0,9,0,8,1,1,1,212.807948766269,3,9.525,2.2,4.32954545454546,-.0499637046481532,-.173238202227931
81,18,3627,8,1,3,6,1,88,1,1,2,1,1,2,6,1,3,2,0,6,0,5,0,6,1,1,1,208.839444713797,3,9.525,2.2,4.32954545454546,-.0499637046481532,-.92292980994962
81,18,3629,8,2,3,5,1,88,1,1,2,1,1,2,8,1,4,99,0,7,0,7,0,7,1,1,1,203.069127843401,3,9.525,2.2,4.32954545454546,-.0499637046481532,-.539871293898197
81,18,3661,8,2,3,1,1,88,1,1,2,1,1,3,7,1,2,2,0,7,0,7,0,8,1,1,1,215.261800084824,4,9.525,2.2,4.32954545454546,-.0499637046481532,-1.11808288532404
81,18,3663,8,1,3,12,1,88,1,1,2,1,1,2,4,1,9,7,0,7,0,8,0,7,1,1,1,215.156173770726,4,9.525,2.2,4.32954545454546,-.0499637046481532,.331471951629174
81,18,3664,8,1,3,11,1,88,1,1,2,1,1,2,99,1,7,3,0,5,0,5,0,5,1,1,1,133.972325842708,1,9.525,2.2,4.32954545454546,-.0499637046481532, 
81,18,3665,8,1,2,4,1,88,3,1,2,2,1,2,8,1,4,7,0,6,0,6,0,6,1,1,1,159.378847967569,2,9.525,2.2,4.32954545454546,-.0499637046481532, 
81,18,3667,8,2,3,11,1,88,1,1,2,1,1,9,6,1,8,7,0,8,0,10,0,9,1,1,1,217.71879833412,4,9.525,2.2,4.32954545454546,-.0499637046481532,2.49264359331687
81,18,3876,8,1,2,7,3,10,3,2,2,2,3,9,99,3,9,99,0,6,0,8,0,7,1,1,1,163.034577644123,2,9.525,2.2,4.32954545454546,-.0499637046481532,-.920129149486334
85,19,90,8,2,2,7,9,99,3,9,9,9,9,99,99,9,99,99,99,99,99,99,99,99,9,1,1,133.972325842708,1,9.29268292682927,2.02439024390244,4.59036144578313,.223361625647939, 
85,19,92,8,2,2,7,9,99,3,9,9,9,9,99,99,9,99,99,99,99,99,99,99,99,9,1,1,186.223210868742,3,9.29268292682927,2.02439024390244,4.59036144578313,.223361625647939, 
85,19,3677,8,1,3,6,9,99,1,9,9,9,9,99,99,9,99,99,99,99,99,99,99,99,9,1,1,244.456302896734,5,9.29268292682927,2.02439024390244,4.59036144578313,.223361625647939, 
85,19,3678,8,1,3,7,9,99,1,9,9,9,9,99,99,9,99,99,99,99,99,99,99,99,9,1,1,181.849967908796,2,9.29268292682927,2.02439024390244,4.59036144578313,.223361625647939, 
85,19,3680,8,1,3,5,9,99,1,9,9,9,9,99,99,9,99,99,99,99,99,99,99,99,9,1,1,263.163059333128,5,9.29268292682927,2.02439024390244,4.59036144578313,.223361625647939,1.43462789234568
85,19,3681,8,2,3,7,9,99,1,9,9,9,9,99,99,9,99,99,99,99,99,99,99,99,9,1,1,240.633756872642,4,9.29268292682927,2.02439024390244,4.59036144578313,.223361625647939,-.65773852492856
85,19,3682,8,2,3,5,9,99,1,9,9,9,9,99,99,9,99,99,99,99,99,99,99,99,9,1,1,227.85501070611,4,9.29268292682927,2.02439024390244,4.59036144578313,.223361625647939,-.416034380208685
85,19,3683,8,1,3,4,9,99,1,9,9,9,9,99,99,9,99,99,99,99,99,99,99,99,9,1,1,245.262317881628,5,9.29268292682927,2.02439024390244,4.59036144578313,.223361625647939,-.0645396408070231
85,19,3684,8,1,3,5,9,99,1,9,9,9,9,99,99,9,99,99,99,99,99,99,99,99,9,1,1,217.819842812645,4,9.29268292682927,2.02439024390244,4.59036144578313,.223361625647939,.0376306585333934
85,19,3685,8,2,3,4,9,99,1,9,9,9,9,99,99,9,99,99,99,99,99,99,99,99,9,1,1,215.48914782235,4,9.29268292682927,2.02439024390244,4.59036144578313,.223361625647939,1.43462789234568
85,19,3686,8,1,3,6,9,99,1,9,9,9,9,99,99,9,99,99,99,99,99,99,99,99,9,1,1,240.551706237635,4,9.29268292682927,2.02439024390244,4.59036144578313,.223361625647939,-1.14953355386204
85,19,3690,8,2,3,12,9,99,1,9,9,9,9,99,99,9,99,99,99,99,99,99,99,99,9,1,1,244.456302896734,5,9.29268292682927,2.02439024390244,4.59036144578313,.223361625647939,2.01491165154359
85,19,3693,8,2,3,3,9,99,1,9,9,9,9,99,99,9,99,99,99,99,99,99,99,99,9,1,1,194.977645031822,3,9.29268292682927,2.02439024390244,4.59036144578313,.223361625647939,-.92074453406579
85,19,3695,8,1,3,9,9,99,1,9,9,9,9,99,99,9,99,99,99,99,99,99,99,99,9,1,1,172.367499295602,2,9.29268292682927,2.02439024390244,4.59036144578313,.223361625647939,.719921616896611
85,19,3698,8,1,3,10,9,99,1,9,9,9,9,99,99,9,99,99,99,99,99,99,99,99,9,1,1,208.379985496099,3,9.29268292682927,2.02439024390244,4.59036144578313,.223361625647939, 
85,19,3700,8,1,3,8,9,99,1,9,9,9,9,99,99,9,99,99,99,99,99,99,99,99,9,1,1,215.325339123759,4,9.29268292682927,2.02439024390244,4.59036144578313,.223361625647939,.856673655509744
85,19,3702,8,2,3,3,9,99,1,9,9,9,9,99,99,9,99,99,99,99,99,99,99,99,9,1,1,195.039872279547,3,9.29268292682927,2.02439024390244,4.59036144578313,.223361625647939,1.10676453972335
85,19,3703,8,2,3,7,9,99,1,9,9,9,9,99,99,9,99,99,99,99,99,99,99,99,9,1,1,228.578242484582,4,9.29268292682927,2.02439024390244,4.59036144578313,.223361625647939,-.7296332200566
85,19,3704,8,2,3,12,9,99,1,9,9,9,9,99,99,9,99,99,99,99,99,99,99,99,9,1,1,185.354812718047,2,9.29268292682927,2.02439024390244,4.59036144578313,.223361625647939,-.539871293898197
85,19,3705,8,1,3,4,9,99,1,9,9,9,9,99,99,9,99,99,99,99,99,99,99,99,9,1,1,164.011619115489,2,9.29268292682927,2.02439024390244,4.59036144578313,.223361625647939, 
85,19,3720,8,2,3,5,9,99,1,9,9,9,9,99,99,9,99,99,99,99,99,99,99,99,9,1,1,186.223210868742,3,9.29268292682927,2.02439024390244,4.59036144578313,.223361625647939, 
85,20,91,8,2,2,10,9,99,3,9,9,9,9,99,99,9,99,99,99,99,99,99,99,99,9,1,1,159.378847967569,2,9.29268292682927,2.02439024390244,4.59036144578313,.533827710702354, 
85,20,3632,8,1,3,4,9,99,1,9,9,9,9,99,99,9,99,99,99,99,99,99,99,99,9,1,1,159.378847967569,2,9.29268292682927,2.02439024390244,4.59036144578313,.533827710702354, 
85,20,3671,8,2,3,9,9,99,1,9,9,9,9,99,99,9,99,99,99,99,99,99,99,99,9,1,1,245.262317881628,5,9.29268292682927,2.02439024390244,4.59036144578313,.533827710702354,1.04308875636366
85,20,3672,8,1,3,10,9,99,1,9,9,9,9,99,99,9,99,99,99,99,99,99,99,99,9,1,1,223.032697784688,4,9.29268292682927,2.02439024390244,4.59036144578313,.533827710702354,1.74957612004438
85,20,3673,8,2,3,3,9,99,1,9,9,9,9,99,99,9,99,99,99,99,99,99,99,99,9,1,1,233.241010383997,4,9.29268292682927,2.02439024390244,4.59036144578313,.533827710702354,1.58564444373322
85,20,3674,8,2,3,2,9,99,1,9,9,9,9,99,99,9,99,99,99,99,99,99,99,99,9,1,1,212.631247293932,3,9.29268292682927,2.02439024390244,4.59036144578313,.533827710702354,1.92642292127916
85,20,3675,8,2,3,2,9,99,1,9,9,9,9,99,99,9,99,99,99,99,99,99,99,99,9,1,1,235.297042700082,4,9.29268292682927,2.02439024390244,4.59036144578313,.533827710702354,-.569249794664128
85,20,3676,8,1,3,12,9,99,1,9,9,9,9,99,99,9,99,99,99,99,99,99,99,99,9,1,1,205.380081543092,3,9.29268292682927,2.02439024390244,4.59036144578313,.533827710702354,-.101086152509983
85,20,3679,8,2,3,11,9,99,1,9,9,9,9,99,99,9,99,99,99,99,99,99,99,99,9,1,1,186.223210868742,3,9.29268292682927,2.02439024390244,4.59036144578313,.533827710702354, 
85,20,3687,8,2,3,12,9,99,1,9,9,9,9,99,99,9,99,99,99,99,99,99,99,99,9,1,1,238.522154952741,4,9.29268292682927,2.02439024390244,4.59036144578313,.533827710702354, 
85,20,3688,8,2,3,1,9,99,1,9,9,9,9,99,99,9,99,99,99,99,99,99,99,99,9,1,1,186.194707339138,3,9.29268292682927,2.02439024390244,4.59036144578313,.533827710702354,-.329875172306237
85,20,3689,8,2,3,2,9,99,1,9,9,9,9,99,99,9,99,99,99,99,99,99,99,99,9,1,1,225.970337627724,4,9.29268292682927,2.02439024390244,4.59036144578313,.533827710702354,1.03352045674453
85,20,3691,8,1,3,6,9,99,1,9,9,9,9,99,99,9,99,99,99,99,99,99,99,99,9,1,1,258.782824403423,5,9.29268292682927,2.02439024390244,4.59036144578313,.533827710702354,.804731436948272
85,20,3692,8,1,3,11,9,99,1,9,9,9,9,99,99,9,99,99,99,99,99,99,99,99,9,1,1,208.379985496099,3,9.29268292682927,2.02439024390244,4.59036144578313,.533827710702354, 
85,20,3694,8,2,3,1,9,99,1,9,9,9,9,99,99,9,99,99,99,99,99,99,99,99,9,1,1,270.926453352386,5,9.29268292682927,2.02439024390244,4.59036144578313,.533827710702354,.214477459768176
85,20,3696,8,2,3,4,9,99,1,9,9,9,9,99,99,9,99,99,99,99,99,99,99,99,9,1,1,252.712238433168,5,9.29268292682927,2.02439024390244,4.59036144578313,.533827710702354,1.43462789234568
85,20,3697,8,2,3,11,9,99,1,9,9,9,9,99,99,9,99,99,99,99,99,99,99,99,9,1,1,168.556417885604,2,9.29268292682927,2.02439024390244,4.59036144578313,.533827710702354, 
85,20,3699,8,1,3,6,9,99,1,9,9,9,9,99,99,9,99,99,99,99,99,99,99,99,9,1,1,196.340823620549,3,9.29268292682927,2.02439024390244,4.59036144578313,.533827710702354,-.539871293898197
85,20,3701,8,1,3,2,9,99,1,9,9,9,9,99,99,9,99,99,99,99,99,99,99,99,9,1,1,262.549859094319,5,9.29268292682927,2.02439024390244,4.59036144578313,.533827710702354,-.920129149486334
85,20,3878,8,1,3,3,9,99,1,9,9,9,9,99,99,9,99,99,99,99,99,99,99,99,9,1,1,173.032778292153,2,9.29268292682927,2.02439024390244,4.59036144578313,.533827710702354, 
1029,115,2146,8,1,3,7,1,88,1,1,2,1,1,99,7,1,4,2,9,9,9,9,10,10,5,11,3,265.719388801059,5,72.5797872340425,3.78723404255319,19.1643258426966,-.106776655006463,1.53957999845242
1029,115,2147,8,1,3,10,4,99,1,9,2,1,9,99,99,3,4,8,8,8,7,7,8,8,5,11,3,217.72987054248,4,72.5797872340425,3.78723404255319,19.1643258426966,-.106776655006463, 
1029,115,2187,8,1,3,6,1,88,1,1,2,2,1,99,99,1,99,99,6,6,5,5,5,5,5,11,3,144.267263800405,1,72.5797872340425,3.78723404255319,19.1643258426966,-.106776655006463,-.29023269408893
1029,115,2188,8,1,3,6,1,88,1,1,2,2,1,99,99,1,99,99,6,6,5,5,5,5,5,11,3,175.643834811389,2,72.5797872340425,3.78723404255319,19.1643258426966,-.106776655006463,-.730982607907387
1029,115,2189,8,1,3,9,1,88,1,1,1,1,1,2,4,1,9,7,5,5,5,5,6,6,5,11,3,153.354743876795,1,72.5797872340425,3.78723404255319,19.1643258426966,-.106776655006463,-.920129149486334
1029,115,2190,8,1,3,3,1,88,1,1,2,2,1,2,6,1,2,8,5,5,6,6,7,7,5,11,3,208.379985496099,3,72.5797872340425,3.78723404255319,19.1643258426966,-.106776655006463, 
1029,115,2191,8,2,3,9,1,88,1,1,2,2,1,99,99,1,99,99,6,6,5,5,6,6,5,11,3,173.032778292153,2,72.5797872340425,3.78723404255319,19.1643258426966,-.106776655006463, 
1029,115,2240,8,2,3,5,1,88,1,1,2,1,1,3,8,1,3,2,5,5,5,5,7,7,5,11,3,173.032778292153,2,72.5797872340425,3.78723404255319,19.1643258426966,-.106776655006463, 
1029,115,2243,8,2,3,12,1,88,1,1,2,1,1,4,8,3,9,7,6,6,6,6,7,7,5,11,3,217.72987054248,4,72.5797872340425,3.78723404255319,19.1643258426966,-.106776655006463,1.37564832214126
1029,115,2245,8,2,3,11,1,88,1,1,2,1,1,2,8,1,3,1,8,8,6,6,9,9,5,11,3,203.852389044953,3,72.5797872340425,3.78723404255319,19.1643258426966,-.106776655006463, 
1029,115,2246,8,2,3,8,1,88,1,1,2,1,1,4,7,1,4,7,9,9,9,9,9,9,5,11,3,254.300701306042,5,72.5797872340425,3.78723404255319,19.1643258426966,-.106776655006463,-.329875172306237
1029,115,2248,8,2,3,2,1,88,1,1,2,1,1,4,6,1,4,7,8,8,8,8,9,9,5,11,3,210.773802069256,3,72.5797872340425,3.78723404255319,19.1643258426966,-.106776655006463,.929917738488571
1029,115,2249,8,2,3,7,1,88,1,1,1,1,9,99,99,1,2,8,6,6,6,6,7,7,5,11,3,173.997587355537,2,72.5797872340425,3.78723404255319,19.1643258426966,-.106776655006463,-.539871293898197
1029,115,2258,8,2,3,8,1,88,1,1,1,1,9,99,99,1,4,8,8,8,7,7,9,9,5,11,3,197.554199645746,3,72.5797872340425,3.78723404255319,19.1643258426966,-.106776655006463,-.730982607907387
1029,115,2259,8,1,3,7,1,88,1,1,1,1,1,2,8,2,4,1,7,7,8,8,9,9,5,11,3,203.600791430613,3,72.5797872340425,3.78723404255319,19.1643258426966,-.106776655006463,-.539871293898197
1029,115,2260,8,2,3,6,1,88,1,1,1,1,1,2,6,1,3,6,8,8,8,8,8,8,5,11,3,206.49960639662,3,72.5797872340425,3.78723404255319,19.1643258426966,-.106776655006463,.893220167212704
1029,115,2261,8,1,3,2,1,88,1,1,1,1,1,99,7,1,99,7,6,6,6,6,6,6,5,11,3,159.370812299182,2,72.5797872340425,3.78723404255319,19.1643258426966,-.106776655006463,-1.93774126687984
1029,115,2264,8,1,3,10,1,88,1,1,1,1,1,3,8,1,4,7,5,5,6,6,6,6,5,11,3,139.467041250859,1,72.5797872340425,3.78723404255319,19.1643258426966,-.106776655006463, 
1029,115,2265,8,1,3,10,1,88,1,1,1,1,1,3,8,1,4,7,5,5,6,6,6,6,5,11,3,144.71361001538,1,72.5797872340425,3.78723404255319,19.1643258426966,-.106776655006463, 
1029,115,2267,8,1,3,10,1,88,1,1,1,1,1,2,6,3,4,2,6,6,7,7,6,6,5,11,3,203.852389044953,3,72.5797872340425,3.78723404255319,19.1643258426966,-.106776655006463, 
1029,115,2270,8,1,3,11,1,88,1,1,2,1,1,2,9,1,2,2,6,6,5,5,8,8,5,11,3,190.593814797016,3,72.5797872340425,3.78723404255319,19.1643258426966,-.106776655006463, 
1029,116,2185,8,1,3,3,1,88,1,1,2,2,1,99,99,1,99,99,6,6,5,5,6,6,1,11,3,199.624862841315,3,72.5797872340425,3.78723404255319,19.1643258426966,.0256955449891492,-.730982607907387
1029,116,2186,8,2,3,9,1,88,1,1,2,2,1,4,5,1,99,99,6,6,6,6,8,8,1,11,3,210.961577231955,3,72.5797872340425,3.78723404255319,19.1643258426966,.0256955449891492,.403624001347123
1029,116,2192,8,2,3,3,1,88,1,1,2,2,1,2,8,1,4,2,9,9,8,8,7,7,1,11,3,206.49960639662,3,72.5797872340425,3.78723404255319,19.1643258426966,.0256955449891492,-.101086152509983
1029,116,2193,8,1,3,6,1,88,1,1,2,2,1,2,6,1,4,2,7,7,7,7,8,8,1,11,3,258.782824403423,5,72.5797872340425,3.78723404255319,19.1643258426966,.0256955449891492,.929917738488571
1029,116,2194,8,1,3,11,1,88,1,1,2,2,1,99,99,1,99,99,5,5,5,5,6,6,1,11,3,181.849967908796,2,72.5797872340425,3.78723404255319,19.1643258426966,.0256955449891492, 
1029,116,2195,8,1,3,5,1,88,1,1,2,2,1,99,99,1,99,99,6,6,7,7,7,7,1,11,3,163.034577644123,2,72.5797872340425,3.78723404255319,19.1643258426966,.0256955449891492,-1.10989107564474
1029,116,2241,8,1,3,2,1,88,1,1,1,1,1,4,8,1,2,1,5,5,5,5,6,6,1,11,3,164.011619115489,2,72.5797872340425,3.78723404255319,19.1643258426966,.0256955449891492, 
1029,116,2242,8,1,3,4,1,88,1,1,2,1,1,4,7,1,4,2,7,7,7,7,8,8,1,11,3,194.977645031822,3,72.5797872340425,3.78723404255319,19.1643258426966,.0256955449891492,-1.11808288532404
1029,116,2244,8,1,3,9,1,88,1,1,2,1,1,2,6,1,4,5,6,6,6,6,6,6,1,11,3,185.60899367712,3,72.5797872340425,3.78723404255319,19.1643258426966,.0256955449891492,1.69996342384489
1029,116,2247,8,1,3,1,1,88,1,1,2,1,1,2,8,1,2,8,6,6,5,5,7,7,1,11,3,207.890736844594,3,72.5797872340425,3.78723404255319,19.1643258426966,.0256955449891492,-.416034380208685
1029,116,2250,8,1,3,3,1,88,1,1,1,1,1,3,6,1,3,8,5,5,5,5,6,6,1,11,3,186.223210868742,3,72.5797872340425,3.78723404255319,19.1643258426966,.0256955449891492, 
1029,116,2251,8,1,3,12,1,88,1,3,2,1,4,9,1,4,2,2,5,5,5,5,6,6,1,11,3,153.408743320895,1,72.5797872340425,3.78723404255319,19.1643258426966,.0256955449891492,-.554135806672604
1029,116,2252,8,2,3,5,1,88,1,1,2,1,1,4,4,1,4,4,9,9,7,7,9,9,1,11,3,210.961577231955,3,72.5797872340425,3.78723404255319,19.1643258426966,.0256955449891492,.929917738488571
1029,116,2253,8,2,3,1,1,88,1,1,2,1,1,2,8,1,2,8,9,9,9,9,9,9,1,11,3,281.297749278074,5,72.5797872340425,3.78723404255319,19.1643258426966,.0256955449891492,-1.359529675454
1029,116,2254,8,2,3,8,1,88,1,1,1,1,1,4,6,1,4,5,6,6,6,6,7,7,1,11,3,212.377384947866,3,72.5797872340425,3.78723404255319,19.1643258426966,.0256955449891492,.404973389197909
1029,116,2255,8,2,3,12,1,88,1,1,2,1,1,3,8,3,4,1,6,6,5,5,7,7,1,11,3,220.02095391995,4,72.5797872340425,3.78723404255319,19.1643258426966,.0256955449891492,-.173238202227931
1029,116,2256,8,2,3,2,1,88,1,9,1,1,2,3,7,9,99,99,8,8,8,8,9,9,1,11,3,253.017765285184,5,72.5797872340425,3.78723404255319,19.1643258426966,.0256955449891492,1.05715184352387
1029,116,2257,8,2,3,7,1,88,1,1,2,1,1,9,7,1,9,7,10,10,9,9,10,10,1,11,3,265.719388801059,5,72.5797872340425,3.78723404255319,19.1643258426966,.0256955449891492,-.239187578973902
1029,116,2262,8,1,3,5,1,88,1,1,2,1,1,99,5,1,4,6,7,7,6,6,6,6,1,11,3,204.020245222792,3,72.5797872340425,3.78723404255319,19.1643258426966,.0256955449891492,.594735315356313
1029,116,2263,8,1,3,12,1,88,1,1,1,1,1,2,6,1,9,5,5,5,5,5,6,6,1,11,3,163.34372951557,2,72.5797872340425,3.78723404255319,19.1643258426966,.0256955449891492,.614969510789869
1029,116,2266,8,2,3,4,1,88,1,1,2,1,1,2,7,1,4,8,7,7,7,7,9,9,1,11,3,208.325994839857,3,72.5797872340425,3.78723404255319,19.1643258426966,.0256955449891492,.719921616896611
1029,116,2268,8,1,3,9,1,88,1,1,1,1,1,9,5,1,9,5,6,6,6,6,6,6,1,11,3,174.496225023074,2,72.5797872340425,3.78723404255319,19.1643258426966,.0256955449891492,-.414684992357898
1029,116,2269,8,1,3,9,1,88,1,1,1,1,1,4,8,1,4,6,7,7,7,7,7,7,1,11,3,228.578242484582,4,72.5797872340425,3.78723404255319,19.1643258426966,.0256955449891492,.0900251614992073
1029,116,2271,8,1,3,8,1,88,1,1,2,1,1,2,8,1,4,7,7,7,6,6,7,7,1,11,3,210.013605719334,3,72.5797872340425,3.78723404255319,19.1643258426966,.0256955449891492,-.224923066199495
1029,116,2272,8,1,3,1,1,88,1,1,1,1,1,4,8,1,4,8,8,8,8,8,8,8,1,11,3,235.170474129191,4,72.5797872340425,3.78723404255319,19.1643258426966,.0256955449891492,-.101086152509983
1029,116,2273,8,1,3,11,1,88,1,1,1,1,1,2,8,1,7,7,8,8,7,7,9,9,1,11,3,247.214771332034,5,72.5797872340425,3.78723404255319,19.1643258426966,.0256955449891492,-.311339628691851
1028,113,63,8,2,2,6,1,88,3,3,1,1,3,2,8,3,2,8,5,5,5,5,4,4,1,11,3,139.467041250859,1,71.0677083333333,2.64583333333333,26.8602362204724,-.414834226087, 
1028,113,64,8,1,2,10,1,88,3,3,2,1,4,2,8,4,2,2,4,4,5,5,5,5,1,11,3,107.393977114561,1,71.0677083333333,2.64583333333333,26.8602362204724,-.414834226087,.62788463571349
1028,113,2200,8,2,3,5,1,88,1,1,2,1,1,4,8,1,4,8,5,5,7,7,7,7,1,11,3,208.325994839857,3,71.0677083333333,2.64583333333333,26.8602362204724,-.414834226087,-.101086152509983
1028,113,2218,8,1,3,1,1,88,1,1,2,1,1,4,8,4,4,2,4,4,9,9,7,7,1,11,3,181.006426826421,2,71.0677083333333,2.64583333333333,26.8602362204724,-.414834226087,-1.79047164401728
1028,113,2219,8,2,3,5,1,88,1,1,1,1,1,5,6,2,5,6,5,5,5,5,5,5,1,11,3,190.567628810498,3,71.0677083333333,2.64583333333333,26.8602362204724,-.414834226087,-.173238202227931
1028,113,2220,8,2,3,6,1,88,1,1,1,1,1,4,8,1,4,7,5,5,6,6,6,6,1,11,3,196.340823620549,3,71.0677083333333,2.64583333333333,26.8602362204724,-.414834226087,-.92074453406579
1028,113,2221,8,2,3,10,1,88,1,1,2,1,1,4,6,1,4,6,7,7,6,6,7,7,1,11,3,212.997910158155,3,71.0677083333333,2.64583333333333,26.8602362204724,-.414834226087,-.101086152509983
1028,113,2222,8,2,3,11,1,88,1,3,2,1,3,4,6,3,4,2,5,5,7,7,8,8,1,11,3,197.696847883919,3,71.0677083333333,2.64583333333333,26.8602362204724,-.414834226087,-.488186429926633
1028,113,2223,8,1,3,12,1,88,1,3,1,1,4,4,4,4,4,8,7,7,9,9,7,7,1,11,3,229.792059618547,4,71.0677083333333,2.64583333333333,26.8602362204724,-.414834226087,-1.65760844804725
1028,113,2224,8,2,3,4,1,88,1,1,1,1,1,3,6,1,7,2,6,6,6,6,5,5,1,11,3,203.423890304769,3,71.0677083333333,2.64583333333333,26.8602362204724,-.414834226087,-.101086152509983
1028,113,2226,8,2,3,4,1,88,1,1,2,1,1,4,7,1,2,2,6,6,7,7,6,6,1,11,3,177.458445054569,2,71.0677083333333,2.64583333333333,26.8602362204724,-.414834226087, 
1028,113,2231,8,1,3,8,1,88,1,1,1,1,4,2,1,1,2,8,5,5,7,7,9,9,1,11,3,197.956724085216,3,71.0677083333333,2.64583333333333,26.8602362204724,-.414834226087,-.7296332200566
1028,113,2232,8,1,3,11,1,88,1,1,2,1,1,4,7,1,2,6,6,6,7,7,7,7,1,11,3,218.519408574698,4,71.0677083333333,2.64583333333333,26.8602362204724,-.414834226087,-1.93365565704576
1028,113,2233,8,1,3,4,1,88,1,1,1,1,1,4,8,1,4,7,5,5,6,6,6,6,1,11,3,244.456302896734,5,71.0677083333333,2.64583333333333,26.8602362204724,-.414834226087, 
1028,113,2234,8,1,3,5,1,88,1,1,2,1,1,7,5,1,4,7,5,5,6,6,5,5,1,11,3,224.701097388842,4,71.0677083333333,2.64583333333333,26.8602362204724,-.414834226087,.352578886232095
1028,113,2235,8,1,3,6,1,88,1,1,2,1,1,3,6,1,4,2,5,5,5,5,5,5,1,11,3,168.556417885604,2,71.0677083333333,2.64583333333333,26.8602362204724,-.414834226087, 
1028,113,2236,8,2,3,2,1,88,1,1,2,1,2,2,6,1,4,6,6,6,6,6,6,6,1,11,3,210.293848278452,3,71.0677083333333,2.64583333333333,26.8602362204724,-.414834226087,.0900251614992073
1028,113,2237,8,1,3,12,1,88,1,1,1,1,1,4,6,1,4,7,5,5,6,6,5,5,1,11,3,203.852389044953,3,71.0677083333333,2.64583333333333,26.8602362204724,-.414834226087,.0900251614992073
1028,113,2238,8,2,3,5,1,88,1,1,2,1,1,2,8,1,4,7,6,6,9,9,8,8,1,11,3,253.787394348859,5,71.0677083333333,2.64583333333333,26.8602362204724,-.414834226087,.300021283091167
1028,113,2239,8,2,3,12,1,88,1,9,2,1,9,99,99,3,2,4,9,9,9,9,10,10,1,11,3,256.252069473569,5,71.0677083333333,2.64583333333333,26.8602362204724,-.414834226087,-.101086152509983
1028,113,3806,8,2,1,12,4,99,3,2,9,9,4,99,99,4,99,99,5,5,6,6,7,7,1,11,3,139.467041250859,1,71.0677083333333,2.64583333333333,26.8602362204724,-.414834226087, 
1028,114,2196,8,2,3,8,1,88,1,1,1,1,1,4,4,1,4,99,6,6,6,6,7,7,1,11,3,204.189105685062,3,71.0677083333333,2.64583333333333,26.8602362204724,-.509031265309146,-.114001277433604
1028,114,2197,8,1,3,4,1,88,1,1,2,1,1,4,7,1,9,7,8,9,9,9,9,9,1,11,3,262.051349493033,5,71.0677083333333,2.64583333333333,26.8602362204724,-.509031265309146,-.329875172306237
1028,114,2198,8,1,3,5,1,88,1,1,2,1,1,7,7,1,9,7,8,8,8,8,7,7,1,11,3,207.842779127088,3,71.0677083333333,2.64583333333333,26.8602362204724,-.509031265309146,-.416034380208685
1028,114,2199,8,1,3,2,1,88,1,1,1,1,1,2,8,1,7,5,8,8,6,6,7,7,1,11,3,176.929671662058,2,71.0677083333333,2.64583333333333,26.8602362204724,-.509031265309146,.434757969226989
1028,114,2201,8,2,3,1,1,88,1,1,2,1,1,3,8,1,4,2,8,8,6,6,8,8,1,11,3,239.166756736844,4,71.0677083333333,2.64583333333333,26.8602362204724,-.509031265309146,-.730982607907387
1028,114,2202,8,1,3,5,1,88,1,1,2,1,1,4,8,1,4,7,7,7,7,7,6,6,1,11,3,194.131377576185,3,71.0677083333333,2.64583333333333,26.8602362204724,-.509031265309146,-.605180921787631
1028,114,2203,8,1,3,11,1,88,1,1,1,1,1,4,8,1,5,7,7,7,7,7,8,8,1,11,3,194.849426856076,3,71.0677083333333,2.64583333333333,26.8602362204724,-.509031265309146,-.116186553317433
1028,114,2204,8,1,3,9,1,88,1,1,1,1,1,4,6,1,4,7,7,7,7,7,7,7,1,11,3,171.836748790222,2,71.0677083333333,2.64583333333333,26.8602362204724,-.509031265309146,-.803134657625335
1028,114,2205,8,1,2,10,1,88,3,3,1,1,3,4,4,3,4,8,7,7,9,9,7,7,1,11,3,181.730551156553,2,71.0677083333333,2.64583333333333,26.8602362204724,-.509031265309146,-1.88068961796935
1028,114,2206,8,2,3,5,1,88,1,1,2,1,1,2,8,1,4,8,7,7,6,6,6,6,1,11,3,217.72987054248,4,71.0677083333333,2.64583333333333,26.8602362204724,-.509031265309146,-1.11808288532404
1028,114,2207,8,2,3,5,1,88,1,1,2,1,1,2,8,1,4,8,7,7,5,5,6,6,1,11,3,197.554199645746,3,71.0677083333333,2.64583333333333,26.8602362204724,-.509031265309146,-.920129149486334
1028,114,2208,8,2,3,3,1,88,1,1,1,1,1,5,8,4,2,1,6,6,5,5,9,9,1,11,3,208.379985496099,3,71.0677083333333,2.64583333333333,26.8602362204724,-.509031265309146, 
1028,114,2209,8,1,3,2,1,88,1,1,1,1,1,2,6,3,3,99,6,6,5,5,4,4,1,11,3,176.811647048498,2,71.0677083333333,2.64583333333333,26.8602362204724,-.509031265309146,1.2117166458301
1028,114,2210,8,1,3,7,1,88,1,1,2,1,1,2,8,1,4,7,7,7,6,6,6,6,1,11,3,189.397180287251,3,71.0677083333333,2.64583333333333,26.8602362204724,-.509031265309146,-.730982607907387
1028,114,2211,8,2,3,5,1,88,1,1,2,1,1,4,6,1,4,1,7,7,7,7,6,6,1,11,3,203.246705123247,3,71.0677083333333,2.64583333333333,26.8602362204724,-.509031265309146,.41788851412153
1028,114,2212,8,1,3,3,1,88,1,1,1,1,1,2,6,1,4,6,7,7,6,6,7,7,1,11,3,224.736723184685,4,71.0677083333333,2.64583333333333,26.8602362204724,-.509031265309146,-2.23158255997563
1028,114,2213,8,1,3,7,1,88,1,1,2,1,1,2,7,1,2,7,5,5,5,5,5,5,1,11,3,144.713610015379,1,71.0677083333333,2.64583333333333,26.8602362204724,-.509031265309146, 
1028,114,2214,8,1,4,1,1,88,1,1,1,1,1,4,4,1,9,7,6,6,6,6,6,6,1,11,3,206.49960639662,3,71.0677083333333,2.64583333333333,26.8602362204724,-.509031265309146,-.29023269408893
1028,114,2215,8,1,3,8,1,88,1,1,2,1,1,4,6,1,4,8,6,6,5,5,5,5,1,11,3,208.05360215879,3,71.0677083333333,2.64583333333333,26.8602362204724,-.509031265309146,-1.23569276176449
1028,114,2216,8,1,3,10,1,88,1,1,2,1,1,4,6,1,4,7,7,7,6,6,5,5,1,11,3,222.606703967896,4,71.0677083333333,2.64583333333333,26.8602362204724,-.509031265309146,.318556826705553
1028,114,2217,8,1,3,1,1,88,1,1,1,1,1,2,8,1,2,2,6,6,5,5,5,5,1,11,3,163.469151865825,2,71.0677083333333,2.64583333333333,26.8602362204724,-.509031265309146,-1.42483930334344
1028,114,2225,8,2,2,3,1,88,3,3,9,9,4,1,8,4,1,1,6,6,7,7,6,6,1,11,3,137.484663763196,1,71.0677083333333,2.64583333333333,26.8602362204724,-.509031265309146,-1.56294072980736
1028,114,2227,8,1,3,4,1,88,1,1,1,1,1,4,7,2,7,7,7,7,7,7,10,10,1,11,3,224.897275345054,4,71.0677083333333,2.64583333333333,26.8602362204724,-.509031265309146,-.416034380208685
1028,114,2228,8,1,3,9,1,88,1,1,1,1,1,4,6,1,99,5,7,7,6,6,6,6,1,11,3,190.567628810498,3,71.0677083333333,2.64583333333333,26.8602362204724,-.509031265309146,1.22463177075372
1028,114,2229,8,1,3,9,1,88,1,3,1,1,4,4,8,4,7,2,5,5,5,5,5,5,1,11,3,157.77549772491,2,71.0677083333333,2.64583333333333,26.8602362204724,-.509031265309146,-1.04593083560609
1028,114,2230,8,1,3,6,1,88,1,1,2,1,1,4,4,2,7,7,8,8,8,8,8,8,1,11,3,190.872126369693,3,71.0677083333333,2.64583333333333,26.8602362204724,-.509031265309146,.528810302887421
1028,114,3727,8,1,2,12,3,4,3,9,1,1,9,4,99,3,4,2,7,7,8,8,9,9,1,11,3,198.739982470452,3,71.0677083333333,2.64583333333333,26.8602362204724,-.509031265309146,-.889610566185924
1041,143,412,8,1,3,9,1,88,1,1,9,1,1,4,6,1,99,7,6,6,7,7,6,6,4,15,4,162.744312572589,2,195.309523809524,2.45238095238095,79.6407766990291,.213895540257037,-.224923066199495
1041,143,2729,8,1,3,12,1,88,1,1,1,1,1,4,6,1,4,6,7,7,7,7,6,6,4,15,4,163.278558104652,2,195.309523809524,2.45238095238095,79.6407766990291,.213895540257037,-.416034380208685
1041,143,2730,8,1,3,8,1,88,1,1,1,1,1,5,5,1,3,5,8,8,9,9,9,9,4,15,4,212.997910158155,3,195.309523809524,2.45238095238095,79.6407766990291,.213895540257037,-.920129149486334
1041,143,2731,8,2,3,5,1,88,1,1,2,1,1,4,4,1,4,4,8,8,8,9,8,8,4,15,4,239.216603753825,4,195.309523809524,2.45238095238095,79.6407766990291,.213895540257037,.0900251614992073
1041,143,2732,8,1,3,2,1,88,1,1,1,1,1,2,1,1,4,1,6,6,6,6,6,6,4,15,4,139.467041250859,1,195.309523809524,2.45238095238095,79.6407766990291,.213895540257037, 
1041,143,2734,8,1,3,6,1,88,1,1,2,1,3,4,8,1,2,8,6,6,7,7,6,6,4,15,4,167.909788395816,2,195.309523809524,2.45238095238095,79.6407766990291,.213895540257037,-.730982607907387
1041,143,2735,8,1,3,3,1,88,1,1,2,1,1,4,5,1,4,5,6,6,6,6,6,6,4,15,4,166.247244242638,2,195.309523809524,2.45238095238095,79.6407766990291,.213895540257037,1.33616894409906
1041,143,2736,8,2,3,5,1,88,1,1,2,1,1,4,6,1,4,6,7,7,8,8,7,7,4,15,4,215.48914782235,4,195.309523809524,2.45238095238095,79.6407766990291,.213895540257037,-.101086152509983
1041,143,2737,8,2,3,3,1,88,1,1,2,1,1,99,5,1,99,5,8,8,6,6,8,8,4,15,4,203.766688723793,3,195.309523809524,2.45238095238095,79.6407766990291,.213895540257037,1.22463177075372
1041,143,2738,8,1,3,3,1,88,1,1,2,1,1,99,5,1,99,5,7,7,7,7,7,7,4,15,4,220.467620281425,4,195.309523809524,2.45238095238095,79.6407766990291,.213895540257037,1.4014785719885
1041,143,2740,8,1,3,11,1,88,1,1,1,1,1,99,3,1,99,3,7,7,6,6,7,7,4,15,4,157.293851873996,2,195.309523809524,2.45238095238095,79.6407766990291,.213895540257037,1.53603174753373
1041,143,2742,8,2,3,7,1,88,1,1,2,1,1,2,8,1,4,8,7,7,9,9,8,8,4,15,4,215.156173770726,4,195.309523809524,2.45238095238095,79.6407766990291,.213895540257037,-1.11808288532404
1041,143,2744,8,1,3,2,1,88,1,1,2,1,1,4,8,1,2,8,6,6,7,7,7,7,4,15,4,190.593814797016,3,195.309523809524,2.45238095238095,79.6407766990291,.213895540257037,-.920129149486334
1041,143,2745,8,2,3,12,1,88,1,1,2,1,3,99,5,1,5,5,8,8,8,8,7,7,4,15,4,207.890736844594,3,195.309523809524,2.45238095238095,79.6407766990291,.213895540257037,1.86389510015605
1041,143,2750,8,1,3,10,1,88,1,1,2,1,1,3,4,1,4,4,7,7,9,9,7,7,4,15,4,228.965826975384,4,195.309523809524,2.45238095238095,79.6407766990291,.213895540257037,-.920129149486334
1041,143,2751,8,2,3,10,1,88,1,1,2,1,1,3,4,1,4,4,7,7,6,6,7,7,4,15,4,230.051515206365,4,195.309523809524,2.45238095238095,79.6407766990291,.213895540257037,-.730982607907387
1041,143,2754,8,2,3,10,1,88,1,1,2,1,1,4,5,1,4,5,8,8,7,7,8,8,4,15,4,184.659671305641,2,195.309523809524,2.45238095238095,79.6407766990291,.213895540257037,.541725427811042
1041,143,2760,8,2,3,8,1,88,1,1,1,1,1,99,5,1,5,5,8,8,8,8,8,8,4,15,4,199.499180495072,3,195.309523809524,2.45238095238095,79.6407766990291,.213895540257037,1.22463177075372
1041,143,2762,8,2,3,6,1,88,1,1,2,1,1,4,5,1,5,5,8,8,7,7,8,8,4,15,4,247.347448737358,5,195.309523809524,2.45238095238095,79.6407766990291,.213895540257037,-.329875172306237
1041,143,3803,8,1,1,8,2,99,3,9,2,2,9,99,99,2,99,99,6,6,6,6,6,6,4,15,4,154.63605073351,1,195.309523809524,2.45238095238095,79.6407766990291,.213895540257037, 
1041,143,3874,8,2,3,4,3,99,1,1,9,9,1,99,99,3,99,99,7,7,6,6,6,6,4,15,4,181.593741125249,2,195.309523809524,2.45238095238095,79.6407766990291,.213895540257037,1.25778109111089
1041,144,2727,8,2,4,4,1,88,1,1,2,1,1,99,7,3,3,2,8,8,8,8,8,8,4,15,4,235.297042700082,4,195.309523809524,2.45238095238095,79.6407766990291,-.0989680493004434,1.43462789234568
1041,144,2728,8,1,3,8,1,88,1,1,2,1,1,2,7,1,4,7,8,8,7,7,8,8,4,15,4,217.72987054248,4,195.309523809524,2.45238095238095,79.6407766990291,-.0989680493004434, 
1041,144,2733,8,1,3,11,1,88,1,1,2,1,1,2,8,1,4,8,8,8,9,9,9,9,4,15,4,234.562126743377,4,195.309523809524,2.45238095238095,79.6407766990291,-.0989680493004434,-.730982607907387
1041,144,2739,8,2,2,12,1,88,3,3,1,1,3,99,99,3,99,99,6,6,5,5,6,6,4,15,4,177.267067596363,2,195.309523809524,2.45238095238095,79.6407766990291,-.0989680493004434,-1.11269173610802
1041,144,2741,8,1,3,1,1,88,1,1,2,1,1,2,8,1,4,8,7,7,7,7,9,9,4,15,4,206.49960639662,3,195.309523809524,2.45238095238095,79.6407766990291,-.0989680493004434,-.920129149486334
1041,144,2743,8,1,3,4,1,88,1,1,9,9,3,2,8,1,2,8,6,6,6,6,6,6,4,15,4,179.138083787906,2,195.309523809524,2.45238095238095,79.6407766990291,-.0989680493004434,.0900251614992073
1041,144,2746,8,2,3,6,1,88,1,1,2,1,1,4,8,2,2,8,7,7,6,6,7,7,4,15,4,203.054715821584,3,195.309523809524,2.45238095238095,79.6407766990291,-.0989680493004434,-.65773852492856
1041,144,2747,8,2,3,6,1,88,1,1,2,1,1,4,8,3,2,8,7,7,6,6,7,7,4,15,4,167.957790341578,2,195.309523809524,2.45238095238095,79.6407766990291,-.0989680493004434,-1.11808288532404
1041,144,2748,8,2,3,11,1,88,1,1,2,9,1,2,8,1,4,8,8,8,7,7,6,6,4,15,4,154.866933689254,1,195.309523809524,2.45238095238095,79.6407766990291,-.0989680493004434,-.539871293898197
1041,144,2749,8,2,4,2,1,88,1,1,2,1,1,3,5,1,4,5,7,7,6,6,7,7,4,15,4,217.770457921662,4,195.309523809524,2.45238095238095,79.6407766990291,-.0989680493004434,1.35803698406236
1041,144,2752,8,1,3,7,1,88,1,1,2,1,1,4,6,1,99,6,7,7,6,6,7,7,4,15,4,199.275740666392,3,195.309523809524,2.45238095238095,79.6407766990291,-.0989680493004434,.390708876423502
1041,144,2753,8,2,4,3,1,88,1,1,2,1,1,2,6,1,4,6,7,7,6,6,7,7,4,15,4,164.011619115489,2,195.309523809524,2.45238095238095,79.6407766990291,-.0989680493004434,.791816312024651
1041,144,2755,8,2,3,12,1,88,1,1,2,1,1,4,7,3,4,7,9,9,8,8,9,9,4,15,4,246.42339179765,5,195.309523809524,2.45238095238095,79.6407766990291,-.0989680493004434,1.54779891022076
1041,144,2756,8,1,3,12,1,88,1,1,2,1,3,4,6,1,4,7,6,6,6,6,6,6,4,15,4,167.351489951188,2,195.309523809524,2.45238095238095,79.6407766990291,-.0989680493004434,-.29023269408893
1041,144,2757,8,2,3,8,1,88,1,1,2,1,1,2,8,1,4,8,9,9,9,9,9,9,4,15,4,239.474218564776,4,195.309523809524,2.45238095238095,79.6407766990291,-.0989680493004434,-.730982607907387
1041,144,2758,8,1,4,4,1,88,1,1,2,1,1,4,6,1,4,6,8,8,8,8,9,9,4,15,4,191.886966072245,3,195.309523809524,2.45238095238095,79.6407766990291,-.0989680493004434,.528810302887421
1041,144,2759,8,2,3,11,1,88,1,1,2,1,2,4,8,1,4,8,8,8,6,6,8,8,4,15,4,220.161212943506,4,195.309523809524,2.45238095238095,79.6407766990291,-.0989680493004434,-1.11808288532404
1041,144,2761,8,2,3,11,1,88,1,1,2,1,1,2,6,1,4,6,7,7,6,6,8,8,4,15,4,217.71879833412,4,195.309523809524,2.45238095238095,79.6407766990291,-.0989680493004434,.403624001347123
1041,144,2763,8,1,4,1,1,88,1,1,2,1,1,4,4,9,99,99,8,8,8,9,8,8,4,15,4,262.320447496938,5,195.309523809524,2.45238095238095,79.6407766990291,-.0989680493004434,-1.04593083560609
1041,144,3753,8,1,3,11,1,88,1,1,1,1,1,99,99,3,99,99,7,7,7,7,8,8,4,15,4,198.566759630187,3,195.309523809524,2.45238095238095,79.6407766990291,-.0989680493004434,-.0480762649647124
1041,144,3795,8,1,2,3,3,99,3,9,9,9,9,99,99,3,99,99,6,6,5,6,6,6,4,15,4,116.843185041295,1,195.309523809524,2.45238095238095,79.6407766990291,-.0989680493004434,-.212007941275874
1040,141,2692,8,2,3,12,1,88,1,1,1,1,1,4,7,1,9,4,8,8,8,8,9,9,1,15,4,208.379985496099,3,221.702702702703,2.48648648648649,89.1630434782609,.855054659368853,1.54779891022076
1040,141,2693,8,2,4,2,1,88,1,1,2,1,1,2,1,1,3,1,7,7,6,6,6,6,1,15,4,163.576126878176,2,221.702702702703,2.48648648648649,89.1630434782609,.855054659368853,-1.43303111302274
1040,141,2694,8,2,3,10,1,88,1,1,2,1,1,9,6,1,9,6,8,8,7,7,8,8,1,15,4,204.189105685062,3,221.702702702703,2.48648648648649,89.1630434782609,.855054659368853,1.43462789234568
1040,141,2695,8,1,3,7,1,88,1,1,2,1,1,4,5,1,4,5,8,8,8,8,8,8,1,15,4,185.37221088165,2,221.702702702703,2.48648648648649,89.1630434782609,.855054659368853,-.920129149486334
1040,141,2697,8,1,3,11,1,88,1,1,2,1,1,4,8,1,4,8,7,7,7,7,7,7,1,15,4,199.275740666392,3,221.702702702703,2.48648648648649,89.1630434782609,.855054659368853,.404973389197909
1040,141,2699,8,1,3,6,1,88,1,1,2,1,1,4,5,1,4,5,8,8,10,10,10,10,1,15,4,245.262317881628,5,221.702702702703,2.48648648648649,89.1630434782609,.855054659368853,-.014926944607535
1040,141,2700,8,2,3,5,1,88,1,1,1,1,1,9,4,1,9,4,8,8,8,8,9,9,1,15,4,220.08352478628,4,221.702702702703,2.48648648648649,89.1630434782609,.855054659368853,1.53957999845242
1040,141,2701,8,2,3,12,1,88,1,1,1,1,1,4,5,1,4,5,8,8,8,8,9,9,1,15,4,190.593814797016,3,221.702702702703,2.48648648648649,89.1630434782609,.855054659368853,-.29023269408893
1040,141,2702,8,1,3,1,1,88,1,1,1,1,1,4,6,1,4,6,7,7,6,6,7,7,1,15,4,153.752276880273,1,221.702702702703,2.48648648648649,89.1630434782609,.855054659368853,-.101086152509983
1040,141,2703,8,2,3,8,1,88,1,1,2,1,1,4,7,1,4,7,6,6,6,6,6,6,1,15,4,176.929671662058,2,221.702702702703,2.48648648648649,89.1630434782609,.855054659368853,.732836741820232
1040,141,2704,8,1,3,10,1,88,1,1,9,1,1,7,5,1,7,7,6,6,6,6,7,7,1,15,4,143.30150617893,1,221.702702702703,2.48648648648649,89.1630434782609,.855054659368853,.942832863412192
1040,141,2705,8,2,3,1,1,88,1,1,1,1,1,4,4,1,4,4,8,8,7,7,8,8,1,15,4,198.364787101001,3,221.702702702703,2.48648648648649,89.1630434782609,.855054659368853,2.01491165154359
1040,141,2706,8,1,3,7,1,88,1,1,2,1,1,9,5,1,2,5,8,8,9,9,9,9,1,15,4,181.677755722208,2,221.702702702703,2.48648648648649,89.1630434782609,.855054659368853,1.42171276742206
1040,141,2711,8,2,3,6,1,88,1,1,2,1,1,4,7,1,9,7,9,9,9,9,9,9,1,15,4,224.897275345054,4,221.702702702703,2.48648648648649,89.1630434782609,.855054659368853,.594735315356313
1040,141,2713,8,1,3,11,1,88,1,1,1,1,1,9,7,1,7,2,8,8,8,8,9,9,1,15,4,240.914097848765,4,221.702702702703,2.48648648648649,89.1630434782609,.855054659368853,1.37210007122257
1040,141,2715,8,2,3,10,1,88,1,1,2,1,1,9,6,1,9,6,8,8,7,7,8,8,1,15,4,224.736723184685,4,221.702702702703,2.48648648648649,89.1630434782609,.855054659368853,1.69996342384489
1040,141,2720,8,2,3,12,1,88,1,1,1,1,1,4,5,1,9,5,8,8,8,8,9,9,1,15,4,200.894627797131,3,221.702702702703,2.48648648648649,89.1630434782609,.855054659368853,2.01491165154359
1040,141,2721,8,2,3,8,1,88,1,1,9,1,1,9,4,1,9,6,9,9,10,10,10,10,1,15,4,215.325339123759,4,221.702702702703,2.48648648648649,89.1630434782609,.855054659368853,1.84983201299584
1040,141,2726,8,2,3,10,1,88,1,1,9,9,1,7,5,1,7,5,8,8,7,7,7,7,1,15,4,212.702072648694,3,221.702702702703,2.48648648648649,89.1630434782609,.855054659368853,1.43462789234568
1040,142,2696,8,1,3,12,1,88,1,1,2,1,1,9,5,1,4,7,6,6,7,7,6,6,1,15,4,181.218531792574,2,221.702702702703,2.48648648648649,89.1630434782609,.222247469842086,.896768418131394
1040,142,2698,8,2,3,12,1,88,1,1,2,1,1,9,5,1,4,7,6,6,6,6,6,6,1,15,4,148.59085590993,1,221.702702702703,2.48648648648649,89.1630434782609,.222247469842086,.106894616604665
1040,142,2707,8,2,3,12,1,88,1,1,2,1,1,2,8,1,4,8,8,8,7,7,7,7,1,15,4,166.247244242638,2,221.702702702703,2.48648648648649,89.1630434782609,.222247469842086,-.730982607907387
1040,142,2708,8,2,3,10,1,88,1,1,1,1,1,4,8,1,7,7,8,8,8,8,7,7,1,15,4,186.066148174969,3,221.702702702703,2.48648648648649,89.1630434782609,.222247469842086,.594735315356313
1040,142,2709,8,1,3,7,1,88,1,1,1,1,1,4,5,1,4,5,8,8,8,8,6,6,1,15,4,167.957790341578,2,221.702702702703,2.48648648648649,89.1630434782609,.222247469842086,-.224923066199495
1040,142,2710,8,1,3,12,1,88,1,1,2,1,1,4,8,1,4,8,9,9,9,9,9,9,1,15,4,234.374353836785,4,221.702702702703,2.48648648648649,89.1630434782609,.222247469842086,-.605180921787631
1040,142,2712,8,2,3,8,1,88,1,1,2,1,1,4,5,1,4,5,7,7,6,6,6,6,1,15,4,214.76197012002,4,221.702702702703,2.48648648648649,89.1630434782609,.222247469842086,-.510086713869118
1040,142,2714,8,1,3,10,1,88,1,1,2,1,1,3,2,1,4,2,8,8,9,9,7,7,1,15,4,169.396317586781,2,221.702702702703,2.48648648648649,89.1630434782609,.222247469842086,-.920129149486334
1040,142,2716,8,2,3,10,1,88,1,1,2,1,1,4,4,1,4,99,8,8,8,8,6,6,1,15,4,186.194707339138,3,221.702702702703,2.48648648648649,89.1630434782609,.222247469842086,1.84983201299584
1040,142,2717,8,1,4,4,1,88,1,1,9,1,1,99,99,1,99,99,9,9,9,9,9,9,1,15,4,50.6176408319567,1,221.702702702703,2.48648648648649,89.1630434782609,.222247469842086,.791816312024651
1040,142,2718,8,2,3,5,1,88,1,1,1,1,1,3,6,1,9,7,9,9,9,9,9,9,1,15,4,261.623119072376,5,221.702702702703,2.48648648648649,89.1630434782609,.222247469842086,.718572229045825
1040,142,2719,8,2,3,5,1,88,1,1,2,1,1,4,1,1,4,1,8,8,8,8,6,6,1,15,4,162.04824304519,2,221.702702702703,2.48648648648649,89.1630434782609,.222247469842086,-.730982607907387
1040,142,2722,8,1,3,9,1,88,1,1,9,1,1,99,99,1,99,99,7,7,8,8,6,6,1,15,4,193.635732672075,3,221.702702702703,2.48648648648649,89.1630434782609,.222247469842086,-.428334120552849
1040,142,2723,8,1,3,9,1,88,1,1,9,1,1,4,2,1,9,7,9,9,9,9,9,9,1,15,4,194.422876193104,3,221.702702702703,2.48648648648649,89.1630434782609,.222247469842086,.929917738488571
1040,142,2724,8,1,3,8,1,88,1,1,9,9,1,9,5,1,9,5,7,7,8,8,7,7,1,15,4,194.977645031822,3,221.702702702703,2.48648648648649,89.1630434782609,.222247469842086, 
1040,142,2725,8,1,3,10,1,88,1,1,2,1,1,4,7,1,9,3,9,9,8,8,9,9,1,15,4,238.932699694153,4,221.702702702703,2.48648648648649,89.1630434782609,.222247469842086,.856673655509744
1040,142,2833,8,2,2,8,1,88,3,1,9,1,1,2,8,1,1,2,7,7,7,7,6,6,1,15,4,190.593814797016,3,221.702702702703,2.48648648648649,89.1630434782609,.222247469842086, 
1040,142,3738,8,1,3,2,1,88,1,1,9,1,1,4,1,1,4,2,8,8,8,8,8,8,1,15,4,183.382905379844,2,221.702702702703,2.48648648648649,89.1630434782609,.222247469842086,.961368407026578
981,7,102,8,1,1,5,1,88,3,3,2,1,4,2,8,4,99,6,66,6,66,10,66,6,1,16,4,139.467041250859,1,175.314285714286,3.88095238095238,45.1730061349693,.553507337871385, 
981,7,445,8,1,3,7,1,88,1,1,1,1,1,11,5,1,9,6,66,8,66,8,66,8,1,16,4,248.203959546872,5,175.314285714286,3.88095238095238,45.1730061349693,.553507337871385,1.22463177075372
981,7,2892,8,2,3,4,1,88,1,1,1,1,1,3,7,1,7,7,66,8,66,8,66,8,1,16,4,190.567628810498,3,175.314285714286,3.88095238095238,45.1730061349693,.553507337871385,1.10676453972335
981,7,2893,8,2,3,12,1,88,1,1,1,1,1,2,1,1,4,6,66,6,66,5,66,5,1,16,4,142.681343445079,1,175.314285714286,3.88095238095238,45.1730061349693,.553507337871385,-.237838191123116
981,7,2894,8,2,3,5,1,88,1,1,1,1,1,9,5,1,4,5,66,8,66,7,66,8,1,16,4,205.516994371689,3,175.314285714286,3.88095238095238,45.1730061349693,.553507337871385,1.43462789234568
981,7,2895,8,1,3,11,1,88,1,1,2,1,1,2,8,1,2,2,66,7,66,6,66,7,1,16,4,149.757714662002,1,175.314285714286,3.88095238095238,45.1730061349693,.553507337871385, 
981,7,2904,8,1,4,1,1,88,1,1,1,1,1,4,4,1,4,4,66,8,66,7,66,7,1,16,4,227.665111014356,4,175.314285714286,3.88095238095238,45.1730061349693,.553507337871385,.528810302887421
981,7,2905,8,1,3,6,1,88,1,1,2,1,1,2,6,1,4,7,66,6,66,6,66,6,1,16,4,159.370812299182,2,175.314285714286,3.88095238095238,45.1730061349693,.553507337871385,-.0881710275863618
981,7,2909,8,2,4,2,1,88,1,1,2,1,1,4,4,4,9,5,66,9,66,10,66,10,1,16,4,214.76197012002,4,175.314285714286,3.88095238095238,45.1730061349693,.553507337871385,1.69996342384489
981,7,2910,8,2,3,7,1,88,1,1,1,1,1,8,5,1,4,2,66,7,5,66,66,6,1,16,4,167.351489951188,2,175.314285714286,3.88095238095238,45.1730061349693,.553507337871385,.880305042289083
981,7,2911,8,2,3,12,1,88,1,1,1,1,1,4,5,1,4,5,66,9,66,8,66,9,1,16,4,186.751801862785,3,175.314285714286,3.88095238095238,45.1730061349693,.553507337871385,1.43462789234568
981,7,2912,8,2,3,6,1,88,1,1,1,1,1,4,4,1,7,7,66,8,66,9,66,9,1,16,4,212.985383349306,3,175.314285714286,3.88095238095238,45.1730061349693,.553507337871385,.831458790241959
981,7,2913,8,2,3,6,1,88,1,1,1,1,1,4,6,1,9,2,66,9,66,9,66,9,1,16,4,276.794990920994,5,175.314285714286,3.88095238095238,45.1730061349693,.553507337871385,1.43462789234568
981,7,2914,8,1,3,8,1,88,1,1,1,1,1,7,5,1,9,99,66,9,66,9,66,9,1,16,4,241.135659344576,4,175.314285714286,3.88095238095238,45.1730061349693,.553507337871385,1.34846868444323
981,7,2915,8,2,3,9,1,88,1,1,1,1,4,2,1,1,2,2,66,6,66,5,66,6,1,16,4,121.871870222456,1,175.314285714286,3.88095238095238,45.1730061349693,.553507337871385,-1.67447790315271
981,7,2986,8,1,4,1,1,88,1,1,1,1,1,4,99,1,4,7,66,8,66,7,66,9,1,16,4,207.842779127088,3,175.314285714286,3.88095238095238,45.1730061349693,.553507337871385,-.803134657625335
981,7,3713,8,1,3,1,9,99,1,9,9,9,9,99,99,9,99,99,66,66,66,66,66,66,1,16,4,217.243809417857,4,175.314285714286,3.88095238095238,45.1730061349693,.553507337871385,-.7296332200566
981,7,3724,8,2,3,8,1,88,1,1,1,1,1,11,5,1,10,5,66,9,66,9,66,10,1,16,4,240.633756872642,4,175.314285714286,3.88095238095238,45.1730061349693,.553507337871385,1.43462789234568
981,7,3798,8,2,3,9,1,88,1,1,2,1,1,2,99,1,4,2,66,8,66,6,66,8,1,16,4,154.240259186429,1,175.314285714286,3.88095238095238,45.1730061349693,.553507337871385,-.416034380208685
981,8,437,8,2,3,10,1,88,1,1,1,1,1,3,7,1,9,7,66,9,66,7,66,6,1,16,4,212.631247293932,3,175.314285714286,3.88095238095238,45.1730061349693,.460169080843001,-.329875172306237
981,8,438,8,1,3,12,9,99,1,9,9,9,9,99,99,9,99,99,66,66,66,66,66,66,1,16,4,203.766688723793,3,175.314285714286,3.88095238095238,45.1730061349693,.460169080843001,1.27069621603451
981,8,439,8,1,4,2,1,88,1,1,1,1,1,9,5,1,11,7,66,8,66,7,66,8,1,16,4,222.826353379557,4,175.314285714286,3.88095238095238,45.1730061349693,.460169080843001,.62788463571349
981,8,440,8,2,4,1,1,88,1,1,1,1,1,4,4,1,9,5,66,10,66,9,66,10,1,16,4,220.08352478628,4,175.314285714286,3.88095238095238,45.1730061349693,.460169080843001,2.01491165154359
981,8,441,8,1,4,4,1,88,1,1,1,1,1,7,6,1,7,5,66,8,66,7,66,7,1,16,4,227.597808786292,4,175.314285714286,3.88095238095238,45.1730061349693,.460169080843001,1.42171276742206
981,8,442,8,2,3,8,1,88,1,1,2,1,1,9,5,1,9,2,66,8,66,6,66,7,1,16,4,180.54704763707,2,175.314285714286,3.88095238095238,45.1730061349693,.460169080843001,1.43462789234568
981,8,443,8,2,3,11,1,88,1,1,2,1,1,4,6,1,4,2,66,8,66,7,66,6,1,16,4,183.382905379844,2,175.314285714286,3.88095238095238,45.1730061349693,.460169080843001,-.101086152509983
981,8,444,8,1,4,4,1,88,1,1,2,1,3,9,5,1,9,5,66,8,66,6,66,7,1,16,4,208.608015416367,3,175.314285714286,3.88095238095238,45.1730061349693,.460169080843001,1.22463177075372
981,8,446,8,1,3,12,1,88,1,1,1,1,1,11,3,1,9,7,66,9,66,8,66,7,1,16,4,190.593814797016,3,175.314285714286,3.88095238095238,45.1730061349693,.460169080843001,1.34846868444323
981,8,447,8,2,4,8,1,88,1,1,1,1,1,11,5,1,9,5,66,10,66,10,66,9,1,16,4,246.212899191701,5,175.314285714286,3.88095238095238,45.1730061349693,.460169080843001,1.10676453972335
981,8,2891,8,2,3,8,1,88,1,1,1,1,1,4,5,1,4,7,66,9,66,8,66,8,1,16,4,207.662695152105,3,175.314285714286,3.88095238095238,45.1730061349693,.460169080843001,.614969510789869
981,8,2896,8,1,3,7,1,88,1,1,1,1,1,7,5,1,4,7,66,8,66,7,66,6,1,16,4,172.689850140666,2,175.314285714286,3.88095238095238,45.1730061349693,.460169080843001,2.0313750273859
981,8,2897,8,1,3,7,3,1,1,1,1,1,1,9,5,1,10,7,66,8,66,7,66,7,1,16,4,219.656309142267,4,175.314285714286,3.88095238095238,45.1730061349693,.460169080843001,1.22463177075372
981,8,2898,8,1,3,10,1,88,1,1,2,1,1,4,4,1,4,2,66,9,66,10,66,9,1,16,4,263.163059333128,5,175.314285714286,3.88095238095238,45.1730061349693,.460169080843001,.528810302887421
981,8,2899,8,1,3,10,1,88,1,1,1,1,1,2,5,1,2,1,66,8,66,7,66,7,1,16,4,238.522154952741,4,175.314285714286,3.88095238095238,45.1730061349693,.460169080843001, 
981,8,2900,8,1,3,10,1,88,1,1,2,1,1,9,3,1,5,5,66,10,66,9,66,9,1,16,4,247.140943268616,5,175.314285714286,3.88095238095238,45.1730061349693,.460169080843001,.732836741820232
981,8,2901,8,1,3,6,1,88,1,1,1,1,1,2,8,1,4,6,66,7,66,5,66,5,1,16,4,167.957790341578,2,175.314285714286,3.88095238095238,45.1730061349693,.460169080843001,-2.14940347698073
981,8,2902,8,2,3,6,1,88,1,1,2,1,1,4,1,1,4,7,66,10,66,10,66,10,1,16,4,286.841061900894,5,175.314285714286,3.88095238095238,45.1730061349693,.460169080843001,-.605180921787631
981,8,2903,8,2,3,12,1,88,1,1,1,1,1,6,7,1,6,7,66,9,66,8,66,10,1,16,4,207.842779127088,3,175.314285714286,3.88095238095238,45.1730061349693,.460169080843001,-1.65760844804725
981,8,2906,8,1,3,6,1,88,1,1,2,1,1,4,7,1,4,8,66,9,66,7,66,7,1,16,4,219.838134859426,4,175.314285714286,3.88095238095238,45.1730061349693,.460169080843001,.213862075188719
981,8,2907,8,1,3,4,1,88,1,1,1,1,1,2,8,1,2,2,66,7,66,6,66,6,1,16,4,158.584374985538,2,175.314285714286,3.88095238095238,45.1730061349693,.460169080843001,-1.93774126687984
981,8,2908,8,1,4,1,1,88,1,1,1,1,1,2,8,1,5,2,66,7,66,6,66,6,1,16,4,163.706198594166,2,175.314285714286,3.88095238095238,45.1730061349693,.460169080843001,-.414684992357898
981,8,2916,8,2,3,5,1,88,1,1,1,1,1,2,5,1,4,7,66,7,66,6,66,7,1,16,4,199.624862841315,3,175.314285714286,3.88095238095238,45.1730061349693,.460169080843001,1.52311662261011
983,11,487,8,2,3,11,1,88,1,1,2,1,1,4,4,1,9,5,0,10,0,9,0,9,1,16,4,212.997910158155,3,160.069565217391,6.1304347826087,26.1106382978723,-.289717944490758,1.53957999845242
983,11,488,8,2,3,11,1,88,1,1,2,1,1,4,8,1,9,7,0,9,0,8,0,8,1,16,4,189.186418087186,3,160.069565217391,6.1304347826087,26.1106382978723,-.289717944490758,.26687196273399
983,11,489,8,1,3,8,1,88,1,1,2,1,1,3,6,1,3,6,0,5,0,5,0,5,1,16,4,158.366154333268,2,160.069565217391,6.1304347826087,26.1106382978723,-.289717944490758,-.920129149486334
983,11,490,8,2,3,7,1,88,1,1,2,1,1,2,8,1,2,2,0,6,0,5,0,6,1,16,4,152.535688093617,1,160.069565217391,6.1304347826087,26.1106382978723,-.289717944490758,.41788851412153
983,11,491,8,1,3,10,1,88,1,1,2,1,1,4,4,1,4,2,0,9,0,7,0,8,1,16,4,206.335043167921,3,160.069565217391,6.1304347826087,26.1106382978723,-.289717944490758,-.488186429926633
983,11,492,8,2,3,7,1,88,1,1,2,1,1,2,6,1,3,8,0,9,0,8,0,9,1,16,4,212.985383349306,3,160.069565217391,6.1304347826087,26.1106382978723,-.289717944490758,.154625150394391
983,11,493,8,1,3,10,1,88,1,1,1,1,1,4,5,1,4,5,0,7,0,6,0,7,1,16,4,164.011619115489,2,160.069565217391,6.1304347826087,26.1106382978723,-.289717944490758, 
983,11,494,8,1,3,11,1,88,1,1,2,1,1,7,7,1,4,7,0,8,0,8,0,8,1,16,4,220.02095391995,4,160.069565217391,6.1304347826087,26.1106382978723,-.289717944490758,.84437391516558
983,11,495,8,2,4,1,1,88,1,1,2,1,1,2,6,1,2,6,0,7,0,8,0,7,1,16,4,159.862796255237,2,160.069565217391,6.1304347826087,26.1106382978723,-.289717944490758,-1.30784481148244
983,11,497,8,2,3,4,1,88,1,1,1,1,1,7,5,1,4,5,0,8,0,7,0,7,1,16,4,206.546924913207,3,160.069565217391,6.1304347826087,26.1106382978723,-.289717944490758,-.100470767930526
983,11,499,8,1,3,7,1,88,1,1,2,1,1,4,6,2,7,2,0,8,0,7,0,8,1,16,4,190.032188866485,3,160.069565217391,6.1304347826087,26.1106382978723,-.289717944490758,-.803134657625335
983,11,501,8,1,3,3,1,88,1,1,9,1,1,7,5,1,7,5,0,7,0,8,0,8,1,16,4,193.301721135549,3,160.069565217391,6.1304347826087,26.1106382978723,-.289717944490758,.0165237239304719
983,11,502,8,2,3,8,1,88,1,1,2,1,1,2,1,1,1,2,0,6,0,6,0,6,1,16,4,143.333445142892,1,160.069565217391,6.1304347826087,26.1106382978723,-.289717944490758,-2.05473575874084
983,11,503,8,1,3,6,1,88,1,1,9,1,1,2,8,1,4,8,0,7,0,8,0,7,1,16,4,149.757714662002,1,160.069565217391,6.1304347826087,26.1106382978723,-.289717944490758, 
983,11,504,8,2,4,2,1,88,1,1,9,1,1,2,8,1,2,2,0,7,0,6,0,6,1,16,4,152.218075397951,1,160.069565217391,6.1304347826087,26.1106382978723,-.289717944490758,-1.41253956299927
983,11,505,8,1,3,12,1,88,1,1,9,1,1,4,4,1,4,8,0,7,0,8,0,6,1,16,4,183.382905379844,2,160.069565217391,6.1304347826087,26.1106382978723,-.289717944490758,.667527113930797
983,11,506,8,1,3,7,1,88,1,1,9,1,1,4,6,1,9,7,0,8,0,9,0,9,1,16,4,228.170685931063,4,160.069565217391,6.1304347826087,26.1106382978723,-.289717944490758,-.113385892854147
983,11,507,8,1,3,11,1,88,1,1,9,1,1,2,6,1,2,6,0,7,0,8,0,8,1,16,4,168.302153357127,2,160.069565217391,6.1304347826087,26.1106382978723,-.289717944490758,-1.10989107564474
983,11,508,8,1,3,1,1,88,1,1,9,1,1,3,1,1,9,5,0,8,0,6,0,7,1,16,4,200.894627797131,3,160.069565217391,6.1304347826087,26.1106382978723,-.289717944490758,.365494011155716
983,11,510,8,1,3,7,1,88,1,1,9,1,1,4,8,1,4,7,0,7,0,7,0,7,1,16,4,163.899018251218,2,160.069565217391,6.1304347826087,26.1106382978723,-.289717944490758,-.730982607907387
983,11,511,8,1,3,2,1,88,1,1,9,9,1,99,99,4,99,99,0,6,0,6,0,5,1,16,4,171.836748790222,2,160.069565217391,6.1304347826087,26.1106382978723,-.289717944490758,-.239187578973902
983,11,512,8,2,3,12,1,88,1,1,9,9,1,2,1,1,2,2,0,7,0,7,0,7,1,16,4,153.408743320895,1,160.069565217391,6.1304347826087,26.1106382978723,-.289717944490758,-2.05473575874084
983,11,522,8,2,3,11,1,88,1,1,9,9,1,9,5,1,4,2,0,8,0,8,0,8,1,16,4,239.474218564776,4,160.069565217391,6.1304347826087,26.1106382978723,-.289717944490758,1.43462789234568
983,11,3719,8,1,4,4,1,88,1,1,1,1,1,4,7,1,99,7,0,6,0,8,0,7,1,16,4,234.609075508831,4,160.069565217391,6.1304347826087,26.1106382978723,-.289717944490758,-.746083008714837
983,12,7,8,1,2,10,1,88,3,1,2,1,1,2,6,1,2,2,0,5,0,6,0,5,1,16,4,154.63605073351,1,160.069565217391,6.1304347826087,26.1106382978723,-.557201098698198,-.730982607907387
983,12,496,8,1,4,1,1,88,1,1,2,1,1,2,8,1,2,2,0,6,0,7,0,7,1,16,4,181.849967908796,2,160.069565217391,6.1304347826087,26.1106382978723,-.557201098698198, 
983,12,498,8,1,3,9,1,88,1,1,2,1,1,2,6,1,7,5,0,9,0,9,0,8,1,16,4,197.696847883919,3,160.069565217391,6.1304347826087,26.1106382978723,-.557201098698198,.705657104122204
983,12,500,8,2,3,9,1,88,1,1,2,1,1,9,3,1,9,3,0,7,0,8,0,8,1,16,4,208.379985496099,3,160.069565217391,6.1304347826087,26.1106382978723,-.557201098698198,1.07006696844749
983,12,509,8,1,4,2,1,88,1,1,9,1,1,2,8,1,2,2,0,6,0,5,0,6,1,16,4,172.657296982291,2,160.069565217391,6.1304347826087,26.1106382978723,-.557201098698198,-1.88068961796935
983,12,513,8,1,3,11,1,88,1,1,9,9,1,2,1,1,2,2,0,5,0,6,0,6,1,16,4,162.744312572589,2,160.069565217391,6.1304347826087,26.1106382978723,-.557201098698198,-.29023269408893
983,12,514,8,2,3,7,1,88,1,1,9,9,1,2,8,1,2,2,0,8,0,8,0,9,1,16,4,215.261800084824,4,160.069565217391,6.1304347826087,26.1106382978723,-.557201098698198,-1.41253956299927
983,12,515,8,2,3,9,1,88,1,1,9,9,1,99,99,1,99,99,0,6,0,7,0,7,1,16,4,181.006426826421,2,160.069565217391,6.1304347826087,26.1106382978723,-.557201098698198,.41788851412153
983,12,516,8,1,3,6,1,88,1,1,9,9,1,4,8,1,4,2,0,7,0,7,0,8,1,16,4,199.624862841315,3,160.069565217391,6.1304347826087,26.1106382978723,-.557201098698198,-.920129149486334
983,12,517,8,1,3,3,1,88,1,1,9,9,1,99,99,1,99,99,0,7,0,7,0,8,1,16,4,247.14680845765,5,160.069565217391,6.1304347826087,26.1106382978723,-.557201098698198,-.88419802236283
983,12,518,8,2,3,12,1,88,1,1,9,9,1,99,99,9,99,99,0,7,0,7,0,8,1,16,4,224.913155021663,4,160.069565217391,6.1304347826087,26.1106382978723,-.557201098698198,-1.73978753104214
983,12,519,8,2,3,12,1,88,1,1,9,9,1,4,5,1,4,7,0,8,0,9,0,9,1,16,4,217.71879833412,4,160.069565217391,6.1304347826087,26.1106382978723,-.557201098698198,.614969510789869
983,12,520,8,1,3,9,1,88,1,1,9,9,1,99,99,1,99,99,0,8,0,7,0,6,1,16,4,159.370812299182,2,160.069565217391,6.1304347826087,26.1106382978723,-.557201098698198,.0900251614992073
983,12,521,8,2,4,4,1,88,1,1,9,9,9,99,99,1,99,99,0,9,0,8,0,9,1,16,4,228.578242484582,4,160.069565217391,6.1304347826087,26.1106382978723,-.557201098698198,1.34846868444323
983,12,523,8,1,3,5,1,88,1,1,9,9,1,99,99,9,99,99,0,5,0,5,0,6,1,16,4,154.63605073351,1,160.069565217391,6.1304347826087,26.1106382978723,-.557201098698198, 
983,12,524,8,2,3,2,1,88,1,1,9,9,1,99,99,1,99,99,0,7,0,7,0,9,1,16,4,219.656309142267,4,160.069565217391,6.1304347826087,26.1106382978723,-.557201098698198,-.920129149486334
983,12,525,8,2,3,5,1,88,1,1,9,9,1,2,8,1,2,2,0,9,0,9,0,9,1,16,4,240.987975091199,4,160.069565217391,6.1304347826087,26.1106382978723,-.557201098698198,-1.24799250210866
983,12,526,8,2,3,4,1,88,1,1,9,9,1,99,99,1,99,99,0,7,0,7,0,7,1,16,4,199.499180495072,3,160.069565217391,6.1304347826087,26.1106382978723,-.557201098698198,-1.04593083560609
983,12,527,8,2,3,8,1,88,1,1,9,9,1,99,99,1,99,99,0,8,0,8,0,8,1,16,4,190.872126369693,3,160.069565217391,6.1304347826087,26.1106382978723,-.557201098698198,-.539871293898197
983,12,528,8,2,3,8,1,88,1,1,9,9,1,99,99,1,99,99,0,8,0,8,0,8,1,16,4,194.849426856076,3,160.069565217391,6.1304347826087,26.1106382978723,-.557201098698198,-.730982607907387
983,12,529,8,2,3,1,1,88,1,1,9,9,1,99,99,1,99,99,0,5,0,5,0,6,1,16,4,137.484663763196,1,160.069565217391,6.1304347826087,26.1106382978723,-.557201098698198,-2.05473575874084
983,12,530,8,1,3,3,1,88,1,1,9,9,1,99,99,1,99,99,0,5,0,5,0,5,1,16,4,127.474575619559,1,160.069565217391,6.1304347826087,26.1106382978723,-.557201098698198,-.992896583783739
993,37,22,8,2,2,4,1,88,3,1,2,2,1,1,99,1,2,2,66,7,66,4,66,7,1,4,1,197.696847883919,3,281.298245614035,3.39473684210526,82.8630490956072,-.516226616928029,-1.74258819150543
993,37,931,8,2,3,12,1,88,1,3,2,1,4,2,99,4,2,99,66,6,66,5,66,7,1,4,1,172.689850140666,2,281.298245614035,3.39473684210526,82.8630490956072,-.516226616928029,-.29023269408893
993,37,932,8,2,3,6,4,99,1,2,1,1,4,99,6,4,99,9,66,5,66,5,66,6,1,4,1,144.209401640404,1,281.298245614035,3.39473684210526,82.8630490956072,-.516226616928029,-.101086152509983
993,37,933,8,1,3,11,1,88,1,1,2,1,1,2,9,2,4,2,66,9,66,9,66,9,1,4,1,234.374353836785,4,281.298245614035,3.39473684210526,82.8630490956072,-.516226616928029,-.920129149486334
993,37,934,8,1,3,12,1,88,1,1,2,1,1,2,8,1,9,99,66,6,66,6,66,7,1,4,1,173.032778292153,2,281.298245614035,3.39473684210526,82.8630490956072,-.516226616928029, 
993,37,935,8,1,3,12,1,88,1,1,1,1,1,4,8,1,4,7,66,8,66,8,66,9,1,4,1,247.385647980638,5,281.298245614035,3.39473684210526,82.8630490956072,-.516226616928029,-.224923066199495
993,37,936,8,1,3,12,1,88,1,3,2,2,4,99,6,4,99,2,66,5,66,6,66,5,1,4,1,154.240259186429,1,281.298245614035,3.39473684210526,82.8630490956072,-.516226616928029,-1.30784481148244
993,37,937,8,2,3,10,1,88,1,1,2,1,1,4,6,2,7,6,66,7,66,7,66,10,1,4,1,212.377384947866,3,281.298245614035,3.39473684210526,82.8630490956072,-.516226616928029,-.539871293898197
993,37,938,8,1,3,9,1,88,1,3,2,1,3,5,8,3,4,2,66,6,66,5,66,7,1,4,1,185.149106505654,2,281.298245614035,3.39473684210526,82.8630490956072,-.516226616928029,-.699848640027521
993,37,939,8,2,3,8,1,88,1,1,2,1,1,4,99,2,7,2,66,9,66,8,66,9,1,4,1,208.05360215879,3,281.298245614035,3.39473684210526,82.8630490956072,-.516226616928029,-.554135806672604
993,37,940,8,2,3,6,1,88,1,1,1,1,1,3,6,1,3,8,66,7,66,4,66,6,1,4,1,186.117187524687,3,281.298245614035,3.39473684210526,82.8630490956072,-.516226616928029,-.101086152509983
993,37,941,8,1,3,7,1,88,1,1,1,1,1,4,7,1,9,5,66,7,66,6,66,8,1,4,1,203.852389044953,3,281.298245614035,3.39473684210526,82.8630490956072,-.516226616928029, 
993,37,942,8,1,3,11,1,88,1,1,1,1,1,2,8,4,4,2,66,8,66,8,66,8,1,4,1,228.170685931063,4,281.298245614035,3.39473684210526,82.8630490956072,-.516226616928029,-1.65760844804725
993,37,943,8,2,3,3,1,88,1,1,2,1,1,4,7,1,7,7,66,7,66,5,66,10,1,4,1,229.792059618547,4,281.298245614035,3.39473684210526,82.8630490956072,-.516226616928029,.895419030280607
993,37,944,8,2,3,11,1,88,1,1,2,1,1,3,8,1,4,8,66,7,66,6,66,7,1,4,1,217.819842812645,4,281.298245614035,3.39473684210526,82.8630490956072,-.516226616928029,.279787087657611
993,37,945,8,1,3,3,1,88,1,3,2,1,4,2,8,4,2,2,66,5,66,5,66,5,1,4,1,148.888355022075,1,281.298245614035,3.39473684210526,82.8630490956072,-.516226616928029,-1.73978753104214
993,37,946,8,1,3,2,1,88,1,1,2,1,1,9,7,1,4,7,66,9,66,10,66,10,1,4,1,257.870056916923,5,281.298245614035,3.39473684210526,82.8630490956072,-.516226616928029,1.22463177075372
993,37,947,8,1,3,5,1,88,1,1,1,1,1,4,8,1,9,7,66,7,66,6,66,7,1,4,1,186.223210868742,3,281.298245614035,3.39473684210526,82.8630490956072,-.516226616928029, 
993,37,3721,8,2,2,6,1,88,3,3,2,2,4,99,6,4,99,2,66,6,66,6,66,6,1,4,1,133.822225036759,1,281.298245614035,3.39473684210526,82.8630490956072,-.516226616928029,-.488186429926633
993,38,213,8,2,3,12,1,88,1,1,1,1,1,4,6,1,7,99,66,7,66,7,66,9,1,4,1,214.76197012002,4,281.298245614035,3.39473684210526,82.8630490956072,-.278206208754163,.390708876423502
993,38,930,8,2,3,8,1,88,1,1,1,1,1,4,4,1,3,7,66,6,66,5,66,6,1,4,1,186.223210868742,3,281.298245614035,3.39473684210526,82.8630490956072,-.278206208754163, 
993,38,948,8,1,3,7,1,88,1,1,2,1,1,3,6,1,3,7,66,7,66,5,66,6,1,4,1,208.839444713797,3,281.298245614035,3.39473684210526,82.8630490956072,-.278206208754163,-.488186429926633
993,38,949,8,1,3,11,1,88,1,1,2,1,1,2,8,1,4,7,66,6,66,7,66,7,1,4,1,190.650482815879,3,281.298245614035,3.39473684210526,82.8630490956072,-.278206208754163,-.605180921787631
993,38,950,8,2,3,2,1,88,1,1,2,1,1,3,8,1,4,8,66,6,66,5,66,6,1,4,1,217.403714843654,4,281.298245614035,3.39473684210526,82.8630490956072,-.278206208754163,.404973389197909
993,38,951,8,2,3,3,1,88,1,1,1,1,1,2,8,4,4,8,66,8,66,9,66,9,1,4,1,231.847466827592,4,281.298245614035,3.39473684210526,82.8630490956072,-.278206208754163,-.329875172306237
993,38,952,8,2,3,5,1,88,1,1,2,1,1,2,8,1,4,8,66,9,66,7,66,9,1,4,1,233.193320663199,4,281.298245614035,3.39473684210526,82.8630490956072,-.278206208754163,-1.11808288532404
993,38,953,8,1,3,1,1,88,1,1,2,1,1,4,8,1,9,6,66,6,66,6,66,7,1,4,1,196.395065752615,3,281.298245614035,3.39473684210526,82.8630490956072,-.278206208754163,.909683543055015
993,38,954,8,1,3,9,1,88,1,1,2,1,1,4,7,1,3,7,66,6,66,8,66,7,1,4,1,190.593814797016,3,281.298245614035,3.39473684210526,82.8630490956072,-.278206208754163,-.014926944607535
993,38,955,8,1,3,11,1,88,1,1,2,1,1,2,4,1,2,2,66,7,66,7,66,8,1,4,1,217.71879833412,4,281.298245614035,3.39473684210526,82.8630490956072,-.278206208754163,-1.56294072980736
993,38,956,8,2,3,3,1,88,1,1,2,1,1,4,8,1,3,2,66,7,66,5,66,7,1,4,1,203.069127843401,3,281.298245614035,3.39473684210526,82.8630490956072,-.278206208754163,-.29023269408893
993,38,957,8,2,3,2,1,88,1,1,1,1,1,9,3,1,9,7,66,7,66,7,66,8,1,4,1,227.85501070611,4,281.298245614035,3.39473684210526,82.8630490956072,-.278206208754163,1.34846868444323
993,38,958,8,2,3,2,1,88,1,1,2,1,1,2,8,1,2,2,66,7,66,7,66,8,1,4,1,208.04293484967,3,281.298245614035,3.39473684210526,82.8630490956072,-.278206208754163,-1.55064098946319
993,38,959,8,2,3,7,1,88,1,1,2,1,3,1,8,1,4,8,66,6,66,6,66,8,1,4,1,206.546924913207,3,281.298245614035,3.39473684210526,82.8630490956072,-.278206208754163,-.920129149486334
993,38,960,8,1,3,6,1,88,1,1,2,1,1,4,7,1,2,8,66,5,66,5,66,5,1,4,1,180.871486981834,2,281.298245614035,3.39473684210526,82.8630490956072,-.278206208754163,-.428949505132306
993,38,961,8,2,3,8,1,88,1,1,1,1,1,2,8,1,4,7,66,8,66,8,66,8,1,4,1,220.08352478628,4,281.298245614035,3.39473684210526,82.8630490956072,-.278206208754163,-.605180921787631
993,38,962,8,2,3,4,1,88,1,1,1,1,1,4,5,1,10,3,66,9,66,9,66,10,1,4,1,247.126368051819,5,281.298245614035,3.39473684210526,82.8630490956072,-.278206208754163,1.43462789234568
993,38,963,8,1,3,11,1,88,1,1,1,1,1,2,6,1,7,7,66,7,66,9,66,8,1,4,1,233.54541226449,4,281.298245614035,3.39473684210526,82.8630490956072,-.278206208754163,.390708876423502
993,38,3836,8,2,2,10,3,10,3,9,2,1,3,3,8,9,99,99,66,5,66,66,66,5,1,4,1,148.747899030653,1,281.298245614035,3.39473684210526,82.8630490956072,-.278206208754163,-1.97255667574595
994,39,965,8,2,3,4,1,88,1,1,9,1,1,2,8,1,2,8,7,7,5,5,7,7,1,4,1,222.991135067186,4,222.694444444445,1.54166666666667,144.45045045045,-.093818535498206,-1.14953355386204
994,39,967,8,2,3,5,1,88,1,1,9,1,1,2,8,1,4,8,7,7,6,6,9,9,1,4,1,206.335043167921,3,222.694444444445,1.54166666666667,144.45045045045,-.093818535498206,.831458790241959
994,39,971,8,1,3,5,1,88,1,1,9,1,1,4,4,1,4,7,5,5,7,7,6,6,1,4,1,195.039872279547,3,222.694444444445,1.54166666666667,144.45045045045,-.093818535498206,.528810302887421
994,39,972,8,1,3,8,1,88,1,1,9,1,1,2,6,1,4,2,7,7,7,7,7,7,1,4,1,208.379985496099,3,222.694444444445,1.54166666666667,144.45045045045,-.093818535498206,.237493461968058
994,39,974,8,1,3,9,1,88,1,1,9,1,1,2,8,1,5,8,6,6,7,7,6,6,1,4,1,235.297042700082,4,222.694444444445,1.54166666666667,144.45045045045,-.093818535498206,-1.24799250210866
994,39,975,8,2,3,10,1,88,1,3,9,1,4,4,8,4,3,8,6,6,7,7,7,7,1,4,1,212.985383349306,3,222.694444444445,1.54166666666667,144.45045045045,-.093818535498206,-.730982607907387
994,39,976,8,1,3,12,1,88,1,3,9,1,4,2,8,4,2,2,5,5,6,6,8,8,1,4,1,147.853408924887,1,222.694444444445,1.54166666666667,144.45045045045,-.093818535498206,-.0480762649647124
994,39,980,8,2,3,7,1,88,1,1,9,1,1,4,8,1,4,7,6,6,6,6,7,7,1,4,1,195.021578005022,3,222.694444444445,1.54166666666667,144.45045045045,-.093818535498206,.565356814590381
994,39,981,8,2,3,10,1,88,1,1,9,9,1,2,6,1,7,5,6,6,5,5,7,7,1,4,1,205.516994371689,3,222.694444444445,1.54166666666667,144.45045045045,-.093818535498206,1.37564832214126
994,39,982,8,2,3,7,1,88,1,1,9,1,1,4,6,1,4,2,8,8,8,8,8,8,1,4,1,203.766688723793,3,222.694444444445,1.54166666666667,144.45045045045,-.093818535498206,.565356814590381
994,39,983,8,1,3,2,1,88,1,1,9,1,1,4,6,1,4,7,8,8,8,8,8,8,1,4,1,222.301402077163,4,222.694444444445,1.54166666666667,144.45045045045,-.093818535498206,-.539871293898197
994,39,988,8,2,3,10,1,88,1,1,9,1,1,7,6,1,7,2,9,9,10,10,10,10,1,4,1,281.148790930594,5,222.694444444445,1.54166666666667,144.45045045045,-.093818535498206,1.86389510015605
994,39,989,8,1,3,5,1,88,1,1,9,1,1,4,7,1,4,7,5,5,5,5,8,8,1,4,1,217.403714843654,4,222.694444444445,1.54166666666667,144.45045045045,-.093818535498206,-.101086152509983
994,39,990,8,1,3,3,1,88,1,1,9,1,1,4,7,1,4,8,5,5,5,5,6,6,1,4,1,149.757714662002,1,222.694444444445,1.54166666666667,144.45045045045,-.093818535498206, 
994,39,992,8,1,3,9,1,88,1,1,9,1,1,4,7,1,3,7,7,7,6,6,7,7,1,4,1,208.05360215879,3,222.694444444445,1.54166666666667,144.45045045045,-.093818535498206,.869588780433365
994,39,997,8,1,3,12,1,88,1,1,9,1,1,4,7,1,2,2,7,7,9,9,7,7,1,4,1,193.748615361374,3,222.694444444445,1.54166666666667,144.45045045045,-.093818535498206,-.329875172306237
994,39,998,8,2,3,3,1,88,1,3,9,1,4,2,8,4,3,2,7,7,7,7,8,8,1,4,1,217.72987054248,4,222.694444444445,1.54166666666667,144.45045045045,-.093818535498206,-1.04593083560609
994,39,1001,8,2,3,5,1,88,1,1,9,1,4,4,8,1,4,7,6,6,8,8,7,7,1,4,1,210.293848278452,3,222.694444444445,1.54166666666667,144.45045045045,-.093818535498206,.213862075188719
994,39,1002,8,1,3,5,1,88,1,1,9,1,1,4,7,1,4,8,7,7,8,8,9,9,1,4,1,245.262317881628,5,222.694444444445,1.54166666666667,144.45045045045,-.093818535498206,-.475271305003013
994,39,1004,8,2,3,1,1,88,1,1,9,1,1,4,8,1,4,8,7,7,5,5,9,9,1,4,1,228.965826975384,4,222.694444444445,1.54166666666667,144.45045045045,-.093818535498206,-.416034380208685
994,39,1007,8,2,3,8,1,88,1,1,9,1,1,2,8,1,4,7,8,8,9,9,9,9,1,4,1,230.095334182086,4,222.694444444445,1.54166666666667,144.45045045045,-.093818535498206,-1.0445814477553
994,39,1008,8,2,3,8,1,88,1,1,9,1,1,2,8,1,2,2,7,7,6,6,8,8,1,4,1,158.921356723138,2,222.694444444445,1.54166666666667,144.45045045045,-.093818535498206,-.920129149486334
994,39,1009,8,1,3,2,1,88,1,1,9,1,1,4,8,1,2,8,6,6,9,9,7,7,1,4,1,210.013605719334,3,222.694444444445,1.54166666666667,144.45045045045,-.093818535498206,-.730982607907387
994,39,1010,8,2,3,2,1,88,1,1,9,1,1,2,8,1,2,8,7,7,8,8,9,9,1,4,1,207.842779127088,3,222.694444444445,1.54166666666667,144.45045045045,-.093818535498206,-.428949505132306
994,40,964,8,2,3,11,1,88,1,1,9,9,1,4,7,1,4,2,8,8,8,8,8,8,1,4,1,215.429021713273,4,222.694444444445,1.54166666666667,144.45045045045,-.0250297014726127,.213862075188719
994,40,966,8,2,3,1,1,88,1,1,9,1,1,4,8,1,4,8,8,8,8,8,8,8,1,4,1,212.997910158155,3,222.694444444445,1.54166666666667,144.45045045045,-.0250297014726127,-.0645396408070231
994,40,968,8,2,3,2,1,88,1,1,9,1,1,5,8,1,3,2,9,9,9,9,10,10,1,4,1,262.68420257926,5,222.694444444445,1.54166666666667,144.45045045045,-.0250297014726127,-1.24799250210866
994,40,969,8,1,3,6,1,88,1,3,9,1,4,1,8,4,1,2,6,6,7,7,9,9,1,4,1,181.593741125249,2,222.694444444445,1.54166666666667,144.45045045045,-.0250297014726127,-.539871293898197
994,40,970,8,2,3,9,1,88,1,1,9,1,1,3,8,1,4,8,6,6,7,7,6,6,1,4,1,168.067521177834,2,222.694444444445,1.54166666666667,144.45045045045,-.0250297014726127,-.101086152509983
994,40,973,8,1,3,3,1,88,1,1,9,1,1,2,8,1,2,8,7,7,7,7,6,6,1,4,1,194.342584619365,3,222.694444444445,1.54166666666667,144.45045045045,-.0250297014726127,-.920129149486334
994,40,977,8,1,3,6,1,88,1,3,9,1,4,4,8,4,4,2,7,7,8,8,8,8,1,4,1,229.964604589847,4,222.694444444445,1.54166666666667,144.45045045045,-.0250297014726127,.541725427811042
994,40,978,8,2,3,5,1,88,1,1,9,1,1,4,7,1,4,7,9,9,8,8,10,10,1,4,1,233.350991851138,4,222.694444444445,1.54166666666667,144.45045045045,-.0250297014726127,.732836741820232
994,40,979,8,2,3,8,1,88,1,1,9,1,1,2,6,1,4,6,7,7,7,7,7,7,1,4,1,217.243809417857,4,222.694444444445,1.54166666666667,144.45045045045,-.0250297014726127,.0900251614992073
994,40,984,8,2,3,1,1,88,1,1,9,1,1,2,8,1,4,7,8,8,9,9,9,9,1,4,1,228.965826975384,4,222.694444444445,1.54166666666667,144.45045045045,-.0250297014726127,-.539871293898197
994,40,985,8,1,3,10,1,88,1,1,9,1,1,3,7,1,4,7,6,6,6,6,8,8,1,4,1,190.593814797016,3,222.694444444445,1.54166666666667,144.45045045045,-.0250297014726127, 
994,40,986,8,1,3,9,1,88,1,3,9,1,4,4,8,4,2,2,6,6,6,6,6,6,1,4,1,185.60899367712,3,222.694444444445,1.54166666666667,144.45045045045,-.0250297014726127,1.05715184352387
994,40,987,8,1,3,7,1,88,1,1,9,1,1,3,8,1,7,8,6,6,7,7,6,6,1,4,1,217.243809417857,4,222.694444444445,1.54166666666667,144.45045045045,-.0250297014726127,.896768418131394
994,40,991,8,1,3,3,1,88,1,1,9,1,1,4,7,1,7,2,8,8,8,8,7,7,1,4,1,241.135659344576,4,222.694444444445,1.54166666666667,144.45045045045,-.0250297014726127,-1.04593083560609
994,40,993,8,1,3,12,1,88,1,1,9,1,1,4,7,1,7,7,8,8,8,8,7,7,1,4,1,285.604888127589,5,222.694444444445,1.54166666666667,144.45045045045,-.0250297014726127,.430803639045151
994,40,994,8,2,3,9,1,88,1,1,9,1,1,3,8,1,2,8,7,7,6,6,5,5,1,4,1,186.066148174969,3,222.694444444445,1.54166666666667,144.45045045045,-.0250297014726127,.22677720011234
994,40,995,8,2,3,11,1,88,1,1,9,1,1,4,7,1,4,7,7,7,7,7,5,5,1,4,1,172.657296982291,2,222.694444444445,1.54166666666667,144.45045045045,-.0250297014726127,.880305042289083
994,40,996,8,2,3,7,1,88,1,3,9,1,4,2,8,4,2,2,7,7,6,6,8,8,1,4,1,205.380081543092,3,222.694444444445,1.54166666666667,144.45045045045,-.0250297014726127,-.730982607907387
994,40,999,8,2,3,9,1,88,1,1,9,1,1,1,8,1,2,8,7,7,6,6,8,8,1,4,1,193.453985658946,3,222.694444444445,1.54166666666667,144.45045045045,-.0250297014726127,-1.55064098946319
994,40,1000,8,2,3,9,1,88,1,1,9,1,1,4,6,1,4,2,9,9,7,7,8,8,1,4,1,219.838134859426,4,222.694444444445,1.54166666666667,144.45045045045,-.0250297014726127,.565356814590381
994,40,1003,8,1,3,6,1,88,1,1,9,1,1,2,8,1,7,2,5,5,5,5,6,6,1,4,1,168.556417885604,2,222.694444444445,1.54166666666667,144.45045045045,-.0250297014726127, 
994,40,1005,8,2,3,12,1,88,1,1,9,1,1,4,8,1,7,8,8,8,7,7,7,7,1,4,1,204.020245222792,3,222.694444444445,1.54166666666667,144.45045045045,-.0250297014726127,1.11967966464697
994,40,1006,8,1,3,3,1,88,1,1,9,1,1,2,8,1,7,7,6,6,7,7,7,7,1,4,1,190.593814797016,3,222.694444444445,1.54166666666667,144.45045045045,-.0250297014726127, 
994,40,1657,8,2,3,12,1,88,1,1,2,1,1,2,8,1,3,8,7,7,5,5,7,7,1,4,1,210.961577231955,3,222.694444444445,1.54166666666667,144.45045045045,-.0250297014726127,-.539871293898197
1042,145,1531,8,2,3,10,1,88,1,1,2,1,1,4,7,2,4,7,0,7,0,7,0,8,4,15,4,212.807948766269,3,292.964285714286,1.42857142857143,205.075,-.0512630505817245,-1.01479686772622
1042,145,2766,8,2,3,12,1,88,1,1,2,1,1,2,6,1,3,8,66,5,66,6,66,5,5,15,4,128.171023165298,1,292.964285714286,1.42857142857143,205.075,-.0512630505817245,-.392402993429346
1042,145,2781,8,2,3,12,1,88,1,1,2,1,1,9,5,1,9,5,0,7,0,7,0,8,4,15,4,212.377384947866,3,292.964285714286,1.42857142857143,205.075,-.0512630505817245,1.52531548567801
1042,145,2782,8,2,3,12,1,88,1,1,2,1,1,3,7,1,5,7,66,8,66,8,66,10,4,15,4,227.721259241622,4,292.964285714286,1.42857142857143,205.075,-.0512630505817245,-.014926944607535
1042,145,2783,8,2,3,12,1,88,1,1,2,1,1,2,3,1,4,2,33,8,33,8,33,8,5,15,4,212.753987203098,3,292.964285714286,1.42857142857143,205.075,-.0512630505817245,.404973389197909
1042,145,2784,8,1,3,9,1,88,1,1,2,1,1,6,5,1,4,2,0,6,0,6,0,6,4,15,4,176.543810688997,2,292.964285714286,1.42857142857143,205.075,-.0512630505817245,-1.32974509542492
1042,145,2785,8,2,3,11,1,88,1,1,2,1,1,2,6,1,9,2,66,8,66,8,66,8,5,15,4,215.659945491481,4,292.964285714286,1.42857142857143,205.075,-.0512630505817245,-.099736764659196
1042,145,2786,8,2,3,5,1,88,1,1,2,1,1,5,6,1,4,7,66,9,66,9,66,10,4,15,4,297.419385640318,5,292.964285714286,1.42857142857143,205.075,-.0512630505817245,-.101086152509983
1042,145,2787,8,1,3,5,1,88,1,1,2,1,1,4,6,1,3,2,66,6,66,6,66,7,5,15,4,220.467620281425,4,292.964285714286,1.42857142857143,205.075,-.0512630505817245,.41788851412153
1042,145,2788,8,1,3,9,1,88,1,1,2,1,1,2,6,1,2,1,66,9,66,9,66,10,4,15,4,213.604900789007,3,292.964285714286,1.42857142857143,205.075,-.0512630505817245,.961368407026578
1042,145,2789,8,2,3,9,1,88,1,1,2,1,1,2,6,1,2,2,33,7,33,7,33,8,4,15,4,171.836748790222,2,292.964285714286,1.42857142857143,205.075,-.0512630505817245,-.92074453406579
1042,146,413,8,1,3,5,1,88,1,1,1,1,1,4,5,1,4,5,66,7,66,7,66,7,4,15,4,159.370812299182,2,292.964285714286,1.42857142857143,205.075,-.41827921764906,.213862075188719
1042,146,2764,8,1,3,2,1,88,1,1,2,1,1,99,99,3,99,99,66,6,66,6,66,6,4,15,4,153.035119386718,1,292.964285714286,1.42857142857143,205.075,-.41827921764906,-.101086152509983
1042,146,2765,8,2,3,7,1,88,1,1,2,1,1,4,7,1,4,7,66,8,66,9,66,9,4,15,4,256.252069473569,5,292.964285714286,1.42857142857143,205.075,-.41827921764906,-.803134657625335
1042,146,2767,8,2,3,11,1,88,1,1,2,1,1,7,7,1,9,3,66,8,66,9,66,9,4,15,4,224.736723184685,4,292.964285714286,1.42857142857143,205.075,-.41827921764906,1.69996342384489
1042,146,2768,8,1,3,4,1,88,1,1,2,1,1,2,8,1,2,7,66,6,66,6,66,6,4,15,4,134.485300338537,1,292.964285714286,1.42857142857143,205.075,-.41827921764906,-.101086152509983
1042,146,2769,8,2,3,6,1,88,1,3,2,1,3,2,8,3,4,8,66,7,66,7,66,8,4,15,4,180.151034229859,2,292.964285714286,1.42857142857143,205.075,-.41827921764906,-.237838191123116
1042,146,2770,8,2,3,12,1,88,1,1,2,1,1,2,5,1,2,5,66,6,66,6,66,6,4,15,4,131.854739578627,1,292.964285714286,1.42857142857143,205.075,-.41827921764906,-.099736764659196
1042,146,2771,8,2,3,10,1,88,1,1,2,1,1,4,7,1,4,8,66,8,66,8,66,9,4,15,4,186.194707339138,3,292.964285714286,1.42857142857143,205.075,-.41827921764906,-.605180921787631
1042,146,2772,8,2,3,10,1,88,1,1,2,1,1,4,6,1,4,99,66,7,66,7,66,6,4,15,4,172.815196660325,2,292.964285714286,1.42857142857143,205.075,-.41827921764906,-.101086152509983
1042,146,2773,8,2,3,7,1,88,1,1,2,1,1,2,8,1,4,8,66,7,66,7,66,6,4,15,4,207.890736844594,3,292.964285714286,1.42857142857143,205.075,-.41827921764906,-.592265796864011
1042,146,2774,8,2,4,2,1,88,1,1,2,1,1,2,8,1,2,8,66,6,66,6,66,6,4,15,4,163.469151865825,2,292.964285714286,1.42857142857143,205.075,-.41827921764906,-1.51950702158333
1042,146,2775,8,2,3,12,1,88,1,1,2,1,1,2,5,1,2,2,66,6,66,6,66,6,4,15,4,139.622778657666,1,292.964285714286,1.42857142857143,205.075,-.41827921764906,-.488186429926633
1042,146,2776,8,2,3,6,1,88,1,1,2,1,1,4,5,1,2,2,66,7,66,7,66,6,4,15,4,198.889302334715,3,292.964285714286,1.42857142857143,205.075,-.41827921764906,-.730982607907387
1042,146,2777,8,2,3,11,1,88,1,1,2,1,1,2,8,1,4,2,66,7,66,8,66,8,4,15,4,199.499180495072,3,292.964285714286,1.42857142857143,205.075,-.41827921764906,-1.11808288532404
1042,146,2778,8,2,3,7,1,88,1,1,2,1,1,2,5,1,4,2,66,6,66,6,66,6,4,15,4,163.469151865825,2,292.964285714286,1.42857142857143,205.075,-.41827921764906,-1.11808288532404
1042,146,2779,8,1,4,4,1,88,1,1,2,1,1,4,6,1,4,2,66,6,66,6,66,6,4,15,4,149.757714662002,1,292.964285714286,1.42857142857143,205.075,-.41827921764906,-.29023269408893
1042,146,2780,8,1,3,7,1,88,1,1,2,1,1,4,4,1,4,2,66,6,66,6,66,6,4,15,4,144.267263800405,1,292.964285714286,1.42857142857143,205.075,-.41827921764906,-1.11808288532404
982,9,5,8,2,3,3,1,88,1,1,2,1,1,2,8,1,4,8,6,6,5,5,5,5,1,16,4,154.63605073351,1,188.8,5.92307692307692,31.8753246753247,-.530130696264313, 
982,9,6,8,1,2,8,1,88,3,1,2,1,1,2,8,1,1,1,7,7,6,6,6,6,1,16,4,173.032778292153,2,188.8,5.92307692307692,31.8753246753247,-.530130696264313, 
982,9,459,8,1,3,6,1,88,1,1,2,1,1,4,7,1,4,6,8,8,7,7,6,6,1,16,4,181.593741125249,2,188.8,5.92307692307692,31.8753246753247,-.530130696264313,.528810302887421
982,9,463,8,1,3,8,1,88,1,1,1,1,1,2,7,1,4,7,9,9,8,8,9,9,1,16,4,217.719568690296,4,188.8,5.92307692307692,31.8753246753247,-.530130696264313,.352578886232095
982,9,466,8,1,3,8,1,88,1,1,1,1,1,3,8,1,9,7,8,8,9,9,8,8,2,16,4,201.841492220508,3,188.8,5.92307692307692,31.8753246753247,-.530130696264313,.742203615825163
982,9,470,8,1,3,11,1,88,1,1,2,1,1,4,8,1,2,2,7,7,6,6,6,6,1,16,4,121.986922678729,1,188.8,5.92307692307692,31.8753246753247,-.530130696264313, 
982,9,474,8,1,3,5,1,88,1,1,1,1,1,2,6,1,4,8,8,8,7,7,6,6,1,16,4,164.011619115489,2,188.8,5.92307692307692,31.8753246753247,-.530130696264313,-.293033354552216
982,9,475,8,2,3,6,1,88,1,1,2,1,1,2,7,1,2,2,8,8,8,8,8,8,1,16,4,210.961577231955,3,188.8,5.92307692307692,31.8753246753247,-.530130696264313,-1.23569276176449
982,9,476,8,1,3,2,1,88,1,1,1,1,1,4,6,1,4,6,8,8,9,9,8,8,1,16,4,208.839444713797,3,188.8,5.92307692307692,31.8753246753247,-.530130696264313,.0900251614992073
982,9,477,8,2,3,11,1,88,1,1,2,1,1,2,8,1,2,8,7,7,7,7,8,8,1,16,4,194.977645031822,3,188.8,5.92307692307692,31.8753246753247,-.530130696264313, 
982,9,478,8,1,3,11,1,88,1,1,1,1,1,4,6,1,4,7,9,9,8,8,8,8,1,16,4,222.405814491397,4,188.8,5.92307692307692,31.8753246753247,-.530130696264313,-.101086152509983
982,9,479,8,2,3,5,1,88,1,1,1,1,1,2,6,1,4,1,9,9,8,8,8,8,1,16,4,215.48914782235,4,188.8,5.92307692307692,31.8753246753247,-.530130696264313,-.539871293898197
982,9,480,8,2,3,5,1,88,1,1,2,1,1,4,8,1,4,6,8,8,7,7,8,8,1,16,4,189.186418087186,3,188.8,5.92307692307692,31.8753246753247,-.530130696264313,-.29023269408893
982,9,481,8,2,4,1,1,88,1,1,2,1,1,2,8,1,2,8,8,8,6,6,9,9,1,16,4,220.08352478628,4,188.8,5.92307692307692,31.8753246753247,-.530130696264313,-1.93774126687984
982,9,482,8,2,3,12,1,88,1,1,2,1,1,2,8,1,2,2,8,8,8,8,8,8,2,16,4,185.60899367712,3,188.8,5.92307692307692,31.8753246753247,-.530130696264313,-2.25268949457855
982,9,483,8,1,3,4,1,88,1,1,2,1,1,2,8,1,2,2,9,9,9,9,9,9,1,16,4,276.146213817371,5,188.8,5.92307692307692,31.8753246753247,-.530130696264313,-1.42483930334344
982,10,4,8,2,2,5,1,88,3,1,2,1,1,1,4,1,4,8,7,7,7,7,7,7,1,16,4,223.032697784688,4,188.8,5.92307692307692,31.8753246753247,.0279578505376325,-.101086152509983
982,10,448,8,2,3,9,1,88,1,1,2,1,2,4,9,1,3,2,8,8,9,9,9,9,1,16,4,190.593814797016,3,188.8,5.92307692307692,31.8753246753247,.0279578505376325,-.730982607907387
982,10,449,8,1,3,12,1,88,1,1,2,1,1,4,4,1,4,5,8,8,9,9,9,9,1,16,4,204.189105685062,3,188.8,5.92307692307692,31.8753246753247,.0279578505376325,.528810302887421
982,10,450,8,2,3,1,1,88,1,1,1,1,1,6,7,1,4,7,9,9,9,9,9,9,2,16,4,239.885047406076,4,188.8,5.92307692307692,31.8753246753247,.0279578505376325,1.25778109111089
982,10,451,8,2,3,6,1,88,1,1,2,1,1,4,8,1,6,7,10,10,10,10,10,10,2,16,4,253.95583235175,5,188.8,5.92307692307692,31.8753246753247,.0279578505376325,.2633237118153
982,10,452,8,1,3,7,1,88,1,1,1,1,1,2,8,1,4,1,8,8,9,9,8,8,1,16,4,220.08352478628,4,188.8,5.92307692307692,31.8753246753247,.0279578505376325,-.329875172306237
982,10,453,8,1,4,2,1,88,1,1,1,1,4,9,5,1,4,7,6,6,6,6,6,6,1,16,4,175.643834811389,2,188.8,5.92307692307692,31.8753246753247,.0279578505376325,.896768418131394
982,10,454,8,1,3,3,1,88,1,1,1,1,1,6,5,1,9,5,9,9,10,10,9,9,2,16,4,219.656309142267,4,188.8,5.92307692307692,31.8753246753247,.0279578505376325,1.03352045674453
982,10,455,8,1,3,10,1,88,1,1,2,1,1,4,5,1,4,8,6,6,6,6,6,6,1,16,4,158.268359807713,2,188.8,5.92307692307692,31.8753246753247,.0279578505376325,1.20816839491141
982,10,456,8,1,3,4,1,88,1,1,1,1,1,4,7,1,4,7,6,6,7,7,6,6,2,16,4,176.811647048498,2,188.8,5.92307692307692,31.8753246753247,.0279578505376325,.0900251614992073
982,10,457,8,2,4,3,1,88,1,1,1,1,1,9,5,1,9,7,8,8,8,8,9,9,2,16,4,194.977645031822,3,188.8,5.92307692307692,31.8753246753247,.0279578505376325,-.539871293898197
982,10,458,8,2,3,12,1,88,1,1,1,1,1,4,8,1,9,1,7,7,6,6,7,7,1,16,4,180.54704763707,2,188.8,5.92307692307692,31.8753246753247,.0279578505376325,.909683543055015
982,10,460,8,1,3,7,1,88,1,1,1,1,1,4,5,1,4,8,6,6,5,5,5,5,1,16,4,148.925198793746,1,188.8,5.92307692307692,31.8753246753247,.0279578505376325,-1.0445814477553
982,10,461,8,2,4,2,1,88,1,1,1,1,1,4,4,1,9,5,9,9,8,8,8,8,1,16,4,217.403714843654,4,188.8,5.92307692307692,31.8753246753247,.0279578505376325,2.19175845277837
982,10,462,8,1,3,8,1,88,1,1,1,1,1,4,7,1,9,7,9,9,10,10,9,9,1,16,4,186.117187524687,3,188.8,5.92307692307692,31.8753246753247,.0279578505376325,-.224923066199495
982,10,464,8,2,3,7,1,88,1,1,2,1,1,2,8,1,1,8,5,5,5,5,5,5,1,16,4,172.198447109038,2,188.8,5.92307692307692,31.8753246753247,.0279578505376325,-1.42483930334344
982,10,465,8,2,3,1,1,88,1,1,2,1,1,1,8,1,2,2,6,6,6,6,10,10,1,16,4,203.766688723793,3,188.8,5.92307692307692,31.8753246753247,.0279578505376325,-.7296332200566
982,10,467,8,1,3,3,1,88,1,1,1,1,1,3,7,1,4,7,7,7,8,8,8,8,1,16,4,225.970337627724,4,188.8,5.92307692307692,31.8753246753247,.0279578505376325,-.416034380208685
982,10,468,8,1,3,11,1,88,1,1,2,1,1,4,5,1,99,99,6,6,8,8,7,7,1,16,4,166.428912817978,2,188.8,5.92307692307692,31.8753246753247,.0279578505376325,1.03352045674453
982,10,469,8,2,3,7,1,88,1,1,2,1,1,99,99,1,4,8,6,6,5,5,5,5,2,16,4,176.622278965223,2,188.8,5.92307692307692,31.8753246753247,.0279578505376325,1.42171276742206
982,10,471,8,2,4,3,1,88,1,1,2,1,2,2,8,1,2,2,8,8,9,9,8,8,1,16,4,205.380081543092,3,188.8,5.92307692307692,31.8753246753247,.0279578505376325,-1.93774126687984
982,10,472,8,2,3,7,1,88,1,1,1,1,1,2,6,1,2,6,6,6,8,8,7,7,1,16,4,177.267067596363,2,188.8,5.92307692307692,31.8753246753247,.0279578505376325,-1.24799250210866
982,10,473,8,1,3,10,1,88,1,1,9,1,1,2,8,1,2,2,7,7,8,8,7,7,1,16,4,213.604900789007,3,188.8,5.92307692307692,31.8753246753247,.0279578505376325,-1.46448178156075
1063,189,613,8,2,3,8,1,88,1,1,1,1,1,7,1,1,11,3,9,9,8,8,9,9,1,20,5,208.379985496099,3,71.2880434782609,3.82608695652174,18.6321022727273,.200387088818157,2.24137114897786
1063,189,614,8,2,4,1,1,88,1,1,1,1,1,4,7,1,9,7,9,9,10,10,9,9,1,20,5,205.516994371689,3,71.2880434782609,3.82608695652174,18.6321022727273,.200387088818157,1.02060533182091
1063,189,615,8,1,3,5,1,88,1,1,1,1,9,2,7,1,4,7,8,8,7,7,9,9,1,20,5,210.293848278452,3,71.2880434782609,3.82608695652174,18.6321022727273,.200387088818157,.719921616896611
1063,189,616,8,2,3,10,1,88,1,1,1,1,1,4,7,1,4,7,9,9,9,9,9,9,1,20,5,197.554199645746,3,71.2880434782609,3.82608695652174,18.6321022727273,.200387088818157,-.605180921787631
1063,189,617,8,1,3,8,1,88,1,1,2,2,9,99,99,1,99,99,7,7,5,5,6,6,1,20,5,133.972325842708,1,71.2880434782609,3.82608695652174,18.6321022727273,.200387088818157, 
1063,189,618,8,2,3,10,1,88,1,1,1,1,1,11,3,1,9,7,9,9,9,9,10,10,1,20,5,227.695959022804,4,71.2880434782609,3.82608695652174,18.6321022727273,.200387088818157,2.24137114897786
1063,189,624,8,2,3,12,1,88,1,1,1,1,1,4,7,1,9,7,7,7,7,7,7,7,1,20,5,173.032778292153,2,71.2880434782609,3.82608695652174,18.6321022727273,.200387088818157, 
1063,189,626,8,1,3,12,1,88,1,1,1,1,1,4,7,1,4,7,7,7,7,7,8,8,1,20,5,207.890736844594,3,71.2880434782609,3.82608695652174,18.6321022727273,.200387088818157,-.605180921787631
1063,189,627,8,1,3,3,1,88,1,1,2,1,1,2,6,1,2,2,8,8,7,7,7,7,1,20,5,199.391543944644,3,71.2880434782609,3.82608695652174,18.6321022727273,.200387088818157,-.92074453406579
1063,189,628,8,1,3,10,1,88,1,1,1,1,1,2,6,1,4,2,8,8,7,7,7,7,1,20,5,180.54704763707,2,71.2880434782609,3.82608695652174,18.6321022727273,.200387088818157,-.101086152509983
1063,189,634,8,2,3,1,1,88,1,1,2,1,1,4,7,1,6,2,9,9,9,9,8,8,1,20,5,224.736723184685,4,71.2880434782609,3.82608695652174,18.6321022727273,.200387088818157,1.05600388128728
1063,189,635,8,2,3,6,1,88,1,1,2,1,1,4,8,1,4,7,9,9,9,9,9,9,1,20,5,217.819842812645,4,71.2880434782609,3.82608695652174,18.6321022727273,.200387088818157,-.920129149486334
1063,189,638,8,2,3,4,1,88,1,1,1,1,1,4,7,1,4,7,8,8,8,8,7,7,1,20,5,213.286742768821,3,71.2880434782609,3.82608695652174,18.6321022727273,.200387088818157,.541725427811042
1063,189,639,8,2,3,11,1,88,1,1,2,1,1,99,99,1,99,99,8,8,8,8,8,8,1,20,5,177.430542437889,2,71.2880434782609,3.82608695652174,18.6321022727273,.200387088818157,-.539871293898197
1063,189,3430,8,1,4,1,1,88,1,1,2,1,1,4,8,1,4,7,6,6,5,5,6,6,1,20,5,193.73738081401,3,71.2880434782609,3.82608695652174,18.6321022727273,.200387088818157,-.539871293898197
1063,189,3431,8,2,4,1,1,88,1,1,1,1,1,4,7,1,7,2,9,9,9,9,9,9,1,20,5,228.965826975384,4,71.2880434782609,3.82608695652174,18.6321022727273,.200387088818157,.26687196273399
1063,189,3433,8,2,3,2,1,88,1,1,1,1,1,3,6,1,4,8,8,8,7,7,9,9,1,20,5,258.782824403423,5,71.2880434782609,3.82608695652174,18.6321022727273,.200387088818157,.0247155336097724
1063,189,3434,8,2,3,7,1,88,1,1,2,1,1,99,99,1,2,2,9,9,9,9,8,8,1,20,5,197.696847883919,3,71.2880434782609,3.82608695652174,18.6321022727273,.200387088818157,.0900251614992073
1063,189,3435,8,1,3,12,1,88,1,1,1,1,1,2,6,1,2,8,7,7,6,6,6,6,1,20,5,181.218531792574,2,71.2880434782609,3.82608695652174,18.6321022727273,.200387088818157,-.414684992357898
1063,189,3441,8,1,3,7,1,88,1,1,2,1,1,4,6,1,4,2,7,7,7,7,7,7,1,20,5,194.131377576185,3,71.2880434782609,3.82608695652174,18.6321022727273,.200387088818157,-.29023269408893
1063,189,3442,8,2,3,7,1,88,1,1,2,1,1,4,6,1,4,2,7,7,6,6,7,7,1,20,5,186.223210868742,3,71.2880434782609,3.82608695652174,18.6321022727273,.200387088818157, 
1063,189,3443,8,1,3,10,1,88,1,1,1,1,1,2,8,1,2,2,7,7,6,6,7,7,1,20,5,115.315912484084,1,71.2880434782609,3.82608695652174,18.6321022727273,.200387088818157, 
1063,190,619,8,1,3,1,1,88,1,1,1,1,1,4,5,1,9,7,7,7,6,6,8,8,2,20,5,186.223210868742,3,71.2880434782609,3.82608695652174,18.6321022727273,.599212566308746, 
1063,190,620,8,2,3,5,1,88,1,1,1,1,1,4,8,1,9,99,9,9,6,6,8,8,2,20,5,233.241010383997,4,71.2880434782609,3.82608695652174,18.6321022727273,.599212566308746,.742203615825163
1063,190,621,8,1,3,11,1,88,1,1,2,1,1,11,3,1,11,7,9,9,8,8,9,9,2,20,5,228.576352895939,4,71.2880434782609,3.82608695652174,18.6321022727273,.599212566308746,1.84026371337671
1063,190,622,8,2,3,10,1,88,1,1,1,1,1,4,5,1,9,1,8,8,8,8,10,10,2,20,5,185.60899367712,3,71.2880434782609,3.82608695652174,18.6321022727273,.599212566308746,2.17769536561816
1063,190,623,8,1,3,10,1,88,1,1,1,1,1,2,8,1,11,7,7,7,6,6,10,10,2,20,5,222.606703967896,4,71.2880434782609,3.82608695652174,18.6321022727273,.599212566308746, 
1063,190,625,8,2,3,12,1,88,1,1,2,1,9,9,5,1,7,5,7,7,5,5,7,7,2,20,5,197.696847883919,3,71.2880434782609,3.82608695652174,18.6321022727273,.599212566308746,1.69996342384489
1063,190,629,8,1,3,4,1,88,1,1,1,1,1,4,6,1,4,7,7,7,5,5,8,8,2,20,5,208.379985496099,3,71.2880434782609,3.82608695652174,18.6321022727273,.599212566308746, 
1063,190,630,8,2,3,3,1,88,1,1,1,1,1,2,1,1,2,2,8,8,8,8,9,9,2,20,5,219.656309142267,4,71.2880434782609,3.82608695652174,18.6321022727273,.599212566308746,-.854819521596899
1063,190,631,8,2,3,2,1,88,1,1,1,1,1,2,8,1,4,1,8,8,8,8,9,9,2,20,5,208.379985496099,3,71.2880434782609,3.82608695652174,18.6321022727273,.599212566308746,-.920129149486334
1063,190,632,8,1,3,8,1,88,1,1,1,1,1,2,6,1,4,7,6,6,6,6,8,8,2,20,5,208.325994839857,3,71.2880434782609,3.82608695652174,18.6321022727273,.599212566308746,.942832863412192
1063,190,633,8,2,3,9,1,88,1,1,1,1,1,2,4,1,4,99,8,8,6,6,8,8,2,20,5,208.839444713797,3,71.2880434782609,3.82608695652174,18.6321022727273,.599212566308746,.867389917365462
1063,190,636,8,2,3,8,1,88,1,1,1,1,1,4,7,1,7,7,9,9,7,7,10,10,2,20,5,224.913155021663,4,71.2880434782609,3.82608695652174,18.6321022727273,.599212566308746,.0505457834570143
1063,190,637,8,1,3,12,1,88,1,1,2,1,1,3,6,1,4,1,7,7,5,5,7,7,2,20,5,156.715747270432,2,71.2880434782609,3.82608695652174,18.6321022727273,.599212566308746,-.730982607907387
1063,190,640,8,1,3,7,1,88,1,1,2,1,9,2,6,1,2,8,6,6,6,6,7,7,2,20,5,177.23634866773,2,71.2880434782609,3.82608695652174,18.6321022727273,.599212566308746,-.7296332200566
1063,190,641,8,2,4,1,1,88,1,1,1,1,1,4,7,1,7,7,9,9,9,9,10,10,2,20,5,291.223312340104,5,71.2880434782609,3.82608695652174,18.6321022727273,.599212566308746,.804731436948272
1063,190,3432,8,2,3,4,1,88,1,1,1,1,1,2,7,1,4,6,9,9,7,7,9,9,2,20,5,219.656309142267,4,71.2880434782609,3.82608695652174,18.6321022727273,.599212566308746,.528810302887421
1063,190,3436,8,2,3,5,1,88,1,1,1,1,1,9,99,1,3,9,9,9,9,9,10,10,2,20,5,315.270287012014,5,71.2880434782609,3.82608695652174,18.6321022727273,.599212566308746,-.854819521596899
1063,190,3437,8,2,3,9,1,88,1,1,2,1,1,2,99,1,4,7,9,9,7,7,10,10,2,20,5,212.631247293932,3,71.2880434782609,3.82608695652174,18.6321022727273,.599212566308746,.413192300966251
1063,190,3438,8,1,4,2,1,88,1,1,1,1,1,3,5,1,4,5,6,6,5,5,6,6,2,20,5,206.335043167921,3,71.2880434782609,3.82608695652174,18.6321022727273,.599212566308746,.614969510789869
1063,190,3439,8,2,3,12,1,88,1,1,1,1,1,2,5,2,5,5,8,8,9,9,9,9,2,20,5,202.164670218052,3,71.2880434782609,3.82608695652174,18.6321022727273,.599212566308746,1.37210007122257
1063,190,3440,8,1,3,11,1,88,1,1,1,1,1,7,7,1,9,3,9,9,7,7,9,9,2,20,5,195.039872279547,3,71.2880434782609,3.82608695652174,18.6321022727273,.599212566308746,1.02060533182091
1063,190,3444,8,2,3,11,1,88,1,1,1,1,1,4,6,1,9,7,8,8,6,6,8,8,2,20,5,196.395065752615,3,71.2880434782609,3.82608695652174,18.6321022727273,.599212566308746,1.42171276742206
1063,190,3445,8,1,3,2,1,88,1,1,2,1,1,9,5,1,10,7,7,7,7,7,9,9,2,20,5,201.841492220508,3,71.2880434782609,3.82608695652174,18.6321022727273,.599212566308746,1.69996342384489
1063,190,3446,8,2,3,10,1,88,1,1,1,1,1,9,99,1,4,7,8,8,7,7,10,10,2,20,5,258.936707278728,5,71.2880434782609,3.82608695652174,18.6321022727273,.599212566308746,.476868084325949
1039,135,2592,8,1,3,10,1,88,1,1,2,1,1,1,6,1,4,2,6,6,7,7,6,6,2,14,4,177.149041506335,2,22.2592592592593,2.22222222222222,10.0166666666667,-.394266685885338,-2.26151900966808
1039,135,2593,8,2,3,12,1,88,1,1,2,1,1,2,1,3,4,2,9,9,7,7,8,8,2,14,4,235.461848350473,4,22.2592592592593,2.22222222222222,10.0166666666667,-.394266685885338,-1.04593083560609
1039,135,2594,8,1,3,3,1,88,1,1,1,1,1,2,4,1,2,2,7,7,7,7,7,7,2,14,4,203.054715821585,3,22.2592592592593,2.22222222222222,10.0166666666667,-.394266685885338,-1.11269173610802
1039,135,2595,8,2,3,9,1,88,1,1,2,1,1,3,8,1,3,2,6,6,6,6,5,5,2,14,4,166.247244242638,2,22.2592592592593,2.22222222222222,10.0166666666667,-.394266685885338,.856673655509744
1039,135,2596,8,2,3,11,1,88,1,1,2,1,1,4,7,1,2,2,7,7,6,6,8,8,2,14,4,234.609075508831,4,22.2592592592593,2.22222222222222,10.0166666666667,-.394266685885338,-.403119255285064
1039,135,2597,8,1,3,7,1,88,1,1,1,1,1,4,4,1,9,6,7,7,7,7,7,7,2,14,4,215.325339123759,4,22.2592592592593,2.22222222222222,10.0166666666667,-.394266685885338,2.49264359331687
1039,135,2598,8,1,3,9,3,99,1,2,1,1,4,2,6,4,2,2,7,7,7,7,8,8,2,14,4,203.852389044953,3,22.2592592592593,2.22222222222222,10.0166666666667,-.394266685885338,.41788851412153
1039,135,2599,8,1,3,11,1,88,1,1,2,1,1,2,8,1,3,2,6,6,6,6,7,7,2,14,4,212.807948766269,3,22.2592592592593,2.22222222222222,10.0166666666667,-.394266685885338,-1.73978753104214
1039,135,2600,8,1,3,4,1,88,1,1,2,1,1,4,8,1,4,2,8,8,7,7,7,7,2,14,4,210.013605719334,3,22.2592592592593,2.22222222222222,10.0166666666667,-.394266685885338,-.539871293898197
1039,135,2601,8,2,3,11,1,88,1,1,2,1,1,4,8,1,4,7,7,7,7,7,8,8,2,14,4,203.069127843401,3,22.2592592592593,2.22222222222222,10.0166666666667,-.394266685885338,-.014926944607535
1039,135,2602,8,2,4,1,1,88,1,1,2,1,1,2,8,1,9,7,9,9,9,9,9,9,2,14,4,238.203453270138,4,22.2592592592593,2.22222222222222,10.0166666666667,-.394266685885338,.214477459768176
1039,135,2603,8,1,3,7,1,88,1,1,1,1,1,9,7,1,9,99,8,8,8,8,8,8,2,14,4,235.387222112981,4,22.2592592592593,2.22222222222222,10.0166666666667,-.394266685885338,-.416034380208685
1039,135,2604,8,1,3,1,1,88,1,1,2,1,1,2,8,1,4,8,6,6,5,5,4,4,2,14,4,143.30150617893,1,22.2592592592593,2.22222222222222,10.0166666666667,-.394266685885338,-.920129149486334
1039,135,2605,8,1,3,7,1,88,1,1,2,1,1,4,8,1,4,2,7,7,8,8,8,8,2,14,4,194.849426856076,3,22.2592592592593,2.22222222222222,10.0166666666667,-.394266685885338,.279787087657611
1039,135,3707,8,1,3,3,1,88,1,1,2,1,1,2,8,1,2,8,6,6,5,5,4,4,2,14,4,163.034577644123,2,22.2592592592593,2.22222222222222,10.0166666666667,-.394266685885338,-.552786418821818
1039,136,2606,8,2,3,6,1,88,1,1,1,1,1,3,4,1,2,4,6,6,7,7,6,6,1,14,4,172.144467657483,2,22.2592592592593,2.22222222222222,10.0166666666667,-.422802304250602,.0900251614992073
1039,136,2607,8,1,4,2,1,88,1,1,1,1,1,2,9,1,2,2,5,5,7,7,5,5,1,14,4,144.298612844661,1,22.2592592592593,2.22222222222222,10.0166666666667,-.422802304250602,-1.11808288532404
1039,136,2608,8,1,3,8,1,88,1,1,2,1,1,2,8,1,4,6,6,6,7,7,6,6,1,14,4,163.34372951557,2,22.2592592592593,2.22222222222222,10.0166666666667,-.422802304250602,-.428949505132306
1039,136,2609,8,1,3,5,1,88,1,1,2,1,1,2,8,1,2,8,6,6,7,7,7,7,2,14,4,203.054715821584,3,22.2592592592593,2.22222222222222,10.0166666666667,-.422802304250602,-1.73978753104214
1039,136,2610,8,2,3,5,1,88,1,1,1,1,1,4,8,1,2,2,7,7,7,7,9,9,1,14,4,190.003528473952,3,22.2592592592593,2.22222222222222,10.0166666666667,-.422802304250602,-.329875172306237
1039,136,2611,8,1,3,6,1,88,1,1,2,1,1,4,7,1,4,8,7,7,7,7,7,7,1,14,4,199.281873834937,3,22.2592592592593,2.22222222222222,10.0166666666667,-.422802304250602,.804731436948272
1039,136,2612,8,2,3,12,1,88,1,1,2,1,2,4,8,1,4,2,8,8,9,9,9,9,1,14,4,247.14680845765,5,22.2592592592593,2.22222222222222,10.0166666666667,-.422802304250602,.404973389197909
1039,136,2613,8,2,3,3,1,88,1,1,2,1,1,9,99,1,9,7,7,7,7,7,8,8,1,14,4,180.871486981834,2,22.2592592592593,2.22222222222222,10.0166666666667,-.422802304250602,1.22463177075372
1039,136,2614,8,1,4,3,1,88,1,1,2,1,1,4,4,2,7,2,7,7,9,9,8,8,1,14,4,227.695959022804,4,22.2592592592593,2.22222222222222,10.0166666666667,-.422802304250602,.667527113930797
1039,136,2615,8,1,3,5,1,88,1,3,2,1,2,4,99,2,4,99,5,5,7,7,6,6,1,14,4,163.138871339838,2,22.2592592592593,2.22222222222222,10.0166666666667,-.422802304250602,-.539871293898197
1039,136,2616,8,2,3,3,1,88,1,1,2,1,1,4,8,1,4,2,6,6,5,5,5,5,1,14,4,143.530197573359,1,22.2592592592593,2.22222222222222,10.0166666666667,-.422802304250602,-.539871293898197
1039,136,2617,8,1,3,8,1,88,1,1,2,1,1,4,8,1,4,2,6,6,7,7,7,7,1,14,4,210.961577231955,3,22.2592592592593,2.22222222222222,10.0166666666667,-.422802304250602,-.539871293898197
1039,136,2618,8,1,3,6,1,88,1,1,2,1,1,2,8,1,4,99,6,6,8,8,6,6,1,14,4,173.997587355537,2,22.2592592592593,2.22222222222222,10.0166666666667,-.422802304250602,-.014926944607535
1039,136,2619,8,1,3,10,1,88,1,1,2,1,1,2,6,1,4,8,6,6,7,7,6,6,1,14,4,168.556417885604,2,22.2592592592593,2.22222222222222,10.0166666666667,-.422802304250602,-.101086152509983
1039,136,2620,8,1,3,1,1,88,1,1,2,1,1,3,5,1,3,7,6,6,7,7,6,6,1,14,4,176.622278965223,2,22.2592592592593,2.22222222222222,10.0166666666667,-.422802304250602,-.605180921787631
1039,136,2621,8,2,3,7,1,88,1,3,2,1,3,2,8,3,2,2,6,6,6,6,6,6,1,14,4,174.908745715891,2,22.2592592592593,2.22222222222222,10.0166666666667,-.422802304250602,-1.10989107564474
1039,136,2622,8,1,3,10,1,88,1,1,1,1,1,2,8,1,2,2,7,7,9,9,7,7,1,14,4,229.792059618547,4,22.2592592592593,2.22222222222222,10.0166666666667,-.422802304250602,-2.05473575874084
1039,136,2623,8,2,3,12,4,3,1,2,2,1,4,7,8,4,5,1,7,7,6,6,6,6,1,14,4,172.591749264034,2,22.2592592592593,2.22222222222222,10.0166666666667,-.422802304250602,-.428334120552849
1039,136,2918,8,2,1,2,1,88,3,1,9,9,1,3,6,1,99,2,5,5,5,5,6,6,1,14,4,124.011780670643,1,22.2592592592593,2.22222222222222,10.0166666666667,-.422802304250602,-1.30784481148244
1039,136,2919,8,1,2,9,4,5,3,2,2,1,4,3,6,4,99,2,5,5,6,6,5,5,1,14,4,153.354743876795,1,22.2592592592593,2.22222222222222,10.0166666666667,-.422802304250602,-.620896707174539
1039,136,3763,8,1,3,6,1,88,1,3,1,1,3,2,6,3,2,2,6,6,6,6,6,6,1,14,4,186.066148174969,3,22.2592592592593,2.22222222222222,10.0166666666667,-.422802304250602,-.59153179359268
985,21,12,8,2,3,1,1,88,1,1,2,1,1,4,8,1,2,1,6,6,6,6,5,5,1,2,1,144.348890218511,1,157.65,2.0625,76.4363636363636,-.42294754672765,-.488186429926633
985,21,647,8,2,3,4,1,88,1,1,1,1,1,2,4,1,4,7,7,7,8,8,7,7,1,2,1,144.713610015379,1,157.65,2.0625,76.4363636363636,-.42294754672765, 
985,21,648,8,1,3,7,1,88,1,1,2,1,1,2,8,1,2,6,6,6,7,7,6,6,1,2,1,159.003058341781,2,157.65,2.0625,76.4363636363636,-.42294754672765,-.539871293898197
985,21,649,8,2,3,3,1,88,1,1,1,1,1,4,6,2,7,7,8,8,7,7,7,7,1,2,1,195.021578005022,3,157.65,2.0625,76.4363636363636,-.42294754672765,-.113385892854147
985,21,650,8,1,3,9,1,88,1,1,2,1,1,2,6,1,4,7,9,9,9,9,7,7,1,2,1,229.999961992681,4,157.65,2.0625,76.4363636363636,-.42294754672765,.0900251614992073
985,21,651,8,1,3,2,1,88,1,1,2,1,1,2,8,1,4,7,6,6,9,9,7,7,1,2,1,167.351489951188,2,157.65,2.0625,76.4363636363636,-.42294754672765,.0247155336097724
985,21,652,8,1,3,5,1,88,1,1,1,1,1,2,8,1,7,8,7,7,9,9,7,7,1,2,1,208.325994839857,3,157.65,2.0625,76.4363636363636,-.42294754672765,-.626287856390553
985,21,653,8,1,3,9,1,88,1,1,2,1,1,2,8,1,4,1,6,6,7,7,6,6,1,2,1,198.364787101001,3,157.65,2.0625,76.4363636363636,-.42294754672765,.0900251614992073
985,21,655,8,2,3,1,1,88,1,1,2,1,1,2,8,1,2,2,6,6,6,6,6,6,1,2,1,148.252360096773,1,157.65,2.0625,76.4363636363636,-.42294754672765,-2.11458806811463
985,21,656,8,2,3,1,1,88,1,1,2,1,1,2,8,1,2,2,6,6,7,7,6,6,1,2,1,158.584374985538,2,157.65,2.0625,76.4363636363636,-.42294754672765,-2.05473575874084
985,21,660,8,1,4,3,1,88,1,1,9,1,1,3,5,1,7,5,8,8,7,7,7,7,1,2,1,159.378847967569,2,157.65,2.0625,76.4363636363636,-.42294754672765, 
985,21,661,8,2,3,11,1,88,1,1,2,1,1,2,6,3,99,8,8,8,8,8,8,8,1,2,1,222.301402077163,4,157.65,2.0625,76.4363636363636,-.42294754672765,-.592265796864011
985,21,662,8,1,3,2,1,88,1,3,2,1,4,6,8,4,6,2,8,8,9,9,8,8,1,2,1,205.516994371689,3,157.65,2.0625,76.4363636363636,-.42294754672765,.732836741820232
985,21,663,8,1,3,3,1,88,1,1,2,1,1,3,6,1,4,6,8,8,9,9,7,7,1,2,1,205.516994371689,3,157.65,2.0625,76.4363636363636,-.42294754672765,.390708876423502
985,21,664,8,1,3,1,1,88,1,1,1,1,1,4,7,1,2,7,7,7,7,7,7,7,1,2,1,190.593814797016,3,157.65,2.0625,76.4363636363636,-.42294754672765, 
985,21,665,8,1,3,4,1,88,1,1,2,1,1,3,8,1,3,8,9,9,8,8,8,8,1,2,1,203.246705123247,3,157.65,2.0625,76.4363636363636,-.42294754672765,.741055653588574
985,21,666,8,1,3,8,1,88,1,1,2,1,1,2,8,1,2,8,6,6,7,7,6,6,1,2,1,203.600791430613,3,157.65,2.0625,76.4363636363636,-.42294754672765,-1.93774126687984
985,21,667,8,1,3,4,1,88,1,1,1,1,1,2,1,1,2,8,6,6,7,7,6,6,1,2,1,154.636050733511,1,157.65,2.0625,76.4363636363636,-.42294754672765, 
985,21,668,8,1,3,7,1,88,1,1,2,1,1,4,6,1,5,8,8,8,10,10,8,8,1,2,1,265.719388801059,5,157.65,2.0625,76.4363636363636,-.42294754672765,-1.30784481148244
985,21,669,8,2,3,6,1,88,1,1,2,1,1,4,7,1,9,7,10,10,10,10,10,10,1,2,1,265.719388801059,5,157.65,2.0625,76.4363636363636,-.42294754672765,.476868084325949
985,21,670,8,1,3,8,1,88,1,1,2,1,1,2,6,1,4,6,9,9,10,10,9,9,1,2,1,215.48914782235,4,157.65,2.0625,76.4363636363636,-.42294754672765,-.51963709846464
985,21,671,8,1,3,6,1,88,1,1,2,1,1,7,7,1,5,2,8,8,8,8,7,7,1,2,1,220.08352478628,4,157.65,2.0625,76.4363636363636,-.42294754672765,1.29652646588176
985,21,672,8,2,3,4,1,88,1,1,2,1,1,2,8,2,99,99,7,7,7,7,7,7,1,2,1,172.591749264034,2,157.65,2.0625,76.4363636363636,-.42294754672765,-.29023269408893
985,21,673,8,1,3,8,1,88,1,1,2,1,1,2,8,1,4,7,7,7,9,9,7,7,1,2,1,139.467041250859,1,157.65,2.0625,76.4363636363636,-.42294754672765, 
985,22,10,8,1,2,7,1,88,3,1,2,1,1,2,8,1,2,2,6,6,6,6,5,5,1,2,1,168.556417885604,2,157.65,2.0625,76.4363636363636,-.271511139199078,-3.38321049399897
985,22,11,8,1,2,7,1,88,3,1,1,1,1,3,8,9,99,99,6,6,7,7,6,6,1,2,1,203.852389044953,3,157.65,2.0625,76.4363636363636,-.271511139199078, 
985,22,654,8,2,3,7,1,88,1,1,2,1,1,7,5,1,5,7,9,9,9,9,9,9,1,2,1,224.897275345054,4,157.65,2.0625,76.4363636363636,-.271511139199078,.84437391516558
985,22,657,8,1,3,6,1,88,1,1,2,1,1,3,8,1,3,6,6,6,6,6,6,6,1,2,1,167.957790341578,2,157.65,2.0625,76.4363636363636,-.271511139199078,-.186153327151552
985,22,658,8,1,3,3,1,88,1,1,2,1,1,4,7,1,4,8,8,8,9,9,8,8,1,2,1,217.403714843654,4,157.65,2.0625,76.4363636363636,-.271511139199078,-.803134657625335
985,22,659,8,1,3,7,1,88,1,1,2,1,1,3,6,1,2,8,6,6,6,6,6,6,1,2,1,149.757714662002,1,157.65,2.0625,76.4363636363636,-.271511139199078, 
985,22,674,8,1,3,8,1,88,1,1,2,1,1,7,7,1,4,7,6,6,7,7,6,6,1,2,1,178.524306474106,2,157.65,2.0625,76.4363636363636,-.271511139199078,.434757969226989
985,22,675,8,1,3,7,1,88,1,1,2,1,1,4,6,1,5,7,6,6,7,7,6,6,1,2,1,164.011619115489,2,157.65,2.0625,76.4363636363636,-.271511139199078, 
985,22,676,8,2,3,3,1,88,1,1,1,1,1,9,3,1,9,7,8,8,9,9,8,8,1,2,1,228.179257960942,4,157.65,2.0625,76.4363636363636,-.271511139199078,.909683543055015
985,22,677,8,2,3,5,1,88,1,1,1,1,1,4,6,1,7,7,9,9,7,7,7,7,1,2,1,208.379985496099,3,157.65,2.0625,76.4363636363636,-.271511139199078, 
985,22,678,8,1,3,6,1,88,1,1,1,1,1,7,8,1,7,7,8,8,9,9,7,7,1,2,1,205.380081543092,3,157.65,2.0625,76.4363636363636,-.271511139199078,1.37210007122257
985,22,679,8,2,3,2,1,88,1,3,1,1,4,99,99,4,2,1,7,7,8,8,6,6,1,2,1,228.965826975384,4,157.65,2.0625,76.4363636363636,-.271511139199078,-2.14940347698073
985,22,680,8,2,3,10,1,88,1,1,1,2,1,3,6,1,4,6,7,7,7,7,7,7,1,2,1,194.977645031822,3,157.65,2.0625,76.4363636363636,-.271511139199078, 
985,22,681,8,2,3,10,1,88,1,1,2,1,1,4,5,1,2,8,7,7,8,8,8,8,1,2,1,133.972325842708,1,157.65,2.0625,76.4363636363636,-.271511139199078, 
985,22,682,8,1,3,10,1,88,1,1,2,1,1,4,5,1,2,8,6,6,7,7,6,6,1,2,1,173.803562576967,2,157.65,2.0625,76.4363636363636,-.271511139199078,.352578886232095
985,22,683,8,1,3,8,1,88,1,3,2,1,3,4,8,3,2,8,6,6,6,6,5,5,1,2,1,170.678433237597,2,157.65,2.0625,76.4363636363636,-.271511139199078,-.920129149486334
985,22,684,8,2,3,2,1,88,1,1,2,1,1,4,6,1,3,2,8,8,8,8,7,7,1,2,1,222.301402077163,4,157.65,2.0625,76.4363636363636,-.271511139199078,-.29023269408893
985,22,685,8,2,3,7,1,88,1,1,1,1,1,2,8,1,4,8,8,8,8,8,8,8,1,2,1,217.72987054248,4,157.65,2.0625,76.4363636363636,-.271511139199078,-.224923066199495
985,22,686,8,2,3,6,1,88,1,1,1,1,1,4,5,1,7,7,9,9,9,9,9,9,1,2,1,201.841492220508,3,157.65,2.0625,76.4363636363636,-.271511139199078,1.22463177075372
985,22,687,8,2,3,7,1,88,1,1,2,1,1,7,7,1,4,7,8,8,8,8,7,7,1,2,1,189.186418087186,3,157.65,2.0625,76.4363636363636,-.271511139199078,-.101086152509983
985,22,719,8,1,3,7,1,88,1,1,1,1,1,3,5,1,2,2,8,8,9,9,7,7,1,2,1,212.702072648694,3,157.65,2.0625,76.4363636363636,-.271511139199078,-.501101554850254
985,22,1705,8,1,3,4,1,88,1,1,1,1,1,4,8,3,4,1,7,7,7,7,6,6,1,2,1,215.48914782235,4,157.65,2.0625,76.4363636363636,-.271511139199078,-.92292980994962
985,22,3780,8,2,3,10,4,10,1,2,1,1,4,7,8,4,4,8,6,6,6,6,9,9,1,2,1,168.556417885604,2,157.65,2.0625,76.4363636363636,-.271511139199078, 
985,22,3855,8,1,2,7,9,10,3,9,2,1,3,1,8,1,4,2,6,6,8,8,6,6,1,2,1,154.636050733511,1,157.65,2.0625,76.4363636363636,-.271511139199078, 
986,23,689,8,2,3,10,1,88,1,1,2,1,1,4,7,1,4,7,8,8,8,8,8,8,1,2,1,220.08352478628,4,229.309090909091,1.42424242424242,161.004255319149,.0432104415811437,.312936408014788
986,23,690,8,2,3,5,1,88,1,3,2,1,4,2,8,4,4,2,7,7,7,7,8,8,1,2,1,199.391543944644,3,229.309090909091,1.42424242424242,161.004255319149,.0432104415811437, 
986,23,692,8,1,3,12,1,88,1,3,2,1,2,3,8,2,3,2,5,5,6,6,6,6,1,2,1,194.422876193104,3,229.309090909091,1.42424242424242,161.004255319149,.0432104415811437,-1.24799250210866
986,23,694,8,1,3,12,1,88,1,1,2,1,1,2,9,1,2,8,7,7,7,7,8,8,1,2,1,210.773802069256,3,229.309090909091,1.42424242424242,161.004255319149,.0432104415811437,-1.11808288532404
986,23,695,8,1,3,3,1,88,1,1,9,9,1,4,7,1,4,2,8,8,8,8,6,6,1,2,1,224.701097388842,4,229.309090909091,1.42424242424242,161.004255319149,.0432104415811437,-.173238202227931
986,23,699,8,2,3,3,3,4,1,2,2,1,3,4,8,3,9,1,8,8,9,9,8,8,1,2,1,217.719568690296,4,229.309090909091,1.42424242424242,161.004255319149,.0432104415811437,.48978320924957
986,23,702,8,2,3,11,1,88,1,1,1,1,1,9,4,1,9,5,9,9,9,9,9,9,1,2,1,228.576352895939,4,229.309090909091,1.42424242424242,161.004255319149,.0432104415811437,1.53957999845242
986,23,703,8,2,3,3,1,88,1,1,1,1,1,2,6,1,2,8,6,6,5,5,7,7,1,2,1,208.839444713797,3,229.309090909091,1.42424242424242,161.004255319149,.0432104415811437,-.88419802236283
986,23,704,8,2,4,1,1,88,1,1,2,1,1,2,7,1,4,7,8,8,7,7,7,7,1,2,1,196.340823620549,3,229.309090909091,1.42424242424242,161.004255319149,.0432104415811437,.26687196273399
986,23,706,8,2,3,12,1,88,1,3,2,1,3,4,8,3,4,8,9,9,8,8,9,9,1,2,1,217.243809417857,4,229.309090909091,1.42424242424242,161.004255319149,.0432104415811437,-1.55064098946319
986,23,707,8,1,3,1,1,88,1,1,1,1,1,4,3,1,4,7,8,8,8,8,7,7,1,2,1,218.084214589063,4,229.309090909091,1.42424242424242,161.004255319149,.0432104415811437,.141710025470771
986,23,708,8,1,3,10,1,88,1,1,1,1,3,4,6,1,4,6,8,8,8,8,7,7,1,2,1,235.387222112981,4,229.309090909091,1.42424242424242,161.004255319149,.0432104415811437,-.101086152509983
986,23,711,8,1,3,11,1,88,1,1,2,1,1,9,7,1,4,5,9,9,9,9,9,9,1,2,1,225.014629750171,4,229.309090909091,1.42424242424242,161.004255319149,.0432104415811437,1.22108351983503
986,23,714,8,1,3,2,1,88,1,1,2,1,1,4,4,1,9,7,8,8,9,9,8,8,1,2,1,248.203959546872,5,229.309090909091,1.42424242424242,161.004255319149,.0432104415811437,.41788851412153
986,23,741,8,2,3,3,1,88,1,1,9,9,1,4,4,1,4,8,9,9,9,9,9,9,1,2,1,239.474218564776,4,229.309090909091,1.42424242424242,161.004255319149,.0432104415811437,1.43462789234568
986,23,3774,8,2,3,3,4,10,1,9,1,1,9,99,99,9,99,1,5,5,6,6,5,5,1,2,1,121.986922678729,1,229.309090909091,1.42424242424242,161.004255319149,.0432104415811437,-.101086152509983
986,24,688,8,1,3,9,1,88,1,1,1,1,1,4,8,1,4,5,7,7,6,6,6,6,1,2,1,186.751801862785,3,229.309090909091,1.42424242424242,161.004255319149,.0405871292720633,.41788851412153
986,24,691,8,1,3,3,1,88,1,1,2,1,1,2,6,1,4,2,6,6,7,7,6,6,1,2,1,152.535688093617,1,229.309090909091,1.42424242424242,161.004255319149,.0405871292720633,.41788851412153
986,24,693,8,2,3,8,1,88,1,1,2,1,1,4,6,1,2,6,9,9,8,8,8,8,1,2,1,196.340823620549,3,229.309090909091,1.42424242424242,161.004255319149,.0405871292720633,-.101086152509983
986,24,696,8,2,3,2,1,88,1,3,2,1,3,3,8,3,4,99,8,8,6,6,7,7,1,2,1,172.657296982291,2,229.309090909091,1.42424242424242,161.004255319149,.0405871292720633,-.730982607907387
986,24,697,8,2,3,4,1,88,1,1,2,1,1,4,8,1,9,8,9,9,8,8,9,9,1,2,1,228.170685931063,4,229.309090909091,1.42424242424242,161.004255319149,.0405871292720633,.614969510789869
986,24,698,8,2,3,6,1,88,1,3,2,1,3,4,8,3,4,8,8,8,7,7,7,7,1,2,1,187.661055643711,3,229.309090909091,1.42424242424242,161.004255319149,.0405871292720633,-.618096046711253
986,24,700,8,1,3,7,1,88,1,1,1,1,1,4,6,1,9,7,6,6,8,8,6,6,1,2,1,173.032778292153,2,229.309090909091,1.42424242424242,161.004255319149,.0405871292720633, 
986,24,701,8,2,3,9,1,88,1,1,2,1,1,3,8,1,4,2,7,7,6,6,7,7,1,2,1,197.884884572723,3,229.309090909091,1.42424242424242,161.004255319149,.0405871292720633,-.539871293898197
986,24,705,8,1,3,12,1,88,1,3,1,1,3,4,8,3,4,8,7,7,6,6,7,7,1,2,1,186.223210868742,3,229.309090909091,1.42424242424242,161.004255319149,.0405871292720633,-.730982607907387
986,24,709,8,2,3,9,1,88,1,3,1,1,3,4,8,3,3,8,8,8,6,6,7,7,1,2,1,148.252360096773,1,229.309090909091,1.42424242424242,161.004255319149,.0405871292720633,-.29023269408893
986,24,710,8,2,3,9,4,1,1,2,1,1,4,4,99,4,2,99,6,6,5,5,5,5,1,2,1,153.752276880273,1,229.309090909091,1.42424242424242,161.004255319149,.0405871292720633,-.29023269408893
986,24,712,8,1,3,6,1,88,1,1,1,1,1,3,7,1,99,2,8,8,6,6,7,7,1,2,1,229.964604589847,4,229.309090909091,1.42424242424242,161.004255319149,.0405871292720633,.667527113930797
986,24,713,8,2,3,5,1,88,1,1,2,1,1,9,99,1,9,6,9,9,7,7,7,7,1,2,1,222.826353379557,4,229.309090909091,1.42424242424242,161.004255319149,.0405871292720633,.390708876423502
986,24,715,8,1,3,10,1,88,1,1,2,1,1,9,99,1,9,99,10,10,10,10,10,10,1,2,1,262.320447496938,5,229.309090909091,1.42424242424242,161.004255319149,.0405871292720633,.942832863412192
986,24,716,8,2,3,5,1,88,1,1,2,1,1,2,8,1,4,8,7,7,7,7,7,7,1,2,1,153.613870570197,1,229.309090909091,1.42424242424242,161.004255319149,.0405871292720633,.41788851412153
986,24,717,8,1,3,4,1,88,1,1,2,1,1,2,8,3,3,2,8,8,6,6,6,6,1,2,1,190.593814797016,3,229.309090909091,1.42424242424242,161.004255319149,.0405871292720633, 
986,24,3793,8,1,3,12,3,10,1,9,9,9,9,99,99,9,99,99,6,6,6,6,6,6,1,2,1,108.009965898631,1,229.309090909091,1.42424242424242,161.004255319149,.0405871292720633, 
987,25,720,8,2,3,5,1,88,1,1,9,1,1,99,99,3,99,99,0,8,0,9,0,9,1,2,1,245.262317881628,5,244.103225806452,2.61290322580645,93.4222222222222,-.052638588613614,.791816312024651
987,25,721,8,1,3,4,1,88,1,3,9,1,4,2,8,4,4,2,0,6,0,7,0,9,1,2,1,187.447191002204,3,244.103225806452,2.61290322580645,93.4222222222222,-.052638588613614,-1.32974509542492
987,25,722,8,1,2,4,4,99,3,1,9,1,1,9,7,1,9,7,0,6,0,7,0,7,1,2,1,168.556417885604,2,244.103225806452,2.61290322580645,93.4222222222222,-.052638588613614, 
987,25,723,8,2,3,8,1,88,1,3,9,1,3,2,8,3,2,2,0,7,0,8,0,7,1,2,1,176.558525179267,2,244.103225806452,2.61290322580645,93.4222222222222,-.052638588613614,-.406466080589556
987,25,724,8,1,3,7,1,88,1,1,9,1,1,4,6,1,4,8,0,7,0,6,0,8,1,2,1,234.562126743377,4,244.103225806452,2.61290322580645,93.4222222222222,-.052638588613614,.929917738488571
987,25,725,8,1,3,9,1,88,1,1,9,1,1,4,7,1,4,2,0,8,0,9,0,9,1,2,1,254.193742926772,5,244.103225806452,2.61290322580645,93.4222222222222,-.052638588613614,-.014926944607535
987,25,726,8,1,3,6,1,88,1,3,9,1,2,2,7,2,4,7,0,7,0,9,0,7,1,2,1,219.838134859426,4,244.103225806452,2.61290322580645,93.4222222222222,-.052638588613614,-.539871293898197
987,25,727,8,2,4,1,1,88,1,3,9,1,4,99,99,4,99,99,0,6,0,6,0,6,1,2,1,176.558525179267,2,244.103225806452,2.61290322580645,93.4222222222222,-.052638588613614,-.730982607907387
987,25,728,8,2,3,9,1,88,1,1,9,1,1,4,6,1,8,7,0,7,0,7,0,8,1,2,1,202.164670218052,3,244.103225806452,2.61290322580645,93.4222222222222,-.052638588613614,1.74957612004438
987,25,729,8,2,3,9,1,88,1,1,9,1,1,4,7,1,4,7,0,8,0,9,0,9,1,2,1,241.051579929341,4,244.103225806452,2.61290322580645,93.4222222222222,-.052638588613614,.961368407026578
987,25,730,8,2,3,10,1,88,1,3,9,1,2,2,6,2,4,2,0,7,0,10,0,9,1,2,1,208.379985496099,3,244.103225806452,2.61290322580645,93.4222222222222,-.052638588613614, 
987,25,731,8,1,3,12,1,88,1,3,9,1,2,99,99,2,99,99,0,7,0,9,0,8,1,2,1,186.751801862785,3,244.103225806452,2.61290322580645,93.4222222222222,-.052638588613614,-.29023269408893
987,25,732,8,1,3,6,1,88,1,1,9,1,1,4,7,1,7,7,0,8,0,9,0,8,1,2,1,200.894627797131,3,244.103225806452,2.61290322580645,93.4222222222222,-.052638588613614,.0757606487247996
987,25,733,8,1,3,7,1,88,1,1,9,1,1,4,8,1,3,8,0,6,0,7,0,6,1,2,1,181.677755722208,2,244.103225806452,2.61290322580645,93.4222222222222,-.052638588613614,-.329875172306237
987,25,3796,8,2,2,1,4,99,3,2,9,1,4,2,8,4,4,8,0,7,0,8,0,9,1,2,1,222.301402077163,4,244.103225806452,2.61290322580645,93.4222222222222,-.052638588613614,-1.55064098946319
987,25,3832,8,2,1,9,4,99,3,2,9,1,4,2,8,4,1,2,0,7,0,8,0,8,1,2,1,128.171023165298,1,244.103225806452,2.61290322580645,93.4222222222222,-.052638588613614, 
987,26,13,8,2,2,6,1,88,3,3,9,1,3,2,8,3,2,8,0,6,0,6,0,6,4,2,1,159.378847967569,2,244.103225806452,2.61290322580645,93.4222222222222,.223539239607621, 
987,26,642,8,2,3,8,1,88,1,1,9,1,1,2,8,1,4,7,0,7,0,6,0,7,4,2,1,186.223210868742,3,244.103225806452,2.61290322580645,93.4222222222222,.223539239607621,-.101086152509983
987,26,643,8,2,3,12,1,88,1,1,9,1,1,2,8,1,9,5,0,8,0,7,0,9,4,2,1,234.609075508831,4,244.103225806452,2.61290322580645,93.4222222222222,.223539239607621,1.03352045674453
987,26,644,8,1,3,6,1,88,1,1,9,1,1,2,8,1,4,7,0,8,0,8,0,9,4,2,1,245.186341948839,5,244.103225806452,2.61290322580645,93.4222222222222,.223539239607621,-.416034380208685
987,26,645,8,2,3,2,1,88,1,1,9,1,1,4,4,1,4,4,0,7,0,6,0,9,4,2,1,245.262317881628,5,244.103225806452,2.61290322580645,93.4222222222222,.223539239607621,1.19525326998778
987,26,646,8,2,3,2,1,88,1,3,9,1,4,2,8,4,4,2,0,5,0,5,0,6,4,2,1,157.77549772491,2,244.103225806452,2.61290322580645,93.4222222222222,.223539239607621,-.29023269408893
987,26,734,8,1,3,10,1,88,1,3,9,1,3,4,5,3,2,8,0,6,0,6,0,8,4,2,1,198.566759630187,3,244.103225806452,2.61290322580645,93.4222222222222,.223539239607621,-1.11808288532404
987,26,735,8,1,3,9,1,88,1,1,9,1,1,9,5,1,4,7,0,5,0,5,0,6,4,2,1,199.281873834937,3,244.103225806452,2.61290322580645,93.4222222222222,.223539239607621,1.03352045674453
987,26,736,8,1,3,4,1,88,1,1,9,1,1,4,6,1,7,2,0,8,0,8,0,9,4,2,1,224.913155021663,4,244.103225806452,2.61290322580645,93.4222222222222,.223539239607621,.84437391516558
987,26,737,8,1,3,3,1,88,1,1,9,1,1,4,8,1,4,7,0,7,0,7,0,7,4,2,1,239.885047406076,4,244.103225806452,2.61290322580645,93.4222222222222,.223539239607621,1.20816839491141
987,26,738,8,2,3,4,1,88,1,1,9,1,1,4,8,1,2,2,0,7,0,6,0,8,4,2,1,176.543810688997,2,244.103225806452,2.61290322580645,93.4222222222222,.223539239607621,-1.359529675454
987,26,739,8,2,4,1,1,88,1,1,9,1,1,3,6,1,3,6,0,6,0,8,0,6,4,2,1,254.193742926772,5,244.103225806452,2.61290322580645,93.4222222222222,.223539239607621,.667527113930797
987,26,740,8,2,3,3,1,88,1,1,9,1,1,2,6,1,4,7,0,7,0,6,0,6,4,2,1,203.069127843401,3,244.103225806452,2.61290322580645,93.4222222222222,.223539239607621,-.014926944607535
987,26,3771,8,1,2,10,3,99,3,2,9,1,3,2,8,3,2,2,0,6,0,5,0,6,4,2,1,139.467041250859,1,244.103225806452,2.61290322580645,93.4222222222222,.223539239607621, 
987,26,3852,8,1,2,9,2,99,3,2,9,1,3,2,8,3,2,2,0,7,0,6,0,8,4,2,1,139.467041250859,1,244.103225806452,2.61290322580645,93.4222222222222,.223539239607621, 
995,41,23,8,2,2,4,1,88,3,3,2,2,4,2,6,4,2,6,0,6,0,6,0,6,4,4,1,90.477144976332,1,260.715447154472,3.75609756097561,69.4112554112554,-.634101425745225, 
995,41,106,8,2,2,7,3,10,3,2,2,1,3,2,99,3,2,2,0,6,0,5,0,5,4,4,1,142.659010606489,1,260.715447154472,3.75609756097561,69.4112554112554,-.634101425745225,-2.25268949457855
995,41,1016,8,1,2,7,1,88,3,3,2,2,4,2,6,4,2,6,0,7,0,9,0,8,4,4,1,193.301721135549,3,260.715447154472,3.75609756097561,69.4112554112554,-.634101425745225,-.92074453406579
995,41,1017,8,1,3,7,1,88,1,3,2,1,4,2,6,4,2,6,0,6,0,6,0,6,4,4,1,139.467041250859,1,260.715447154472,3.75609756097561,69.4112554112554,-.634101425745225, 
995,41,1018,8,2,3,6,1,88,1,3,1,2,4,2,8,4,2,8,0,6,0,8,0,6,4,4,1,149.395129631806,1,260.715447154472,3.75609756097561,69.4112554112554,-.634101425745225,-1.05884596052971
995,41,1022,8,2,3,4,1,88,1,3,2,1,4,99,6,4,7,6,0,7,0,9,0,8,4,4,1,212.702072648694,3,260.715447154472,3.75609756097561,69.4112554112554,-.634101425745225,-.237838191123116
995,41,1024,8,1,3,3,1,88,1,3,2,1,4,1,2,4,99,8,0,6,0,7,0,7,4,4,1,185.60899367712,3,260.715447154472,3.75609756097561,69.4112554112554,-.634101425745225,-2.14940347698073
995,41,1035,8,1,3,11,1,88,1,3,2,1,3,4,6,3,3,6,0,6,0,6,0,6,4,4,1,149.757714662002,1,260.715447154472,3.75609756097561,69.4112554112554,-.634101425745225, 
995,41,1036,8,2,3,10,1,88,1,1,1,1,1,2,5,1,8,5,0,7,0,8,0,7,4,4,1,163.138871339838,2,260.715447154472,3.75609756097561,69.4112554112554,-.634101425745225,-.29023269408893
995,41,1037,8,1,3,3,1,88,1,1,2,1,1,4,1,1,9,7,0,8,0,9,0,8,4,4,1,256.252069473569,5,260.715447154472,3.75609756097561,69.4112554112554,-.634101425745225,2.17769536561816
995,41,1038,8,1,3,3,1,88,1,1,2,1,1,4,7,1,4,7,0,7,0,8,0,7,4,4,1,206.49960639662,3,260.715447154472,3.75609756097561,69.4112554112554,-.634101425745225,.404973389197909
995,41,1039,8,2,3,9,1,88,1,1,1,1,1,4,8,1,4,7,0,8,0,9,0,7,4,4,1,214.76197012002,4,260.715447154472,3.75609756097561,69.4112554112554,-.634101425745225,-1.01479686772622
995,41,1040,8,1,3,10,1,88,1,1,2,1,1,2,8,1,2,2,0,7,0,8,0,8,4,4,1,189.063446186676,3,260.715447154472,3.75609756097561,69.4112554112554,-.634101425745225,-1.10989107564474
995,41,1041,8,1,3,7,1,88,1,3,1,2,4,4,4,4,4,4,0,7,0,7,0,6,4,4,1,148.888355022075,1,260.715447154472,3.75609756097561,69.4112554112554,-.634101425745225,-.101086152509983
995,41,1175,8,1,3,5,1,88,1,1,2,1,1,4,8,1,2,2,0,7,0,8,0,7,4,4,1,189.186418087186,3,260.715447154472,3.75609756097561,69.4112554112554,-.634101425745225,-.329875172306237
995,41,3761,8,1,3,11,1,88,1,3,2,1,4,2,6,4,2,2,0,6,0,5,0,6,4,4,1,172.815196660325,2,260.715447154472,3.75609756097561,69.4112554112554,-.634101425745225,-1.30784481148244
995,41,3781,8,1,3,4,4,3,1,2,2,1,4,5,8,4,3,99,0,6,0,7,0,7,4,4,1,134.084248478713,1,260.715447154472,3.75609756097561,69.4112554112554,-.634101425745225,-.592265796864011
995,41,3853,8,1,3,10,3,1,1,2,2,1,3,4,1,3,4,2,0,6,0,33,0,33,4,4,1,115.315912484084,1,260.715447154472,3.75609756097561,69.4112554112554,-.634101425745225, 
995,41,3866,8,1,3,1,1,88,1,9,2,2,9,1,9,9,1,2,0,8,0,7,0,33,4,4,1,115.315912484084,1,260.715447154472,3.75609756097561,69.4112554112554,-.634101425745225, 
995,42,24,8,1,2,8,1,88,3,3,1,1,4,2,8,4,2,8,0,6,0,6,0,5,1,4,1,212.377384947866,3,260.715447154472,3.75609756097561,69.4112554112554,-.468170873138845,-1.55064098946319
995,42,1013,8,1,3,3,1,88,1,3,1,1,3,4,8,3,4,2,0,9,0,10,0,9,1,4,1,230.051515206365,4,260.715447154472,3.75609756097561,69.4112554112554,-.468170873138845,.312936408014788
995,42,1014,8,1,3,6,1,88,1,9,1,1,4,2,8,9,99,99,0,7,0,7,0,6,1,4,1,200.894627797131,3,260.715447154472,3.75609756097561,69.4112554112554,-.468170873138845,-1.05884596052971
995,42,1015,8,2,3,2,3,9,1,2,2,2,3,2,8,3,2,8,0,8,0,9,0,9,1,4,1,190.567628810498,3,260.715447154472,3.75609756097561,69.4112554112554,-.468170873138845,-1.93774126687984
995,42,1019,8,2,3,3,1,88,1,1,1,1,1,3,6,1,9,7,0,8,0,8,0,6,1,4,1,260.219032714097,5,260.715447154472,3.75609756097561,69.4112554112554,-.468170873138845,1.74957612004438
995,42,1020,8,1,3,7,2,1,1,2,1,1,2,7,7,2,4,8,0,8,0,9,0,9,1,4,1,233.241010383997,4,260.715447154472,3.75609756097561,69.4112554112554,-.468170873138845,-.113385892854147
995,42,1021,8,1,3,1,1,88,1,1,1,1,1,4,4,1,2,2,0,7,0,8,0,9,1,4,1,224.913155021663,4,260.715447154472,3.75609756097561,69.4112554112554,-.468170873138845,-.173238202227931
995,42,1023,8,1,3,6,1,88,1,3,1,1,3,2,8,3,2,8,0,7,0,8,0,6,1,4,1,194.422876193104,3,260.715447154472,3.75609756097561,69.4112554112554,-.468170873138845,-1.359529675454
995,42,1025,8,1,3,8,1,88,1,9,1,1,9,99,99,3,2,2,0,6,0,6,0,4,1,4,1,217.72987054248,4,260.715447154472,3.75609756097561,69.4112554112554,-.468170873138845, 
995,42,1026,8,1,3,2,1,88,1,1,2,1,1,9,6,1,4,5,0,8,0,8,0,7,1,4,1,225.014629750171,4,260.715447154472,3.75609756097561,69.4112554112554,-.468170873138845,-1.12691240041357
995,42,1027,8,2,3,10,1,88,1,1,2,1,9,99,99,1,4,7,0,7,0,6,0,5,1,4,1,194.977645031822,3,260.715447154472,3.75609756097561,69.4112554112554,-.468170873138845,-1.11808288532404
995,42,1028,8,1,3,7,1,88,1,1,2,1,1,2,6,1,2,6,0,8,0,9,0,6,1,4,1,217.403714843654,4,260.715447154472,3.75609756097561,69.4112554112554,-.468170873138845,.0900251614992073
995,42,1029,8,2,3,5,1,88,1,1,1,1,1,3,8,1,4,8,0,7,0,6,0,4,1,4,1,210.293848278452,3,260.715447154472,3.75609756097561,69.4112554112554,-.468170873138845,-.539871293898197
995,42,1030,8,2,3,7,1,88,1,1,2,1,1,9,6,1,4,5,0,8,0,6,0,5,1,4,1,210.911655914758,3,260.715447154472,3.75609756097561,69.4112554112554,-.468170873138845,1.03352045674453
995,42,1031,8,1,2,4,4,6,3,9,1,1,4,3,8,9,99,99,0,7,0,7,0,9,1,4,1,233.350991851138,4,260.715447154472,3.75609756097561,69.4112554112554,-.468170873138845,-1.05884596052971
995,42,1032,8,1,3,7,2,1,1,1,2,1,1,2,8,2,3,8,0,7,0,7,0,7,1,4,1,219.838134859426,4,260.715447154472,3.75609756097561,69.4112554112554,-.468170873138845,-1.65760844804725
995,42,1033,8,1,3,7,1,88,1,1,2,1,1,4,7,1,7,7,0,7,0,7,0,7,1,4,1,222.991135067186,4,260.715447154472,3.75609756097561,69.4112554112554,-.468170873138845,.106894616604665
995,42,1034,8,2,3,2,1,88,1,1,2,1,1,9,5,1,4,7,0,9,0,9,0,8,1,4,1,234.374353836785,4,260.715447154472,3.75609756097561,69.4112554112554,-.468170873138845,.705657104122204
995,42,1208,8,2,3,2,1,88,1,3,2,1,4,2,4,4,1,2,0,6,0,8,0,4,1,4,1,144.713610015379,1,260.715447154472,3.75609756097561,69.4112554112554,-.468170873138845, 
995,42,3749,8,1,3,10,1,88,1,3,2,1,3,4,8,3,4,8,0,8,0,8,0,8,1,4,1,208.05360215879,3,260.715447154472,3.75609756097561,69.4112554112554,-.468170873138845,-.730982607907387
995,42,3822,8,2,2,7,3,1,3,9,2,2,9,99,99,3,1,2,0,6,0,7,0,4,1,4,1,90.477144976332,1,260.715447154472,3.75609756097561,69.4112554112554,-.468170873138845, 
995,42,3825,8,2,2,1,4,3,3,2,2,1,4,3,2,4,4,8,0,7,0,6,0,8,1,4,1,99.8481613576046,1,260.715447154472,3.75609756097561,69.4112554112554,-.468170873138845, 
1057,177,3254,8,1,3,5,2,99,1,1,9,1,1,99,99,1,6,99,0,7,0,7,0,7,1,19,5,217.71879833412,4,150.022727272727,2.11363636363636,70.9784946236559,.50808636205855,1.11967966464697
1057,177,3255,8,2,3,8,1,88,1,1,9,1,1,99,99,1,4,2,0,7,0,7,0,7,1,19,5,196.395065752615,3,150.022727272727,2.11363636363636,70.9784946236559,.50808636205855,.929917738488571
1057,177,3260,8,1,3,8,1,88,1,1,2,1,1,4,6,1,4,6,0,7,0,8,0,8,1,19,5,199.624862841315,3,150.022727272727,2.11363636363636,70.9784946236559,.50808636205855,-1.01143212739812
1057,177,3261,8,2,3,10,1,88,1,1,2,1,1,6,5,1,6,5,0,7,0,7,0,9,1,19,5,203.246705123247,3,150.022727272727,2.11363636363636,70.9784946236559,.50808636205855,2.17769536561816
1057,177,3262,8,2,4,1,1,88,1,1,9,1,1,4,7,1,4,7,0,8,0,7,0,9,1,19,5,228.170685931063,4,150.022727272727,2.11363636363636,70.9784946236559,.50808636205855,.0247155336097724
1057,177,3265,8,2,4,1,1,88,1,1,9,9,9,99,99,1,4,7,0,6,0,6,0,5,1,19,5,176.558525179267,2,150.022727272727,2.11363636363636,70.9784946236559,.50808636205855,2.19175845277837
1057,177,3266,8,2,3,12,1,88,1,1,9,9,1,6,5,1,6,6,0,7,0,7,0,7,1,19,5,208.325994839857,3,150.022727272727,2.11363636363636,70.9784946236559,.50808636205855,1.92642292127916
1057,177,3267,8,2,3,8,1,88,1,1,9,9,1,4,7,1,4,2,0,8,0,8,0,8,1,19,5,240.551706237635,4,150.022727272727,2.11363636363636,70.9784946236559,.50808636205855,.732836741820232
1057,177,3271,8,1,2,7,2,99,3,2,9,9,2,99,99,2,99,99,0,5,0,7,0,8,1,19,5,203.852389044953,3,150.022727272727,2.11363636363636,70.9784946236559,.50808636205855,-.29023269408893
1057,177,3272,8,2,3,3,1,88,1,1,9,9,1,6,5,1,99,2,0,8,0,8,0,7,1,19,5,194.342584619365,3,150.022727272727,2.11363636363636,70.9784946236559,.50808636205855,1.22463177075372
1057,177,3273,8,1,3,5,1,88,1,1,9,9,1,6,7,1,6,7,0,7,0,8,0,7,1,19,5,170.390988308622,2,150.022727272727,2.11363636363636,70.9784946236559,.50808636205855,1.59855956865684
1057,177,3274,8,1,3,5,1,88,1,1,9,9,1,99,99,1,99,99,0,9,0,10,0,9,1,19,5,230.051515206365,4,150.022727272727,2.11363636363636,70.9784946236559,.50808636205855,-.730982607907387
1057,177,3275,8,2,3,7,1,88,1,1,9,9,3,4,7,1,4,7,0,8,0,10,0,8,1,19,5,212.753987203098,3,150.022727272727,2.11363636363636,70.9784946236559,.50808636205855,-1.86777449304573
1057,177,3276,8,1,3,1,1,88,1,1,9,9,1,99,8,1,99,8,0,7,0,8,0,7,1,19,5,235.387222112981,4,150.022727272727,2.11363636363636,70.9784946236559,.50808636205855,-1.11808288532404
1057,177,3277,8,2,3,8,1,88,1,1,9,9,1,4,1,4,4,1,0,6,0,6,0,9,1,19,5,177.458445054569,2,150.022727272727,2.11363636363636,70.9784946236559,.50808636205855,-.29023269408893
1057,177,3278,8,2,3,7,1,88,1,1,9,9,1,99,7,1,6,7,0,8,0,7,0,7,1,19,5,239.216603753825,4,150.022727272727,2.11363636363636,70.9784946236559,.50808636205855,.896768418131394
1057,177,3279,8,2,3,10,1,88,1,1,9,9,1,99,5,1,99,5,0,8,0,10,0,9,1,19,5,229.792059618547,4,150.022727272727,2.11363636363636,70.9784946236559,.50808636205855,1.68704829892127
1057,177,3280,8,1,4,2,1,88,1,1,9,9,1,99,99,1,99,99,0,7,0,7,0,6,1,19,5,210.961577231955,3,150.022727272727,2.11363636363636,70.9784946236559,.50808636205855,-.101086152509983
1057,177,3281,8,1,3,8,1,88,1,1,9,9,1,99,99,1,99,99,0,6,0,7,0,9,1,19,5,227.597808786292,4,150.022727272727,2.11363636363636,70.9784946236559,.50808636205855,.614969510789869
1057,177,3282,8,1,3,10,1,88,1,1,9,9,1,99,7,1,99,7,0,6,0,6,0,5,1,19,5,206.188152021854,3,150.022727272727,2.11363636363636,70.9784946236559,.50808636205855,.614969510789869
1057,177,3288,8,1,3,10,1,88,1,1,9,9,9,99,99,1,4,99,0,5,0,6,0,6,1,19,5,185.149106505654,2,150.022727272727,2.11363636363636,70.9784946236559,.50808636205855,.339663761308474
1057,178,3256,8,1,3,3,1,88,1,1,2,1,1,4,7,1,6,7,0,7,0,6,0,8,1,19,5,185.37221088165,2,150.022727272727,2.11363636363636,70.9784946236559,.379139779952049,.476868084325949
1057,178,3257,8,2,3,3,1,88,1,1,2,1,1,4,7,1,6,7,0,8,0,6,0,10,1,19,5,220.08352478628,4,150.022727272727,2.11363636363636,70.9784946236559,.379139779952049,.594735315356313
1057,178,3258,8,2,3,3,1,88,1,1,2,1,1,2,8,1,4,8,0,6,0,5,0,7,1,19,5,175.587385139475,2,150.022727272727,2.11363636363636,70.9784946236559,.379139779952049,-1.65760844804725
1057,178,3259,8,1,4,1,1,88,1,1,9,1,1,4,6,1,3,2,0,7,0,8,0,7,1,19,5,235.387222112981,4,150.022727272727,2.11363636363636,70.9784946236559,.379139779952049,.0900251614992073
1057,178,3263,8,2,3,11,1,88,1,1,9,9,1,4,5,1,4,2,0,9,0,9,0,9,1,19,5,247.140943268616,5,150.022727272727,2.11363636363636,70.9784946236559,.379139779952049,.528810302887421
1057,178,3264,8,2,3,9,1,88,1,1,9,9,1,4,5,1,4,6,0,9,0,7,0,9,1,19,5,191.886966072245,3,150.022727272727,2.11363636363636,70.9784946236559,.379139779952049,.565356814590381
1057,178,3268,8,1,3,7,1,88,1,1,9,9,1,2,8,1,6,2,0,7,0,8,0,8,1,19,5,171.836748790222,2,150.022727272727,2.11363636363636,70.9784946236559,.379139779952049,-.416034380208685
1057,178,3269,8,1,3,5,1,88,1,1,9,9,1,4,8,1,4,7,0,8,0,8,0,9,1,19,5,212.997910158155,3,150.022727272727,2.11363636363636,70.9784946236559,.379139779952049,-.101086152509983
1057,178,3270,8,2,3,12,1,88,1,1,2,1,1,4,6,1,4,2,0,9,0,9,0,9,1,19,5,258.782824403423,5,150.022727272727,2.11363636363636,70.9784946236559,.379139779952049,-.488186429926633
1057,178,3283,8,2,3,12,1,88,1,1,9,9,1,99,99,1,99,99,0,8,0,8,0,9,1,19,5,282.654928597004,5,150.022727272727,2.11363636363636,70.9784946236559,.379139779952049,.565356814590381
1057,178,3284,8,2,3,12,1,88,1,1,9,9,1,4,7,1,6,7,0,10,0,9,0,10,1,19,5,271.563460212923,5,150.022727272727,2.11363636363636,70.9784946236559,.379139779952049,1.53488378529714
1057,178,3285,8,2,4,4,1,88,1,1,9,1,2,4,7,1,4,7,0,6,0,5,0,7,1,19,5,222.405814491397,4,150.022727272727,2.11363636363636,70.9784946236559,.379139779952049,1.43462789234568
1057,178,3286,8,1,3,12,1,88,1,1,9,9,1,99,99,1,99,99,0,9,0,10,0,10,1,19,5,220.467620281425,4,150.022727272727,2.11363636363636,70.9784946236559,.379139779952049,.41788851412153
1057,178,3287,8,1,3,3,1,88,1,1,9,9,1,4,7,1,99,7,0,5,0,5,0,6,1,19,5,217.71879833412,4,150.022727272727,2.11363636363636,70.9784946236559,.379139779952049,1.53957999845242
1057,178,3289,8,1,3,9,1,88,1,1,9,9,1,99,99,1,99,99,0,7,0,6,0,7,1,19,5,185.37221088165,2,150.022727272727,2.11363636363636,70.9784946236559,.379139779952049,-.100470767930526
1057,178,3290,8,1,3,8,1,88,1,1,9,9,1,99,99,1,99,99,0,7,0,6,0,7,1,19,5,208.05360215879,3,150.022727272727,2.11363636363636,70.9784946236559,.379139779952049,1.53957999845242
1057,178,3291,8,2,4,1,1,88,1,1,9,9,1,99,99,1,99,99,0,6,0,6,0,6,1,19,5,160.776666953699,2,150.022727272727,2.11363636363636,70.9784946236559,.379139779952049,1.42171276742206
1057,178,3292,8,1,4,3,1,88,1,1,9,9,1,99,99,1,99,99,0,6,0,6,0,8,1,19,5,195.021578005022,3,150.022727272727,2.11363636363636,70.9784946236559,.379139779952049,-.539871293898197
1057,178,3293,8,2,4,3,1,88,1,1,9,9,1,99,99,1,99,99,0,7,0,6,0,9,1,19,5,207.842779127088,3,150.022727272727,2.11363636363636,70.9784946236559,.379139779952049,-.920129149486334
1057,178,3294,8,2,4,1,1,88,1,1,9,9,1,99,99,1,99,99,0,8,0,7,0,9,1,19,5,220.467620281425,4,150.022727272727,2.11363636363636,70.9784946236559,.379139779952049,-.101086152509983
1057,178,3295,8,1,3,5,1,88,1,1,9,9,1,99,99,3,99,99,0,7,0,7,0,8,1,19,5,186.066148174969,3,150.022727272727,2.11363636363636,70.9784946236559,.379139779952049,-.101086152509983
1057,178,3296,8,1,3,10,1,88,1,1,9,9,1,99,99,1,99,99,0,7,0,8,0,8,1,19,5,182.660456148829,2,150.022727272727,2.11363636363636,70.9784946236559,.379139779952049,1.22463177075372
1057,178,3297,8,1,4,3,1,88,1,1,9,9,9,99,99,1,99,99,0,6,0,6,0,8,1,19,5,178.524306474106,2,150.022727272727,2.11363636363636,70.9784946236559,.379139779952049,1.2117166458301
1052,167,3085,8,1,4,3,1,88,1,1,2,1,1,4,9,1,2,99,0,5,0,5,0,5,1,18,5,153.393119642622,1,97.9647058823529,2.55882352941176,38.2850574712644,-.0201122162545813,1.53957999845242
1052,167,3087,8,1,3,8,1,88,1,1,2,1,1,4,7,1,4,7,0,8,0,6,0,8,1,18,5,247.347448737358,5,97.9647058823529,2.55882352941176,38.2850574712644,-.0201122162545813,.250408586891679
1052,167,3091,8,1,4,1,1,88,1,1,2,1,1,4,6,1,2,8,0,6,0,5,0,6,1,18,5,180.54704763707,2,97.9647058823529,2.55882352941176,38.2850574712644,-.0201122162545813,.404973389197909
1052,167,3092,8,2,4,2,1,88,1,1,9,1,1,1,8,1,1,2,0,6,0,5,0,6,1,18,5,143.30150617893,1,97.9647058823529,2.55882352941176,38.2850574712644,-.0201122162545813,-2.68743287460153
1052,167,3093,8,2,3,6,1,88,1,1,2,1,1,4,7,1,9,7,0,9,0,9,0,9,1,18,5,282.654928597004,5,97.9647058823529,2.55882352941176,38.2850574712644,-.0201122162545813,1.07006696844749
1052,167,3094,8,2,3,9,1,88,1,1,2,1,1,9,5,1,9,7,0,9,0,9,0,9,1,18,5,258.782824403423,5,97.9647058823529,2.55882352941176,38.2850574712644,-.0201122162545813,1.74957612004438
1052,167,3095,8,2,3,6,1,88,1,1,9,1,1,4,7,1,9,1,0,9,0,8,0,9,1,18,5,244.456302896734,5,97.9647058823529,2.55882352941176,38.2850574712644,-.0201122162545813,.390708876423502
1052,167,3096,8,2,4,3,1,88,1,1,1,1,1,4,6,1,4,6,0,6,0,5,0,6,1,18,5,158.366154333268,2,97.9647058823529,2.55882352941176,38.2850574712644,-.0201122162545813,.755118740748784
1052,167,3101,8,1,3,8,1,88,1,1,2,1,1,9,7,1,9,7,0,9,0,9,0,9,1,18,5,210.961577231955,3,97.9647058823529,2.55882352941176,38.2850574712644,-.0201122162545813,1.43462789234568
1052,167,3102,8,2,3,6,1,88,1,1,2,1,1,2,6,1,2,2,0,8,0,6,0,7,1,18,5,248.203959546872,5,97.9647058823529,2.55882352941176,38.2850574712644,-.0201122162545813,-.92074453406579
1052,167,3104,8,1,3,10,1,88,1,1,2,1,1,3,6,1,2,2,0,6,0,5,0,6,1,18,5,197.884884572723,3,97.9647058823529,2.55882352941176,38.2850574712644,-.0201122162545813,-.428949505132306
1052,167,3105,8,1,3,10,1,88,1,1,1,1,4,4,6,1,4,8,0,8,0,7,0,9,1,18,5,212.997910158155,3,97.9647058823529,2.55882352941176,38.2850574712644,-.0201122162545813,-.014926944607535
1052,167,3106,8,1,3,12,1,88,1,1,2,1,1,2,7,1,4,99,0,5,0,5,0,5,1,18,5,153.613870570197,1,97.9647058823529,2.55882352941176,38.2850574712644,-.0201122162545813,-.605180921787631
1052,167,3107,8,2,3,12,1,88,1,1,2,1,1,2,7,1,4,99,0,6,0,5,0,6,1,18,5,138.048184228598,1,97.9647058823529,2.55882352941176,38.2850574712644,-.0201122162545813,-.416034380208685
1052,167,3108,8,2,3,12,1,88,1,9,1,1,9,99,8,4,99,1,0,6,0,6,0,6,1,18,5,189.542719515864,3,97.9647058823529,2.55882352941176,38.2850574712644,-.0201122162545813,-1.55064098946319
1052,167,3109,8,1,3,11,1,88,1,1,1,1,1,4,6,1,4,99,0,7,0,6,0,6,1,18,5,220.02095391995,4,97.9647058823529,2.55882352941176,38.2850574712644,-.0201122162545813,-.803134657625335
1052,167,3112,8,2,3,9,1,88,1,1,2,1,1,4,6,1,4,2,0,8,0,6,0,7,1,18,5,222.405814491397,4,97.9647058823529,2.55882352941176,38.2850574712644,-.0201122162545813,.528810302887421
1052,167,3736,8,2,3,5,4,3,1,2,1,1,4,3,6,4,3,99,0,7,0,6,0,7,1,18,5,214.76197012002,4,97.9647058823529,2.55882352941176,38.2850574712644,-.0201122162545813,-1.05884596052971
1052,168,405,8,1,3,8,1,88,1,1,1,1,1,4,1,1,99,99,0,9,0,9,0,9,1,18,5,234.609075508831,4,97.9647058823529,2.55882352941176,38.2850574712644,-.247028520081932,-.644823400004939
1052,168,3082,8,2,3,7,1,88,1,1,2,1,1,2,4,1,2,2,0,6,0,7,0,8,1,18,5,265.719388801059,5,97.9647058823529,2.55882352941176,38.2850574712644,-.247028520081932, 
1052,168,3083,8,2,4,1,1,88,1,1,2,1,1,3,8,1,2,99,0,8,0,8,0,8,1,18,5,206.49960639662,3,97.9647058823529,2.55882352941176,38.2850574712644,-.247028520081932,-.920129149486334
1052,168,3084,8,2,3,9,1,88,1,1,2,1,1,4,4,1,4,2,0,8,0,8,0,8,1,18,5,207.662695152105,3,97.9647058823529,2.55882352941176,38.2850574712644,-.247028520081932,.719921616896611
1052,168,3086,8,2,3,6,1,88,1,1,2,1,1,2,6,1,4,2,0,6,0,6,0,6,1,18,5,163.278558104652,2,97.9647058823529,2.55882352941176,38.2850574712644,-.247028520081932,-1.63162255427068
1052,168,3088,8,1,4,1,1,88,1,9,9,9,9,2,6,4,3,2,0,6,0,5,0,6,1,18,5,170.390988308622,2,97.9647058823529,2.55882352941176,38.2850574712644,-.247028520081932,.41788851412153
1052,168,3089,8,2,3,5,1,88,1,1,2,1,1,2,7,1,4,8,0,9,0,8,0,8,1,18,5,269.812926463005,5,97.9647058823529,2.55882352941176,38.2850574712644,-.247028520081932,-.224923066199495
1052,168,3090,8,1,4,3,1,88,1,1,1,1,1,7,5,1,9,2,0,9,0,7,0,9,1,18,5,224.736723184685,4,97.9647058823529,2.55882352941176,38.2850574712644,-.247028520081932,.578271939514002
1052,168,3097,8,2,3,2,1,88,1,1,2,1,1,4,7,4,4,7,0,7,0,7,0,7,1,18,5,220.08352478628,4,97.9647058823529,2.55882352941176,38.2850574712644,-.247028520081932,1.10676453972335
1052,168,3098,8,2,4,1,1,88,1,1,2,1,1,4,5,1,4,2,0,8,0,8,0,8,1,18,5,210.293848278452,3,97.9647058823529,2.55882352941176,38.2850574712644,-.247028520081932,-.224923066199495
1052,168,3099,8,2,4,2,1,88,1,1,2,1,1,9,7,1,4,7,0,8,0,7,0,8,1,18,5,199.275740666392,3,97.9647058823529,2.55882352941176,38.2850574712644,-.247028520081932,.312936408014788
1052,168,3100,8,1,3,3,1,88,1,1,2,1,1,4,7,1,9,1,0,8,0,7,0,8,1,18,5,219.838134859426,4,97.9647058823529,2.55882352941176,38.2850574712644,-.247028520081932,-.730982607907387
1052,168,3103,8,1,3,8,1,88,1,1,2,1,1,4,5,1,7,5,0,8,0,8,0,8,1,18,5,261.654886913387,5,97.9647058823529,2.55882352941176,38.2850574712644,-.247028520081932,1.03352045674453
1052,168,3110,8,1,3,2,1,88,1,1,2,1,1,4,6,1,4,1,0,6,0,6,0,7,1,18,5,181.849967908796,2,97.9647058823529,2.55882352941176,38.2850574712644,-.247028520081932,-2.26151900966808
1052,168,3111,8,1,3,8,1,88,1,1,9,9,1,99,99,1,99,99,0,5,0,4,0,5,1,18,5,166.798723173526,2,97.9647058823529,2.55882352941176,38.2850574712644,-.247028520081932,-1.1298202602565
1052,168,3113,8,1,3,3,1,88,1,3,9,9,4,2,6,4,2,1,0,5,0,4,0,4,1,18,5,168.302153357127,2,97.9647058823529,2.55882352941176,38.2850574712644,-.247028520081932,.602054385866248
1053,169,76,8,2,1,4,1,88,3,3,1,1,4,2,6,4,2,2,8,7,6,66,8,8,1,18,5,159.003058341781,2,95.1657142857143,2.45714285714286,38.7302325581395,.00638509801179594,-.237838191123116
1053,169,77,8,1,2,5,1,88,3,1,2,1,1,10,3,1,9,4,7,9,9,9,8,7,1,18,5,144.713610015379,1,95.1657142857143,2.45714285714286,38.7302325581395,.00638509801179594,.0900251614992073
1053,169,100,8,1,1,11,1,88,3,3,2,1,4,99,1,4,3,6,4,6,6,66,4,66,1,18,5,149.757714662002,1,95.1657142857143,2.45714285714286,38.7302325581395,.00638509801179594, 
1053,169,3114,8,1,3,11,1,88,1,1,1,1,1,4,4,1,4,5,10,8,8,9,6,8,1,18,5,197.696847883919,3,95.1657142857143,2.45714285714286,38.7302325581395,.00638509801179594,-.101086152509983
1053,169,3115,8,2,3,9,1,88,1,3,1,1,4,4,6,4,4,6,10,9,8,8,9,9,1,18,5,200.894627797131,3,95.1657142857143,2.45714285714286,38.7302325581395,.00638509801179594,-.29023269408893
1053,169,3116,8,1,3,5,1,88,1,1,1,1,1,7,5,1,9,7,66,66,66,66,66,66,1,18,5,144.713610015379,1,95.1657142857143,2.45714285714286,38.7302325581395,.00638509801179594, 
1053,169,3117,8,2,3,7,1,88,1,1,1,1,1,9,5,1,7,7,10,9,9,8,8,9,1,18,5,240.987975091199,4,95.1657142857143,2.45714285714286,38.7302325581395,.00638509801179594,2.17769536561816
1053,169,3118,8,1,3,6,1,88,1,1,2,1,1,9,7,1,10,7,9,10,10,9,7,8,1,18,5,208.839444713797,3,95.1657142857143,2.45714285714286,38.7302325581395,.00638509801179594,.312936408014788
1053,169,3119,8,1,3,5,1,88,1,1,1,1,1,7,6,1,4,99,66,66,66,66,66,66,1,18,5,182.660456148829,2,95.1657142857143,2.45714285714286,38.7302325581395,.00638509801179594,.541725427811042
1053,169,3120,8,1,3,4,1,88,1,1,1,1,1,2,8,1,4,8,0,8,8,8,8,8,1,18,5,172.657296982291,2,95.1657142857143,2.45714285714286,38.7302325581395,.00638509801179594,-1.73978753104214
1053,169,3121,8,1,3,8,1,88,1,1,1,1,1,4,6,1,2,5,66,66,66,66,66,66,1,18,5,177.430542437889,2,95.1657142857143,2.45714285714286,38.7302325581395,.00638509801179594,.22677720011234
1053,169,3122,8,1,4,1,1,88,1,1,1,1,1,4,7,1,9,7,9,9,8,66,9,9,1,18,5,185.026078032774,2,95.1657142857143,2.45714285714286,38.7302325581395,.00638509801179594,-.101086152509983
1053,169,3123,8,2,2,12,1,88,3,3,1,1,4,2,99,4,7,99,6,7,5,6,6,7,1,18,5,158.366154333268,2,95.1657142857143,2.45714285714286,38.7302325581395,.00638509801179594,.201562334844555
1053,169,3124,8,1,3,10,1,88,1,1,1,1,1,4,1,1,2,5,66,66,66,66,66,66,1,18,5,131.854739578627,1,95.1657142857143,2.45714285714286,38.7302325581395,.00638509801179594,.300021283091167
1053,169,3125,8,2,3,12,1,88,1,1,2,1,1,4,4,1,3,2,66,66,66,66,66,66,1,18,5,206.188152021854,3,95.1657142857143,2.45714285714286,38.7302325581395,.00638509801179594,-.488186429926633
1053,169,3126,8,2,3,9,1,88,1,1,2,1,1,4,8,1,4,2,66,66,66,66,66,66,1,18,5,222.826353379557,4,95.1657142857143,2.45714285714286,38.7302325581395,.00638509801179594,-.803134657625335
1053,170,3081,8,2,2,1,4,10,3,2,2,2,4,99,6,4,99,99,8,8,9,9,9,9,1,18,5,173.997587355537,2,95.1657142857143,2.45714285714286,38.7302325581395,-.324101982572082,-.290848078668386
1053,170,3127,8,2,3,12,1,88,1,1,1,1,1,4,7,2,4,7,8,8,8,8,8,8,1,18,5,194.131377576185,3,95.1657142857143,2.45714285714286,38.7302325581395,-.324101982572082,-.416034380208685
1053,170,3128,8,2,3,9,1,88,1,1,1,1,1,99,99,1,9,7,8,8,8,8,8,8,1,18,5,201.841492220508,3,95.1657142857143,2.45714285714286,38.7302325581395,-.324101982572082,.804731436948272
1053,170,3129,8,2,3,1,1,88,1,1,2,1,1,4,7,1,4,8,9,9,9,8,9,9,1,18,5,203.852389044953,3,95.1657142857143,2.45714285714286,38.7302325581395,-.324101982572082,-.416034380208685
1053,170,3130,8,2,3,7,1,88,1,1,2,1,1,2,6,1,2,2,8,8,9,9,8,8,1,18,5,185.60899367712,3,95.1657142857143,2.45714285714286,38.7302325581395,-.324101982572082,-1.10989107564474
1053,170,3131,8,1,4,4,1,88,1,1,2,1,3,99,99,1,99,99,8,8,9,9,8,8,1,18,5,198.566759630187,3,95.1657142857143,2.45714285714286,38.7302325581395,-.324101982572082,1.53957999845242
1053,170,3132,8,2,4,3,1,88,1,1,2,1,1,4,6,1,4,2,8,8,8,8,8,8,1,18,5,220.08352478628,4,95.1657142857143,2.45714285714286,38.7302325581395,-.324101982572082,.62788463571349
1053,170,3133,8,1,3,3,3,7,1,2,9,2,3,99,6,3,99,2,5,5,7,7,7,7,1,18,5,112.798625072631,1,95.1657142857143,2.45714285714286,38.7302325581395,-.324101982572082,-.699848640027521
1053,170,3134,8,2,4,5,4,6,1,2,2,1,4,2,99,4,99,99,8,8,9,9,10,10,1,18,5,177.149041506335,2,95.1657142857143,2.45714285714286,38.7302325581395,-.324101982572082,-.101086152509983
1053,170,3135,8,1,2,8,4,9,3,2,1,1,4,2,4,2,6,2,7,7,8,8,10,10,1,18,5,165.967640089221,2,95.1657142857143,2.45714285714286,38.7302325581395,-.324101982572082,1.51240036075439
1053,170,3136,8,2,3,9,4,8,1,2,1,1,4,2,4,2,6,2,6,6,7,7,9,9,1,18,5,149.757714662002,1,95.1657142857143,2.45714285714286,38.7302325581395,-.324101982572082, 
1053,170,3137,8,1,3,11,1,88,1,1,2,1,1,3,8,1,4,8,6,6,8,8,7,7,1,18,5,193.748615361374,3,95.1657142857143,2.45714285714286,38.7302325581395,-.324101982572082,-1.65760844804725
1053,170,3138,8,1,3,12,1,88,1,1,1,1,4,4,7,1,4,2,6,6,7,7,7,7,1,18,5,73.6543182778429,1,95.1657142857143,2.45714285714286,38.7302325581395,-.324101982572082,-1.04593083560609
1053,170,3139,8,2,3,7,1,88,1,1,2,2,1,2,8,1,2,8,7,7,7,7,7,7,1,18,5,128.171023165298,1,95.1657142857143,2.45714285714286,38.7302325581395,-.324101982572082, 
1053,170,3140,8,1,3,7,1,88,1,1,1,1,1,4,6,1,4,2,6,6,7,7,7,7,1,18,5,182.660456148829,2,95.1657142857143,2.45714285714286,38.7302325581395,-.324101982572082,-.488186429926633
1053,170,3141,8,1,3,6,1,88,1,3,1,1,2,4,8,3,2,2,6,6,7,7,6,6,1,18,5,163.899018251218,2,95.1657142857143,2.45714285714286,38.7302325581395,-.324101982572082,-.86773464652052
1053,170,3714,8,1,1,2,1,88,3,3,1,1,3,99,99,3,99,99,5,5,5,5,6,6,1,18,5,125.5595987936,1,95.1657142857143,2.45714285714286,38.7302325581395,-.324101982572082,.0900251614992073
1053,170,3732,8,1,1,11,4,99,3,2,1,1,4,99,1,4,99,2,6,6,6,6,7,7,1,18,5,138.048184228598,1,95.1657142857143,2.45714285714286,38.7302325581395,-.324101982572082,-2.26151900966808
1053,170,3784,8,2,3,1,1,88,1,3,2,2,4,2,6,4,2,2,8,8,9,9,9,9,1,18,5,164.972434481403,2,95.1657142857143,2.45714285714286,38.7302325581395,-.324101982572082,-.7296332200566
1059,181,3303,8,2,3,10,1,88,1,1,9,9,1,99,6,1,99,99,0,6,0,5,0,6,4,19,5,163.224331480197,2,161,2,80.5,-.609365648353047,-1.98023357017568
1059,181,3304,8,2,3,5,1,88,1,1,9,9,1,99,99,1,99,99,0,8,0,7,0,6,4,19,5,133.456543103639,1,161,2,80.5,-.609365648353047,-.889610566185924
1059,181,3305,8,2,3,4,1,88,1,1,9,9,1,99,99,9,99,99,0,8,0,6,0,6,4,19,5,176.622278965223,2,161,2,80.5,-.609365648353047,.110259356932764
1059,181,3306,8,1,3,8,1,88,1,1,9,9,1,99,99,1,99,99,0,6,0,4,0,6,4,19,5,98.3170995044737,1,161,2,80.5,-.609365648353047,-1.43303111302274
1059,181,3308,8,1,3,8,1,88,1,1,9,9,1,99,99,1,99,99,0,6,0,5,0,6,4,19,5,144.713610015379,1,161,2,80.5,-.609365648353047, 
1059,181,3309,8,2,3,4,1,88,1,1,9,9,1,2,7,1,99,99,0,10,0,7,0,8,4,19,5,193.73738081401,3,161,2,80.5,-.609365648353047,-.65773852492856
1059,181,3310,8,1,3,1,1,88,1,1,9,9,1,99,99,1,99,99,0,6,0,4,0,6,4,19,5,144.713610015379,1,161,2,80.5,-.609365648353047,-1.73978753104214
1059,181,3313,8,1,3,3,1,88,1,1,9,9,1,99,99,1,99,99,0,9,0,8,0,8,4,19,5,154.710787067567,1,161,2,80.5,-.609365648353047,1.53957999845242
1059,181,3314,8,1,4,4,1,88,1,1,9,9,1,4,2,1,4,2,0,8,0,6,0,7,4,19,5,127.474575619559,1,161,2,80.5,-.609365648353047,.705657104122204
1059,181,3315,8,2,4,4,1,88,1,1,9,9,1,99,99,1,99,99,0,9,0,7,0,8,4,19,5,132.253659142741,1,161,2,80.5,-.609365648353047,-.920129149486334
1059,181,3317,8,2,4,4,1,88,1,1,9,9,1,99,99,1,99,99,0,6,0,6,0,6,4,19,5,129.417314384371,1,161,2,80.5,-.609365648353047,-.92292980994962
1059,181,3322,8,2,3,6,1,88,1,1,9,9,1,99,99,1,99,99,0,10,0,9,0,10,4,19,5,168.067521177834,2,161,2,80.5,-.609365648353047,-1.32974509542492
1059,181,3327,8,2,3,12,1,88,1,1,9,9,1,99,99,1,99,99,0,8,0,7,0,8,4,19,5,149.159118687254,1,161,2,80.5,-.609365648353047,-.113385892854147
1059,181,3328,8,2,3,6,1,88,1,1,9,9,1,2,7,1,99,99,0,9,0,7,0,9,4,19,5,157.293851873996,2,161,2,80.5,-.609365648353047,-.552786418821818
1059,181,3329,8,2,3,7,1,88,1,1,9,9,1,99,99,1,99,99,0,10,0,10,0,10,4,19,5,246.42339179765,5,161,2,80.5,-.609365648353047,-.730982607907387
1059,181,3330,8,1,3,9,1,88,1,1,9,9,1,99,99,1,99,99,0,8,0,8,0,8,4,19,5,163.224331480197,2,161,2,80.5,-.609365648353047,-1.11808288532404
1059,181,3331,8,2,4,1,1,88,1,1,9,9,1,99,99,1,99,99,0,10,0,8,0,9,4,19,5,186.223210868742,3,161,2,80.5,-.609365648353047,-1.13099801024766
1059,181,3332,8,2,3,8,1,88,1,1,9,9,1,2,6,1,4,2,0,10,0,10,0,10,4,19,5,202.164670218052,3,161,2,80.5,-.609365648353047,-.488186429926633
1059,181,3333,8,2,3,8,1,88,1,1,9,9,1,4,7,1,99,99,0,10,0,10,0,10,4,19,5,248.203959546872,5,161,2,80.5,-.609365648353047,-.212007941275874
1059,181,3334,8,1,3,8,1,88,1,1,9,9,1,99,99,1,4,7,0,9,0,10,0,9,4,19,5,208.04293484967,3,161,2,80.5,-.609365648353047,.718572229045825
1059,181,3335,8,1,4,1,1,88,1,1,9,9,1,99,99,1,99,99,0,9,0,9,0,8,4,19,5,162.744312572589,2,161,2,80.5,-.609365648353047,-.730982607907387
1059,182,2942,8,2,3,7,1,88,1,1,9,9,1,99,99,1,2,2,0,6,0,7,0,6,4,19,5,204.020245222792,3,161,2,80.5,-.516928636450747,-.920129149486334
1059,182,3298,8,2,3,5,1,88,1,1,9,9,9,99,99,1,99,99,0,4,0,5,0,5,4,19,5,163.034577644123,2,161,2,80.5,-.516928636450747,-.29023269408893
1059,182,3299,8,2,3,5,1,88,1,1,9,9,1,99,99,1,99,99,0,9,0,7,0,7,4,19,5,223.62328988025,4,161,2,80.5,-.516928636450747,-1.24799250210866
1059,182,3300,8,2,3,12,1,88,1,1,9,9,1,99,99,1,99,99,0,4,0,6,0,4,4,19,5,149.665958706336,1,161,2,80.5,-.516928636450747,-.29023269408893
1059,182,3301,8,2,2,2,2,99,3,9,9,9,9,99,99,9,99,99,0,6,0,7,0,6,4,19,5,187.447191002204,3,161,2,80.5,-.516928636450747,.22677720011234
1059,182,3302,8,2,3,12,1,88,1,1,9,9,1,99,99,1,99,99,0,9,0,9,0,8,4,19,5,208.839444713797,3,161,2,80.5,-.516928636450747,-.794942847946035
1059,182,3307,8,2,3,9,1,88,1,1,9,9,1,99,1,1,99,99,0,4,0,5,0,5,4,19,5,177.430542437889,2,161,2,80.5,-.516928636450747,-.920129149486334
1059,182,3311,8,2,3,9,1,88,1,1,9,9,1,99,99,1,99,99,0,6,0,5,0,5,4,19,5,153.316726275745,1,161,2,80.5,-.516928636450747,-1.46448178156075
1059,182,3312,8,2,3,6,1,88,1,1,9,9,1,4,5,1,4,7,0,9,0,8,0,7,4,19,5,212.997910158155,3,161,2,80.5,-.516928636450747,.667527113930797
1059,182,3316,8,1,4,1,1,88,1,1,9,9,1,99,99,1,99,99,0,8,0,8,0,7,4,19,5,203.766688723793,3,161,2,80.5,-.516928636450747,.0247155336097724
1059,182,3318,8,2,3,11,1,88,1,1,9,9,1,99,99,1,99,99,0,5,0,5,0,4,4,19,5,148.59085590993,1,161,2,80.5,-.516928636450747,-1.24799250210866
1059,182,3319,8,1,3,6,1,88,1,1,9,9,1,99,99,1,99,99,0,9,0,9,0,7,4,19,5,212.807948766269,3,161,2,80.5,-.516928636450747,.300021283091167
1059,182,3320,8,1,3,4,1,88,1,1,9,9,1,99,99,1,99,99,0,7,0,6,0,6,4,19,5,149.757714662002,1,161,2,80.5,-.516928636450747, 
1059,182,3321,8,1,3,5,1,88,1,1,9,9,1,99,99,1,99,99,0,8,0,8,0,7,4,19,5,178.580804180801,2,161,2,80.5,-.516928636450747,.300021283091167
1059,182,3323,8,1,3,2,1,88,1,1,9,9,1,4,1,1,4,2,0,5,0,5,0,5,4,19,5,143.333445142892,1,161,2,80.5,-.516928636450747,-.730982607907387
1059,182,3324,8,2,4,1,1,88,1,1,9,9,1,99,99,1,99,99,0,9,0,9,0,8,4,19,5,162.744312572589,2,161,2,80.5,-.516928636450747,-.539871293898197
1059,182,3325,8,2,3,3,1,88,1,1,9,9,1,99,99,1,99,99,0,6,0,6,0,5,4,19,5,181.218531792574,2,161,2,80.5,-.516928636450747,-.0699521846301169
1059,182,3326,8,2,3,3,1,88,1,1,9,9,1,99,99,1,99,99,0,6,0,6,0,6,4,19,5,123.627724799995,1,161,2,80.5,-.516928636450747,-1.05884596052971
1059,182,3336,8,1,3,9,1,88,1,1,9,9,1,99,99,1,99,99,0,6,0,6,0,6,4,19,5,121.986922678729,1,161,2,80.5,-.516928636450747, 
1059,182,3765,8,1,4,4,1,88,1,1,9,9,1,99,99,1,99,99,0,9,0,8,0,7,4,19,5,189.542719515865,3,161,2,80.5,-.516928636450747,-1.24799250210866
1058,179,99,8,1,1,6,1,88,3,1,9,9,1,2,8,9,7,99,0,6,0,3,0,5,1,19,5,182.660456148829,2,178.405405405405,3.43243243243243,51.9763779527559,.1371759434607,-1.20455879388463
1058,179,534,8,1,3,8,1,88,1,1,9,9,1,2,8,1,4,1,0,6,0,6,0,6,1,19,5,184.659671305641,2,178.405405405405,3.43243243243243,51.9763779527559,.1371759434607,-.488186429926633
1058,179,535,8,2,3,10,1,88,1,1,9,9,1,2,8,1,9,3,0,9,0,9,0,9,1,19,5,185.788650440114,3,178.405405405405,3.43243243243243,51.9763779527559,.1371759434607,1.10676453972335
1058,179,536,8,2,3,6,1,88,1,1,9,9,1,2,8,1,4,6,0,8,0,8,0,8,1,19,5,241.191130706368,4,178.405405405405,3.43243243243243,51.9763779527559,.1371759434607,-.101086152509983
1058,179,541,8,2,3,11,1,88,1,1,9,9,9,7,99,1,2,2,0,6,0,5,0,6,1,19,5,149.757714662002,1,178.405405405405,3.43243243243243,51.9763779527559,.1371759434607, 
1058,179,542,8,1,3,7,1,88,1,1,9,9,1,2,8,1,2,1,0,6,0,4,0,6,1,19,5,144.713610015379,1,178.405405405405,3.43243243243243,51.9763779527559,.1371759434607, 
1058,179,543,8,2,4,4,1,88,1,1,9,9,1,9,7,1,4,7,0,10,0,10,0,10,1,19,5,254.17035275903,5,178.405405405405,3.43243243243243,51.9763779527559,.1371759434607,.594735315356313
1058,179,545,8,1,3,5,1,88,1,1,9,9,1,4,7,1,8,7,0,8,0,7,0,7,1,19,5,255.210011576571,5,178.405405405405,3.43243243243243,51.9763779527559,.1371759434607,.732836741820232
1058,179,547,8,1,3,7,1,88,1,1,9,9,1,4,7,1,9,5,0,7,0,8,0,8,1,19,5,167.712259013376,2,178.405405405405,3.43243243243243,51.9763779527559,.1371759434607,1.03352045674453
1058,179,550,8,2,3,8,1,88,1,1,9,9,1,2,4,1,2,2,0,8,0,5,0,6,1,19,5,190.593814797016,3,178.405405405405,3.43243243243243,51.9763779527559,.1371759434607,-1.63162255427068
1058,179,551,8,2,3,4,1,88,1,1,9,9,1,4,5,1,2,2,0,8,0,6,0,7,1,19,5,185.60899367712,3,178.405405405405,3.43243243243243,51.9763779527559,.1371759434607,1.03352045674453
1058,179,554,8,2,3,4,1,88,1,1,9,9,1,2,8,1,4,7,0,6,0,5,0,6,1,19,5,187.661055643711,3,178.405405405405,3.43243243243243,51.9763779527559,.1371759434607,-.224923066199495
1058,179,555,8,2,3,10,1,88,1,1,9,9,1,4,7,1,4,7,0,8,0,5,0,6,1,19,5,173.032778292153,2,178.405405405405,3.43243243243243,51.9763779527559,.1371759434607, 
1058,179,558,8,2,3,6,1,88,1,1,9,9,1,4,6,1,2,2,0,9,0,9,0,8,1,19,5,241.135659344576,4,178.405405405405,3.43243243243243,51.9763779527559,.1371759434607,-.488186429926633
1058,179,559,8,2,4,2,1,88,1,1,9,9,1,4,5,1,4,5,0,10,0,9,0,10,1,19,5,276.146213817371,5,178.405405405405,3.43243243243243,51.9763779527559,.1371759434607,-.920129149486334
1058,179,562,8,2,3,5,1,88,1,1,9,9,1,2,8,1,2,7,0,9,0,7,0,7,1,19,5,225.014629750171,4,178.405405405405,3.43243243243243,51.9763779527559,.1371759434607,.237493461968058
1058,179,563,8,2,3,5,1,88,1,1,9,9,1,4,8,1,9,7,0,9,0,9,0,8,1,19,5,195.021578005022,3,178.405405405405,3.43243243243243,51.9763779527559,.1371759434607,1.58564444373322
1058,179,565,8,2,3,6,1,88,1,1,9,9,1,4,6,1,10,5,0,8,0,7,0,7,1,19,5,212.753987203098,3,178.405405405405,3.43243243243243,51.9763779527559,.1371759434607,.791816312024651
1058,180,103,8,2,1,8,1,88,3,1,9,9,9,7,99,1,99,99,0,6,0,5,0,6,1,19,5,168.556417885604,2,178.405405405405,3.43243243243243,51.9763779527559,-.0966953670878412, 
1058,180,533,8,2,3,6,1,88,1,1,9,9,1,9,4,1,6,7,0,8,0,7,0,8,1,19,5,181.006426826421,2,178.405405405405,3.43243243243243,51.9763779527559,-.0966953670878412,1.68704829892127
1058,180,537,8,2,3,6,1,88,1,1,9,9,1,5,6,1,2,2,0,7,0,7,0,7,1,19,5,199.275740666392,3,178.405405405405,3.43243243243243,51.9763779527559,-.0966953670878412,-.428949505132306
1058,180,538,8,1,3,10,1,88,1,1,9,9,1,2,6,1,2,99,0,6,0,8,0,6,1,19,5,206.49960639662,3,178.405405405405,3.43243243243243,51.9763779527559,-.0966953670878412,-1.10989107564474
1058,180,539,8,1,4,4,1,88,1,1,9,9,1,2,4,1,9,5,0,9,0,10,0,9,1,19,5,215.261800084824,4,178.405405405405,3.43243243243243,51.9763779527559,-.0966953670878412,.74970619692569
1058,180,540,8,1,3,10,1,88,1,1,9,9,1,2,6,1,2,2,0,7,0,8,0,10,1,19,5,251.575241889783,5,178.405405405405,3.43243243243243,51.9763779527559,-.0966953670878412,-.92074453406579
1058,180,544,8,2,3,10,1,88,1,1,9,9,1,10,5,1,10,5,0,7,0,5,0,6,1,19,5,181.218531792574,2,178.405405405405,3.43243243243243,51.9763779527559,-.0966953670878412,2.66949039455165
1058,180,546,8,2,3,10,1,88,1,1,9,9,4,4,4,1,7,7,0,8,0,8,0,8,1,19,5,247.126368051819,5,178.405405405405,3.43243243243243,51.9763779527559,-.0966953670878412,.718572229045825
1058,180,548,8,2,3,10,1,88,1,1,9,9,1,4,99,1,6,4,0,7,0,8,0,8,1,19,5,181.730551156553,2,178.405405405405,3.43243243243243,51.9763779527559,-.0966953670878412,.0900251614992073
1058,180,549,8,2,3,2,1,88,1,1,9,9,1,9,7,1,9,7,0,7,0,7,0,8,1,19,5,202.164670218052,3,178.405405405405,3.43243243243243,51.9763779527559,-.0966953670878412,.403624001347123
1058,180,552,8,2,3,11,1,88,1,1,9,9,1,2,7,1,4,7,0,7,0,7,0,5,1,19,5,153.752276880273,1,178.405405405405,3.43243243243243,51.9763779527559,-.0966953670878412,-.552786418821818
1058,180,553,8,2,3,6,1,88,1,1,9,9,1,3,8,1,4,8,0,6,0,6,0,5,1,19,5,148.925198793746,1,178.405405405405,3.43243243243243,51.9763779527559,-.0966953670878412,-.113385892854147
1058,180,556,8,1,3,3,1,88,1,1,9,9,1,4,6,1,4,5,0,6,0,5,0,5,1,19,5,139.503427509354,1,178.405405405405,3.43243243243243,51.9763779527559,-.0966953670878412,-.699848640027521
1058,180,557,8,1,3,9,1,88,1,1,9,9,1,3,5,1,3,5,0,6,0,6,0,5,1,19,5,125.446768500038,1,178.405405405405,3.43243243243243,51.9763779527559,-.0966953670878412,-.920129149486334
1058,180,560,8,2,3,8,1,88,1,1,9,9,1,2,7,1,2,2,0,6,0,5,0,4,1,19,5,131.006723740384,1,178.405405405405,3.43243243243243,51.9763779527559,-.0966953670878412,-1.93774126687984
1058,180,561,8,2,3,4,1,88,1,1,9,9,1,2,4,1,4,7,0,9,0,8,0,7,1,19,5,191.886966072245,3,178.405405405405,3.43243243243243,51.9763779527559,-.0966953670878412,-.186153327151552
1058,180,564,8,1,3,6,1,88,1,1,9,9,1,2,8,4,2,2,0,6,0,6,0,6,1,19,5,121.986922678729,1,178.405405405405,3.43243243243243,51.9763779527559,-.0966953670878412, 
1058,180,566,8,2,3,10,1,88,1,1,9,9,2,4,7,1,2,2,0,7,0,8,0,8,1,19,5,186.066148174969,3,178.405405405405,3.43243243243243,51.9763779527559,-.0966953670878412,-.552786418821818
1058,180,567,8,1,3,6,1,88,1,1,9,9,1,4,6,1,4,7,0,6,0,5,0,5,1,19,5,142.659010606489,1,178.405405405405,3.43243243243243,51.9763779527559,-.0966953670878412,-.539871293898197
1014,85,49,8,1,2,9,1,88,3,1,2,1,1,99,99,1,99,99,0,5,0,7,0,6,1,8,2,190.593814797016,3,209.2,2.775,75.3873873873874,-.361332108357431, 
1014,85,1672,8,2,3,9,1,88,1,1,9,9,1,99,99,1,99,99,0,8,0,8,0,7,1,8,2,199.624862841315,3,209.2,2.775,75.3873873873874,-.361332108357431,.404973389197909
1014,85,1673,8,2,3,8,1,88,1,1,2,1,1,99,99,1,99,99,0,8,0,9,0,8,1,8,2,262.68420257926,5,209.2,2.775,75.3873873873874,-.361332108357431,-.224923066199495
1014,85,1674,8,1,3,6,1,88,1,1,9,9,1,99,99,1,99,99,0,6,0,6,0,6,1,8,2,144.874420075986,1,209.2,2.775,75.3873873873874,-.361332108357431,.443718763968772
1014,85,1675,8,1,3,10,1,88,1,1,2,1,1,99,99,3,99,99,0,7,0,7,0,8,1,8,2,181.15625100137,2,209.2,2.775,75.3873873873874,-.361332108357431,.339663761308474
1014,85,1676,8,2,3,5,1,88,1,1,9,9,1,2,8,1,99,8,0,7,0,7,0,6,1,8,2,177.458445054569,2,209.2,2.775,75.3873873873874,-.361332108357431, 
1014,85,1677,8,2,3,9,1,88,1,3,1,1,3,99,99,3,99,99,0,7,0,7,0,9,1,8,2,180.54704763707,2,209.2,2.775,75.3873873873874,-.361332108357431,-.920129149486334
1014,85,1679,8,2,3,5,1,88,1,1,9,9,1,99,99,1,99,99,0,7,0,7,0,8,1,8,2,166.567656088987,2,209.2,2.775,75.3873873873874,-.361332108357431,-.730982607907387
1014,85,1680,8,1,3,9,1,88,1,1,9,9,1,99,99,1,99,99,0,8,0,9,0,8,1,8,2,222.405814491397,4,209.2,2.775,75.3873873873874,-.361332108357431,-.920129149486334
1014,85,1683,8,2,3,7,1,88,1,1,9,9,1,99,99,1,99,99,0,8,0,9,0,7,1,8,2,163.034577644123,2,209.2,2.775,75.3873873873874,-.361332108357431,-.920129149486334
1014,85,1684,8,2,3,6,1,88,1,1,9,9,1,99,99,1,99,99,0,7,0,6,0,8,1,8,2,176.558525179267,2,209.2,2.775,75.3873873873874,-.361332108357431,1.43462789234568
1014,85,1690,8,2,3,12,1,88,1,3,9,9,2,2,8,2,4,8,0,6,0,6,0,6,1,8,2,159.378847967569,2,209.2,2.775,75.3873873873874,-.361332108357431, 
1014,85,1694,8,1,3,3,1,88,1,1,9,9,1,99,99,3,99,99,0,7,0,7,0,8,1,8,2,215.261800084824,4,209.2,2.775,75.3873873873874,-.361332108357431,.667527113930797
1014,85,1695,8,2,3,8,1,88,1,3,2,1,4,2,8,4,99,2,0,7,0,8,0,8,1,8,2,168.556417885604,2,209.2,2.775,75.3873873873874,-.361332108357431,-1.04593083560609
1014,85,1698,8,1,3,5,1,88,1,1,9,9,1,4,8,1,3,8,0,7,0,6,0,7,1,8,2,144.713610015379,1,209.2,2.775,75.3873873873874,-.361332108357431, 
1014,85,1700,8,2,3,1,1,88,1,1,9,9,1,99,99,3,99,99,0,8,0,8,0,9,1,8,2,201.983178523191,3,209.2,2.775,75.3873873873874,-.361332108357431,.26687196273399
1014,85,1702,8,1,3,1,1,88,1,1,9,9,1,2,8,1,2,8,0,7,0,7,0,7,1,8,2,196.340823620549,3,209.2,2.775,75.3873873873874,-.361332108357431,-1.73978753104214
1014,85,1706,8,1,3,2,1,88,1,1,9,9,1,4,5,1,4,2,0,6,0,6,0,8,1,8,2,181.650828368601,2,209.2,2.775,75.3873873873874,-.361332108357431,-.539871293898197
1014,85,1707,8,2,2,12,4,99,3,2,9,9,4,1,8,4,1,2,0,5,0,5,0,6,1,8,2,169.135959932024,2,209.2,2.775,75.3873873873874,-.361332108357431,-1.16057518861988
1014,85,3734,8,1,2,1,1,88,3,3,9,9,4,2,8,4,99,2,0,5,0,6,0,5,1,8,2,119.27117446897,1,209.2,2.775,75.3873873873874,-.361332108357431,-.379487868505725
1014,85,3828,8,1,2,1,4,99,3,9,9,9,4,99,99,9,99,99,0,6,0,7,0,8,1,8,2,153.063989413172,1,209.2,2.775,75.3873873873874,-.361332108357431,-1.11808288532404
1014,86,270,8,1,3,9,4,1,1,2,2,1,4,99,99,4,99,2,0,6,0,5,0,6,1,8,2,124.011780670643,1,209.2,2.775,75.3873873873874,-.254560132293216,-.854819521596899
1014,86,1678,8,2,3,1,1,88,1,1,9,9,1,99,8,1,99,8,0,9,0,10,0,8,1,8,2,227.597808786292,4,209.2,2.775,75.3873873873874,-.254560132293216,.0900251614992073
1014,86,1681,8,2,3,10,1,88,1,1,9,9,1,99,99,1,99,99,0,9,0,10,0,9,1,8,2,200.830549460352,3,209.2,2.775,75.3873873873874,-.254560132293216,.667527113930797
1014,86,1682,8,2,3,9,1,88,1,1,9,9,1,99,99,1,99,99,0,10,0,9,0,9,1,8,2,253.605626266903,5,209.2,2.775,75.3873873873874,-.254560132293216,-.101086152509983
1014,86,1685,8,2,3,5,1,88,1,1,1,1,1,4,7,1,4,7,0,8,0,8,0,6,1,8,2,158.268359807713,2,209.2,2.775,75.3873873873874,-.254560132293216,-.920129149486334
1014,86,1686,8,2,3,6,1,88,1,1,9,9,1,99,99,1,99,99,0,9,0,7,0,8,1,8,2,222.405814491397,4,209.2,2.775,75.3873873873874,-.254560132293216,-.237838191123116
1014,86,1687,8,2,3,3,1,88,1,1,9,9,1,99,99,1,99,99,0,7,0,6,0,8,1,8,2,181.849967908796,2,209.2,2.775,75.3873873873874,-.254560132293216, 
1014,86,1688,8,2,3,10,1,88,1,1,9,9,1,99,99,1,99,99,0,8,0,7,0,5,1,8,2,182.660456148829,2,209.2,2.775,75.3873873873874,-.254560132293216,1.43462789234568
1014,86,1689,8,2,3,2,1,88,1,1,2,1,3,2,8,1,2,8,0,9,0,8,0,8,1,8,2,240.633756872642,4,209.2,2.775,75.3873873873874,-.254560132293216,.223430374807848
1014,86,1691,8,2,3,9,1,88,1,1,9,9,1,99,99,1,99,99,0,8,0,9,0,6,1,8,2,210.961577231955,3,209.2,2.775,75.3873873873874,-.254560132293216,-.101086152509983
1014,86,1692,8,1,3,9,1,88,1,1,9,9,1,99,99,1,99,99,0,7,0,7,0,6,1,8,2,190.593814797016,3,209.2,2.775,75.3873873873874,-.254560132293216,.237493461968058
1014,86,1693,8,1,3,7,1,88,1,1,1,1,1,2,8,1,2,8,0,7,0,6,0,5,1,8,2,136.999155936233,1,209.2,2.775,75.3873873873874,-.254560132293216,-.730982607907387
1014,86,1696,8,2,3,8,1,88,1,1,9,9,1,99,99,2,99,99,0,8,0,7,0,5,1,8,2,121.986922678729,1,209.2,2.775,75.3873873873874,-.254560132293216, 
1014,86,1697,8,1,3,10,1,88,1,1,9,9,1,3,8,1,3,8,0,9,0,9,0,8,1,8,2,222.714087874754,4,209.2,2.775,75.3873873873874,-.254560132293216,.250408586891679
1014,86,1699,8,2,3,10,1,88,1,1,9,9,1,99,5,2,99,2,0,6,0,4,0,6,1,8,2,162.744312572589,2,209.2,2.775,75.3873873873874,-.254560132293216,-.488186429926633
1014,86,1701,8,2,3,5,1,88,1,1,1,1,1,2,8,2,5,8,0,8,0,8,0,8,1,8,2,168.302153357127,2,209.2,2.775,75.3873873873874,-.254560132293216,-.101086152509983
1014,86,1703,8,1,3,8,1,88,1,1,9,9,1,2,8,1,4,8,0,7,0,7,0,7,1,8,2,163.138871339838,2,209.2,2.775,75.3873873873874,-.254560132293216,-1.65760844804725
1014,86,1704,8,2,3,10,1,88,1,3,9,9,4,4,8,4,2,2,0,9,0,9,0,9,1,8,2,210.293848278452,3,209.2,2.775,75.3873873873874,-.254560132293216,-.920129149486334
1014,86,3821,8,2,2,4,1,88,3,3,2,1,4,3,8,4,3,2,0,6,0,5,0,5,1,8,2,136.881807562573,1,209.2,2.775,75.3873873873874,-.254560132293216,-1.11808288532404
1047,155,74,8,1,2,5,1,88,3,1,2,9,1,1,99,1,2,2,0,6,0,6,0,9,5,16,4,198.739982470452,3,262.971428571429,3.14285714285714,83.6727272727273,-.552209555764412,-1.11808288532404
1047,155,484,8,1,3,7,1,88,1,1,2,9,1,99,99,1,99,99,0,5,0,6,0,6,5,16,4,144.713610015379,1,262.971428571429,3.14285714285714,83.6727272727273,-.552209555764412, 
1047,155,486,8,2,4,4,1,88,1,1,2,9,1,99,99,1,99,99,0,6,0,6,0,6,5,16,4,202.219074029995,3,262.971428571429,3.14285714285714,83.6727272727273,-.552209555764412,.62788463571349
1047,155,2920,8,1,4,1,1,88,1,1,2,9,9,99,99,1,2,8,0,5,0,5,0,5,5,16,4,132.691407108513,1,262.971428571429,3.14285714285714,83.6727272727273,-.552209555764412,.110259356932764
1047,155,2932,8,2,3,5,1,88,1,1,2,9,1,2,8,1,2,2,0,8,0,6,0,7,5,16,4,185.149106505654,2,262.971428571429,3.14285714285714,83.6727272727273,-.552209555764412,-.237838191123116
1047,155,2933,8,2,4,1,1,88,1,1,2,9,1,1,8,1,2,2,0,6,0,5,0,6,5,16,4,166.567656088987,2,262.971428571429,3.14285714285714,83.6727272727273,-.552209555764412,-2.25268949457855
1047,155,2934,8,2,3,8,1,88,1,1,2,9,1,2,8,1,2,2,0,6,0,5,0,6,5,16,4,134.565863724947,1,262.971428571429,3.14285714285714,83.6727272727273,-.552209555764412,-1.30784481148244
1047,155,2935,8,2,3,8,1,88,1,1,2,9,1,2,8,1,2,2,0,5,0,5,0,5,5,16,4,167.957790341578,2,262.971428571429,3.14285714285714,83.6727272727273,-.552209555764412,.0376306585333934
1047,155,2936,8,1,3,3,1,88,1,1,2,9,1,2,1,1,2,2,0,6,0,5,0,5,5,16,4,139.467041250859,1,262.971428571429,3.14285714285714,83.6727272727273,-.552209555764412,-2.25268949457855
1047,155,2937,8,1,3,9,1,88,1,1,2,9,1,2,99,1,2,2,0,6,0,7,0,6,5,16,4,197.696847883919,3,262.971428571429,3.14285714285714,83.6727272727273,-.552209555764412,-.39781553725244
1047,155,2938,8,1,3,8,1,88,1,1,2,9,1,2,8,1,2,2,0,7,0,5,0,6,5,16,4,133.972325842708,1,262.971428571429,3.14285714285714,83.6727272727273,-.552209555764412, 
1047,155,2939,8,2,3,10,1,88,1,1,2,9,1,2,8,1,99,99,0,5,0,5,0,5,5,16,4,148.747899030653,1,262.971428571429,3.14285714285714,83.6727272727273,-.552209555764412,-1.359529675454
1047,155,2940,8,1,3,6,1,88,1,1,2,9,1,2,1,9,99,99,0,4,0,5,0,5,5,16,4,153.035119386718,1,262.971428571429,3.14285714285714,83.6727272727273,-.552209555764412,.856673655509744
1047,155,2941,8,1,3,12,1,88,1,1,2,9,9,99,99,1,99,99,0,5,0,5,0,6,5,16,4,144.713610015379,1,262.971428571429,3.14285714285714,83.6727272727273,-.552209555764412, 
1047,155,3885,8,1,3,6,1,88,1,9,9,9,9,99,99,9,99,99,0,6,0,6,0,6,5,16,4,153.472401744092,1,262.971428571429,3.14285714285714,83.6727272727273,-.552209555764412,.667527113930797
1047,156,73,8,1,2,12,1,88,3,3,2,9,4,2,8,4,2,2,0,5,0,4,0,5,5,16,4,119.27117446897,1,262.971428571429,3.14285714285714,83.6727272727273,-.98064711854345,-1.10989107564474
1047,156,485,8,2,3,10,1,88,1,1,2,9,1,2,1,1,99,99,0,6,0,5,0,7,5,16,4,176.622278965223,2,262.971428571429,3.14285714285714,83.6727272727273,-.98064711854345,-.237838191123116
1047,156,2921,8,1,3,4,1,88,1,1,2,9,1,2,8,1,2,2,0,6,0,8,0,8,5,16,4,168.556417885604,2,262.971428571429,3.14285714285714,83.6727272727273,-.98064711854345, 
1047,156,2922,8,1,3,2,1,88,1,1,2,9,1,2,99,1,2,2,0,5,0,4,0,6,5,16,4,131.854739578627,1,262.971428571429,3.14285714285714,83.6727272727273,-.98064711854345,-.479994620247333
1047,156,2923,8,1,3,11,1,88,1,1,2,9,1,2,8,1,2,6,0,6,0,4,0,7,5,16,4,167.351489951188,2,262.971428571429,3.14285714285714,83.6727272727273,-.98064711854345,-.488186429926633
1047,156,2924,8,1,3,6,1,88,1,1,2,9,1,2,1,1,2,2,0,5,0,7,0,7,5,16,4,149.665958706336,1,262.971428571429,3.14285714285714,83.6727272727273,-.98064711854345,-.7296332200566
1047,156,2925,8,2,3,9,1,88,1,1,2,9,1,2,1,1,2,2,0,6,0,7,0,7,5,16,4,170.678433237597,2,262.971428571429,3.14285714285714,83.6727272727273,-.98064711854345,-1.55064098946319
1047,156,2926,8,1,3,9,1,88,1,1,2,9,1,2,99,1,2,2,0,5,0,6,0,6,5,16,4,181.15625100137,2,262.971428571429,3.14285714285714,83.6727272727273,-.98064711854345,-1.10989107564474
1047,156,2927,8,2,4,2,1,88,1,3,2,9,4,2,8,4,2,2,0,6,0,6,0,8,5,16,4,142.781500181655,1,262.971428571429,3.14285714285714,83.6727272727273,-.98064711854345,-.677948356085037
1047,156,2928,8,1,3,12,1,88,1,1,2,9,1,2,6,1,2,99,0,7,0,8,0,9,5,16,4,198.364787101001,3,262.971428571429,3.14285714285714,83.6727272727273,-.98064711854345,-.730982607907387
1047,156,2929,8,1,3,8,1,88,1,1,2,9,1,2,1,1,2,2,0,6,0,5,0,7,5,16,4,136.881807562573,1,262.971428571429,3.14285714285714,83.6727272727273,-.98064711854345,-1.359529675454
1047,156,2930,8,2,3,12,1,88,1,1,2,9,1,2,8,1,2,2,0,6,0,5,0,7,5,16,4,149.159118687254,1,262.971428571429,3.14285714285714,83.6727272727273,-.98064711854345,-1.55064098946319
1047,156,2931,8,2,4,1,1,88,1,1,2,9,1,2,8,1,2,2,0,7,0,8,0,8,5,16,4,222.991135067186,4,262.971428571429,3.14285714285714,83.6727272727273,-.98064711854345,-1.74258819150543
1018,93,1817,8,1,3,5,1,88,1,1,2,2,1,2,8,1,99,99,7,7,6,6,6,6,1,9,3,181.593741125249,2,149.668181818182,2.29545454545455,65.2019801980198,-.175622018766388,-.539871293898197
1018,93,1820,8,1,3,10,1,88,1,1,2,2,9,99,99,1,99,99,8,8,7,7,6,6,1,9,3,203.852389044953,3,149.668181818182,2.29545454545455,65.2019801980198,-.175622018766388,-1.24799250210866
1018,93,1822,8,2,3,5,1,88,1,9,2,2,9,99,99,9,99,99,7,7,6,6,6,6,1,9,3,171.121608349969,2,149.668181818182,2.29545454545455,65.2019801980198,-.175622018766388,.0247155336097724
1018,93,1825,8,1,3,9,1,88,1,1,2,2,1,99,99,1,99,99,7,7,8,8,6,6,1,9,3,222.405814491397,4,149.668181818182,2.29545454545455,65.2019801980198,-.175622018766388,.0900251614992073
1018,93,1827,8,1,3,12,1,88,1,1,2,2,1,99,99,1,99,99,8,8,7,7,6,6,1,9,3,186.223210868742,3,149.668181818182,2.29545454545455,65.2019801980198,-.175622018766388, 
1018,93,1828,8,1,3,12,1,88,1,1,2,2,1,99,99,1,99,99,6,6,6,6,5,5,1,9,3,164.972434481403,2,149.668181818182,2.29545454545455,65.2019801980198,-.175622018766388,2.3287119170057
1018,93,1831,8,1,3,1,1,88,1,1,2,2,1,99,99,1,99,99,7,7,7,7,6,6,1,9,3,195.021578005022,3,149.668181818182,2.29545454545455,65.2019801980198,-.175622018766388,.705657104122204
1018,93,1834,8,1,3,8,1,88,1,3,2,2,3,2,8,3,2,2,6,6,6,6,5,5,1,9,3,168.320450604413,2,149.668181818182,2.29545454545455,65.2019801980198,-.175622018766388,-.488186429926633
1018,93,1835,8,2,3,7,1,88,1,1,2,2,1,99,99,1,99,99,6,6,7,7,6,6,1,9,3,206.335043167921,3,149.668181818182,2.29545454545455,65.2019801980198,-.175622018766388,-.920129149486334
1018,93,1836,8,2,3,7,1,88,1,1,2,2,1,99,99,2,99,99,7,7,7,7,6,6,1,9,3,208.379985496099,3,149.668181818182,2.29545454545455,65.2019801980198,-.175622018766388,-1.32974509542492
1018,93,1837,8,2,3,2,1,88,1,3,2,2,3,99,7,3,99,99,6,6,6,6,6,6,1,9,3,143.530197573359,1,149.668181818182,2.29545454545455,65.2019801980198,-.175622018766388,-1.11808288532404
1018,93,1838,8,1,3,5,1,88,1,1,2,2,1,4,8,1,99,99,7,7,7,7,6,6,1,9,3,203.069127843401,3,149.668181818182,2.29545454545455,65.2019801980198,-.175622018766388,-.416034380208685
1018,93,1839,8,2,3,2,1,88,1,3,2,2,2,99,7,2,99,99,8,8,9,9,6,6,1,9,3,195.119607886796,3,149.668181818182,2.29545454545455,65.2019801980198,-.175622018766388,-.730982607907387
1018,93,1840,8,2,3,7,1,88,1,1,2,2,1,99,6,1,99,7,9,9,9,9,7,7,1,9,3,227.85501070611,4,149.668181818182,2.29545454545455,65.2019801980198,-.175622018766388,.0900251614992073
1018,93,1841,8,1,3,5,1,88,1,1,2,2,1,99,99,1,99,99,7,7,8,8,7,7,1,9,3,196.395065752615,3,149.668181818182,2.29545454545455,65.2019801980198,-.175622018766388,-.730982607907387
1018,93,1842,8,2,3,9,1,88,1,3,2,2,3,99,99,3,99,99,7,7,6,6,6,6,1,9,3,163.224331480197,2,149.668181818182,2.29545454545455,65.2019801980198,-.175622018766388,-.699848640027521
1018,93,1843,8,2,2,9,3,99,3,2,2,2,3,2,8,3,99,99,6,6,5,5,6,6,1,9,3,142.385729934988,1,149.668181818182,2.29545454545455,65.2019801980198,-.175622018766388,.580470802581905
1018,93,1844,8,2,3,11,3,99,1,2,2,2,3,99,99,3,99,99,6,6,6,6,5,5,1,9,3,142.659010606489,1,149.668181818182,2.29545454545455,65.2019801980198,-.175622018766388,-.92292980994962
1018,93,1850,8,1,3,8,1,88,1,1,2,2,1,99,99,1,99,99,8,8,9,9,7,7,1,9,3,235.387222112981,4,149.668181818182,2.29545454545455,65.2019801980198,-.175622018766388,.541725427811042
1018,93,1851,8,2,3,8,1,88,1,1,2,2,1,99,99,1,99,99,9,9,7,7,7,7,1,9,3,235.461848350473,4,149.668181818182,2.29545454545455,65.2019801980198,-.175622018766388,-.101086152509983
1018,93,1856,8,2,4,4,1,88,1,1,2,2,1,9,5,1,9,7,8,8,8,8,7,7,1,9,3,235.297042700082,4,149.668181818182,2.29545454545455,65.2019801980198,-.175622018766388,1.37210007122257
1018,93,1857,8,1,3,11,4,99,1,1,2,2,1,4,7,1,4,7,7,7,6,6,6,6,1,9,3,159.378847967569,2,149.668181818182,2.29545454545455,65.2019801980198,-.175622018766388, 
1018,94,1816,8,1,3,1,1,88,1,1,2,2,1,99,99,1,99,99,8,8,9,9,7,7,1,9,3,222.301402077163,4,149.668181818182,2.29545454545455,65.2019801980198,-.299568495907087,.614969510789869
1018,94,1818,8,1,3,10,1,88,1,1,2,2,1,99,8,1,99,99,8,8,8,8,8,8,1,9,3,228.576352895939,4,149.668181818182,2.29545454545455,65.2019801980198,-.299568495907087,-.920129149486334
1018,94,1819,8,2,3,4,1,88,1,1,2,2,1,4,99,1,4,4,7,7,6,6,6,6,1,9,3,172.367499295602,2,149.668181818182,2.29545454545455,65.2019801980198,-.299568495907087,-.92292980994962
1018,94,1821,8,1,3,5,1,88,1,1,2,2,9,99,4,1,4,2,6,6,5,5,5,5,1,9,3,168.556417885604,2,149.668181818182,2.29545454545455,65.2019801980198,-.299568495907087, 
1018,94,1823,8,1,3,1,1,88,1,1,2,2,1,99,99,1,99,7,8,8,9,9,9,9,1,9,3,256.252069473569,5,149.668181818182,2.29545454545455,65.2019801980198,-.299568495907087,.745751866743853
1018,94,1824,8,2,3,1,1,88,1,1,2,2,1,99,99,1,99,99,6,6,5,5,6,6,1,9,3,164.694518237865,2,149.668181818182,2.29545454545455,65.2019801980198,-.299568495907087,1.02122071640036
1018,94,1826,8,2,3,9,1,88,1,3,2,2,3,99,99,3,99,99,7,7,7,7,7,7,1,9,3,204.189105685062,3,149.668181818182,2.29545454545455,65.2019801980198,-.299568495907087,-1.11808288532404
1018,94,1829,8,2,3,7,1,88,1,1,2,2,1,99,6,1,99,99,7,7,7,7,7,7,1,9,3,217.71879833412,4,149.668181818182,2.29545454545455,65.2019801980198,-.299568495907087,-.101086152509983
1018,94,1830,8,1,3,4,3,99,1,9,2,2,3,2,99,9,99,99,6,6,5,5,0,5,1,9,3,148.888355022075,1,149.668181818182,2.29545454545455,65.2019801980198,-.299568495907087,-.730982607907387
1018,94,1832,8,2,3,8,1,88,1,3,2,2,3,99,99,3,99,99,7,7,5,5,8,8,1,9,3,181.730551156553,2,149.668181818182,2.29545454545455,65.2019801980198,-.299568495907087,-.730982607907387
1018,94,1833,8,1,3,5,1,88,1,9,2,2,9,99,99,9,99,99,6,6,6,6,6,6,1,9,3,121.986922678729,1,149.668181818182,2.29545454545455,65.2019801980198,-.299568495907087, 
1018,94,1845,8,1,3,4,1,88,1,1,2,2,1,99,99,9,99,99,7,7,6,6,7,7,1,9,3,227.85501070611,4,149.668181818182,2.29545454545455,65.2019801980198,-.299568495907087,1.07006696844749
1018,94,1846,8,1,3,3,1,88,1,1,2,2,1,99,99,1,99,99,6,6,6,6,7,7,1,9,3,214.76197012002,4,149.668181818182,2.29545454545455,65.2019801980198,-.299568495907087,-1.55064098946319
1018,94,1847,8,2,3,10,1,88,1,1,2,2,9,99,99,1,99,99,6,6,6,6,5,5,1,9,3,153.613870570197,1,149.668181818182,2.29545454545455,65.2019801980198,-.299568495907087,.70627248870166
1018,94,1848,8,2,3,9,1,88,1,1,2,2,1,99,99,1,99,99,7,7,7,7,6,6,1,9,3,196.395065752615,3,149.668181818182,2.29545454545455,65.2019801980198,-.299568495907087,-.290848078668386
1018,94,1849,8,1,4,4,1,88,1,1,2,2,1,99,99,1,99,99,6,6,6,6,6,6,1,9,3,193.73738081401,3,149.668181818182,2.29545454545455,65.2019801980198,-.299568495907087,.469573378093093
1018,94,1852,8,1,3,8,1,88,1,1,2,2,1,99,99,1,99,99,6,6,5,5,7,7,1,9,3,166.247244242638,2,149.668181818182,2.29545454545455,65.2019801980198,-.299568495907087,-.920129149486334
1018,94,1853,8,2,3,9,1,88,1,1,2,2,1,99,99,9,99,99,7,7,5,5,5,5,1,9,3,168.302153357127,2,149.668181818182,2.29545454545455,65.2019801980198,-.299568495907087,-.290848078668386
1018,94,1854,8,2,3,10,1,88,1,1,2,2,1,99,99,1,99,99,6,6,5,5,6,6,1,9,3,197.884884572723,3,149.668181818182,2.29545454545455,65.2019801980198,-.299568495907087,.110259356932764
1018,94,1855,8,1,3,1,1,88,1,1,2,2,1,99,99,1,99,99,6,6,5,5,5,5,1,9,3,153.316726275745,1,149.668181818182,2.29545454545455,65.2019801980198,-.299568495907087,-.488186429926633
1018,94,3745,8,1,1,4,3,99,3,2,2,2,3,99,99,3,99,99,4,4,5,5,7,7,1,9,3,80.1071173816986,1,149.668181818182,2.29545454545455,65.2019801980198,-.299568495907087,-2.56355211244316
1018,94,3801,8,2,3,1,3,99,1,2,2,2,3,99,99,3,99,99,7,7,5,5,6,6,1,9,3,134.485300338537,1,149.668181818182,2.29545454545455,65.2019801980198,-.299568495907087,-.101086152509983
1019,95,1812,8,2,3,4,1,88,1,1,1,1,1,9,7,1,9,7,0,8,0,7,0,9,1,9,3,215.156173770726,4,146.342222222222,3.37777777777778,43.325,-.0467842042487003,.26687196273399
1019,95,1815,8,2,3,8,1,88,1,1,2,1,1,9,3,1,7,7,0,8,0,7,0,6,1,9,3,217.72987054248,4,146.342222222222,3.37777777777778,43.325,-.0467842042487003,.718572229045825
1019,95,1860,8,2,3,3,1,88,1,1,1,1,1,4,8,1,4,7,0,8,0,7,0,7,1,9,3,201.841492220508,3,146.342222222222,3.37777777777778,43.325,-.0467842042487003,-.730982607907387
1019,95,1861,8,1,3,1,1,88,1,1,2,1,3,4,8,1,4,8,0,6,0,5,0,5,1,9,3,208.608015416367,3,146.342222222222,3.37777777777778,43.325,-.0467842042487003,-1.11808288532404
1019,95,1864,8,2,3,8,1,88,1,1,2,1,1,2,7,1,2,8,0,7,0,8,0,7,1,9,3,225.970337627724,4,146.342222222222,3.37777777777778,43.325,-.0467842042487003,-.0645396408070231
1019,95,1865,8,2,3,7,1,88,1,1,1,1,1,9,4,1,9,3,0,8,0,8,0,8,1,9,3,210.013605719334,3,146.342222222222,3.37777777777778,43.325,-.0467842042487003,1.03352045674453
1019,95,1866,8,2,3,6,1,88,1,1,2,1,1,4,6,1,9,7,0,9,0,8,0,8,1,9,3,203.246705123247,3,146.342222222222,3.37777777777778,43.325,-.0467842042487003,1.11967966464697
1019,95,1867,8,2,3,2,1,88,1,3,1,1,3,5,6,3,3,8,0,7,0,6,0,6,1,9,3,207.842779127088,3,146.342222222222,3.37777777777778,43.325,-.0467842042487003,-.65773852492856
1019,95,1868,8,2,3,3,1,88,1,1,2,1,1,2,6,1,2,8,0,8,0,7,0,7,1,9,3,193.73738081401,3,146.342222222222,3.37777777777778,43.325,-.0467842042487003,-.7296332200566
1019,95,1878,8,1,3,9,1,88,1,1,2,1,1,4,8,1,4,7,0,9,0,9,0,8,1,9,3,246.212899191702,5,146.342222222222,3.37777777777778,43.325,-.0467842042487003,-.329875172306237
1019,95,1880,8,1,3,6,1,88,1,3,2,1,2,99,8,2,99,2,0,6,0,5,0,5,1,9,3,144.874420075986,1,146.342222222222,3.37777777777778,43.325,-.0467842042487003,-1.55064098946319
1019,95,1881,8,1,3,12,1,88,1,1,1,1,1,4,6,1,4,8,0,8,0,8,0,7,1,9,3,206.49960639662,3,146.342222222222,3.37777777777778,43.325,-.0467842042487003,-.618096046711253
1019,95,1882,8,2,3,8,1,88,1,1,1,1,1,3,6,1,4,7,0,7,0,6,0,8,1,9,3,133.972325842708,1,146.342222222222,3.37777777777778,43.325,-.0467842042487003,.541725427811042
1019,95,1884,8,1,4,1,1,88,1,1,2,1,1,2,8,1,2,8,0,6,0,6,0,6,1,9,3,142.781500181655,1,146.342222222222,3.37777777777778,43.325,-.0467842042487003,.352578886232095
1019,95,1886,8,1,3,6,1,88,1,1,2,1,1,3,8,1,4,7,0,8,0,7,0,6,1,9,3,181.849967908796,2,146.342222222222,3.37777777777778,43.325,-.0467842042487003, 
1019,95,1887,8,1,3,12,1,88,1,1,2,1,1,3,5,1,4,7,0,9,0,9,0,8,1,9,3,223.032697784688,4,146.342222222222,3.37777777777778,43.325,-.0467842042487003,-.730982607907387
1019,95,1889,8,1,3,6,1,88,1,1,2,1,1,2,6,1,4,5,0,7,0,7,0,6,1,9,3,171.121608349969,2,146.342222222222,3.37777777777778,43.325,-.0467842042487003,-.29023269408893
1019,95,1890,8,2,4,1,1,88,1,1,2,1,1,4,7,1,4,7,0,8,0,8,0,9,1,9,3,229.999961992681,4,146.342222222222,3.37777777777778,43.325,-.0467842042487003,.614969510789869
1019,95,1893,8,1,3,10,1,88,1,1,2,1,1,4,6,1,2,8,0,6,0,6,0,5,1,9,3,172.266093160242,2,146.342222222222,3.37777777777778,43.325,-.0467842042487003,.565356814590381
1019,95,1894,8,1,3,9,1,88,1,1,1,1,1,4,8,1,4,8,0,9,0,8,0,8,1,9,3,251.575241889783,5,146.342222222222,3.37777777777778,43.325,-.0467842042487003,-.539871293898197
1019,95,1896,8,2,3,7,1,88,1,1,2,1,1,4,7,1,4,7,0,7,0,7,0,6,1,9,3,164.011619115489,2,146.342222222222,3.37777777777778,43.325,-.0467842042487003, 
1019,95,1898,8,2,3,12,4,6,1,2,1,1,4,2,8,4,2,2,0,6,0,6,0,8,1,9,3,138.477678310162,1,146.342222222222,3.37777777777778,43.325,-.0467842042487003,1.2117166458301
1019,96,1813,8,1,3,11,1,88,1,1,2,1,1,99,99,1,99,99,0,7,0,9,0,7,1,9,3,203.069127843401,3,146.342222222222,3.37777777777778,43.325,.275930666650712,.942832863412192
1019,96,1814,8,1,3,12,1,88,1,1,1,1,1,2,6,1,7,3,0,6,0,7,0,5,1,9,3,148.888355022075,1,146.342222222222,3.37777777777778,43.325,.275930666650712,.62788463571349
1019,96,1858,8,1,3,10,1,88,1,1,1,1,1,5,7,4,9,7,0,5,0,7,0,6,1,9,3,172.657296982291,2,146.342222222222,3.37777777777778,43.325,.275930666650712,-.605180921787631
1019,96,1859,8,1,3,7,1,88,1,1,2,1,1,8,7,1,7,7,0,6,0,7,0,6,1,9,3,208.04293484967,3,146.342222222222,3.37777777777778,43.325,.275930666650712,-.224923066199495
1019,96,1862,8,1,3,5,1,88,1,1,1,1,1,9,7,1,9,7,0,7,0,8,0,7,1,9,3,253.787394348859,5,146.342222222222,3.37777777777778,43.325,.275930666650712,.578271939514002
1019,96,1863,8,2,3,11,1,88,1,1,2,1,1,2,6,1,2,8,0,7,0,7,0,7,1,9,3,199.391543944644,3,146.342222222222,3.37777777777778,43.325,.275930666650712, 
1019,96,1869,8,1,3,6,1,88,1,1,9,1,1,9,7,1,9,8,0,6,0,7,0,6,1,9,3,217.72987054248,4,146.342222222222,3.37777777777778,43.325,.275930666650712,.529425687466878
1019,96,1870,8,2,3,8,1,88,1,1,1,1,1,2,6,1,4,7,0,6,0,6,0,5,1,9,3,149.757714662002,1,146.342222222222,3.37777777777778,43.325,.275930666650712, 
1019,96,1871,8,1,3,7,1,88,1,1,1,1,4,7,7,1,8,7,0,8,0,10,0,7,1,9,3,252.712238433168,5,146.342222222222,3.37777777777778,43.325,.275930666650712,.594735315356313
1019,96,1872,8,2,3,11,1,88,1,1,2,1,1,2,4,1,10,7,0,7,0,8,0,7,1,9,3,240.987975091199,4,146.342222222222,3.37777777777778,43.325,.275930666650712,1.38501519614619
1019,96,1873,8,2,3,9,1,88,1,1,1,1,1,7,5,1,2,6,0,6,0,6,0,5,1,9,3,185.026078032774,2,146.342222222222,3.37777777777778,43.325,.275930666650712,.705657104122204
1019,96,1874,8,2,3,9,1,88,1,1,2,1,1,4,7,1,4,2,0,8,0,8,0,6,1,9,3,225.014629750171,4,146.342222222222,3.37777777777778,43.325,.275930666650712,-.605180921787631
1019,96,1875,8,1,3,7,1,88,1,1,1,1,9,6,99,1,4,99,0,7,0,7,0,6,1,9,3,200.830549460352,3,146.342222222222,3.37777777777778,43.325,.275930666650712,.856673655509744
1019,96,1876,8,2,3,4,1,88,1,9,9,9,9,2,8,3,9,7,0,7,0,7,0,7,1,9,3,133.972325842708,1,146.342222222222,3.37777777777778,43.325,.275930666650712, 
1019,96,1877,8,2,3,8,1,88,1,1,1,1,1,9,5,1,9,5,0,7,0,8,0,6,1,9,3,199.391543944644,3,146.342222222222,3.37777777777778,43.325,.275930666650712, 
1019,96,1879,8,2,3,12,1,88,1,1,2,1,1,4,5,1,4,6,0,7,0,8,0,7,1,9,3,238.932699694153,4,146.342222222222,3.37777777777778,43.325,.275930666650712,.312936408014788
1019,96,1883,8,2,3,9,1,88,1,1,2,1,1,4,1,1,2,8,0,8,0,9,0,8,1,9,3,233.838858808275,4,146.342222222222,3.37777777777778,43.325,.275930666650712,-1.65760844804725
1019,96,1885,8,2,3,1,1,88,1,1,2,1,1,4,6,1,2,8,0,7,0,9,0,6,1,9,3,213.604900789007,3,146.342222222222,3.37777777777778,43.325,.275930666650712,1.04308875636366
1019,96,1888,8,2,3,5,1,88,1,1,2,1,1,2,8,1,4,7,0,9,0,10,0,8,1,9,3,276.135346308825,5,146.342222222222,3.37777777777778,43.325,.275930666650712,-.933044274409955
1019,96,1891,8,1,3,9,1,88,1,1,2,1,1,4,7,1,4,7,0,8,0,9,0,7,1,9,3,203.054715821585,3,146.342222222222,3.37777777777778,43.325,.275930666650712,-.920129149486334
1019,96,1892,8,1,3,8,1,88,1,1,2,1,1,4,6,1,2,8,0,8,0,10,0,8,1,9,3,202.164670218052,3,146.342222222222,3.37777777777778,43.325,.275930666650712,-.173238202227931
1019,96,1895,8,2,3,2,4,3,1,2,1,1,4,2,8,4,2,8,0,7,0,8,0,8,1,9,3,207.890736844594,3,146.342222222222,3.37777777777778,43.325,.275930666650712,.856673655509744
1019,96,1897,8,2,3,10,1,88,1,1,2,1,1,2,4,2,4,8,0,9,0,8,0,8,1,9,3,201.841492220508,3,146.342222222222,3.37777777777778,43.325,.275930666650712,.565356814590381
1015,87,1708,8,1,3,7,1,88,1,3,2,2,2,99,99,2,99,99,0,6,0,5,0,7,1,8,2,115.315912484084,1,181.913043478261,1.65217391304348,110.105263157895,-.247064191365482, 
1015,87,1710,8,2,3,8,1,88,1,9,9,9,9,99,99,9,99,99,0,9,0,5,0,8,1,8,2,193.748615361374,3,181.913043478261,1.65217391304348,110.105263157895,-.247064191365482,-1.11808288532404
1015,87,1711,8,1,3,5,1,88,1,9,9,9,9,99,99,9,99,99,0,7,0,8,0,7,1,8,2,177.149041506335,2,181.913043478261,1.65217391304348,110.105263157895,-.247064191365482,-.428334120552849
1015,87,1713,8,1,3,1,1,88,1,9,9,9,9,99,99,9,99,99,0,7,0,6,0,6,1,8,2,190.593814797016,3,181.913043478261,1.65217391304348,110.105263157895,-.247064191365482, 
1015,87,1715,8,1,3,5,1,88,1,9,9,9,9,99,99,9,99,99,0,8,0,9,0,9,1,8,2,273.119928120151,5,181.913043478261,1.65217391304348,110.105263157895,-.247064191365482,-1.55282626534702
1015,87,1724,8,1,3,4,1,88,1,9,9,9,9,99,99,9,99,99,0,8,0,7,0,7,1,8,2,180.54704763707,2,181.913043478261,1.65217391304348,110.105263157895,-.247064191365482,-.101086152509983
1015,87,1725,8,2,3,1,1,88,1,9,9,9,9,99,99,9,99,99,0,8,0,4,0,8,1,8,2,190.593814797016,3,181.913043478261,1.65217391304348,110.105263157895,-.247064191365482, 
1015,87,1726,8,1,3,4,1,88,1,9,9,9,9,99,99,9,99,99,0,7,0,5,0,6,1,8,2,189.236329322732,3,181.913043478261,1.65217391304348,110.105263157895,-.247064191365482,.614969510789869
1015,87,1731,8,2,3,10,1,88,1,9,9,9,9,99,99,9,99,99,0,9,0,8,0,9,1,8,2,184.659671305641,2,181.913043478261,1.65217391304348,110.105263157895,-.247064191365482,1.03352045674453
1015,87,1732,8,2,3,3,1,88,1,9,9,9,9,99,99,9,99,99,0,9,0,7,0,9,1,8,2,212.377384947866,3,181.913043478261,1.65217391304348,110.105263157895,-.247064191365482,-.539871293898197
1015,87,1733,8,2,3,9,1,88,1,9,9,9,9,99,99,9,99,99,0,8,0,5,0,6,1,8,2,164.011619115489,2,181.913043478261,1.65217391304348,110.105263157895,-.247064191365482, 
1015,87,1734,8,1,3,7,1,88,1,9,9,9,9,99,99,9,99,99,0,7,0,7,0,8,1,8,2,166.47798222432,2,181.913043478261,1.65217391304348,110.105263157895,-.247064191365482, 
1015,87,1735,8,2,3,6,1,88,1,9,9,9,9,99,99,9,99,99,0,8,0,6,0,7,1,8,2,160.776666953699,2,181.913043478261,1.65217391304348,110.105263157895,-.247064191365482,.705657104122204
1015,87,1736,8,1,3,3,1,88,1,9,9,9,9,99,99,9,99,99,0,7,0,6,0,6,1,8,2,149.757714662002,1,181.913043478261,1.65217391304348,110.105263157895,-.247064191365482, 
1015,87,1737,8,1,3,9,1,88,1,9,9,9,9,99,99,9,99,99,0,8,0,8,0,8,1,8,2,172.367499295602,2,181.913043478261,1.65217391304348,110.105263157895,-.247064191365482,1.53957999845242
1015,87,1738,8,2,3,12,1,88,1,9,9,9,9,99,99,9,99,99,0,8,0,7,0,8,1,8,2,187.447191002204,3,181.913043478261,1.65217391304348,110.105263157895,-.247064191365482,-.920129149486334
1015,87,1739,8,2,3,11,1,88,1,1,9,9,1,2,8,1,2,8,0,8,0,5,0,6,1,8,2,228.578242484582,4,181.913043478261,1.65217391304348,110.105263157895,-.247064191365482,-1.93774126687984
1015,87,1743,8,1,3,7,1,88,1,9,9,9,9,99,99,9,99,99,0,8,0,9,0,9,1,8,2,202.219074029995,3,181.913043478261,1.65217391304348,110.105263157895,-.247064191365482,-.730982607907387
1015,87,1744,8,2,3,2,1,88,1,9,9,9,9,99,99,9,99,99,0,8,0,6,0,8,1,8,2,199.275740666392,3,181.913043478261,1.65217391304348,110.105263157895,-.247064191365482,-.920129149486334
1015,87,1747,8,2,3,11,1,88,1,9,9,9,9,99,99,9,99,99,0,8,0,7,0,9,1,8,2,190.593814797016,3,181.913043478261,1.65217391304348,110.105263157895,-.247064191365482,-.29023269408893
1015,87,1748,8,1,3,8,1,88,1,9,9,9,9,99,99,9,99,99,0,7,0,7,0,6,1,8,2,167.351489951188,2,181.913043478261,1.65217391304348,110.105263157895,-.247064191365482,-.7296332200566
1015,87,1750,8,2,4,2,1,88,1,1,9,9,9,99,99,1,99,99,0,8,0,8,0,9,1,8,2,262.051349493033,5,181.913043478261,1.65217391304348,110.105263157895,-.247064191365482,-.173238202227931
1015,87,1751,8,1,3,7,1,88,1,1,2,1,1,2,8,1,2,8,0,7,0,7,0,7,1,8,2,177.458445054569,2,181.913043478261,1.65217391304348,110.105263157895,-.247064191365482, 
1015,87,1752,8,1,3,11,1,88,1,1,1,1,1,99,7,1,99,7,0,9,0,9,0,9,1,8,2,227.665111014356,4,181.913043478261,1.65217391304348,110.105263157895,-.247064191365482,1.34846868444323
1015,88,271,8,1,3,8,1,88,1,1,2,2,1,99,7,1,99,7,0,7,0,7,0,8,1,8,2,190.593814797016,3,181.913043478261,1.65217391304348,110.105263157895,-.155329865805562,.279787087657611
1015,88,1709,8,2,3,4,1,88,1,9,9,9,9,99,99,9,99,99,0,6,0,7,0,7,1,8,2,173.032778292153,2,181.913043478261,1.65217391304348,110.105263157895,-.155329865805562, 
1015,88,1712,8,1,3,7,1,88,1,9,9,9,9,99,99,9,99,99,0,6,0,5,0,6,1,8,2,207.662695152105,3,181.913043478261,1.65217391304348,110.105263157895,-.155329865805562,-.730982607907387
1015,88,1714,8,1,3,7,1,88,1,9,9,9,9,99,99,9,99,99,0,7,0,6,0,7,1,8,2,169.135959932024,2,181.913043478261,1.65217391304348,110.105263157895,-.155329865805562,-.29023269408893
1015,88,1716,8,1,3,2,1,88,1,9,9,9,9,99,99,9,99,99,0,8,0,8,0,8,1,8,2,210.961577231955,3,181.913043478261,1.65217391304348,110.105263157895,-.155329865805562,-1.05884596052971
1015,88,1717,8,2,3,10,1,88,1,1,9,9,1,99,99,9,99,99,0,6,0,5,0,7,1,8,2,198.739982470452,3,181.913043478261,1.65217391304348,110.105263157895,-.155329865805562,.392058264274288
1015,88,1718,8,2,3,7,1,88,1,9,9,9,9,99,99,9,99,99,0,6,0,7,0,7,1,8,2,189.397180287251,3,181.913043478261,1.65217391304348,110.105263157895,-.155329865805562,-.92074453406579
1015,88,1719,8,2,3,10,1,88,1,9,9,9,9,99,99,9,99,99,0,7,0,8,0,8,1,8,2,193.748615361374,3,181.913043478261,1.65217391304348,110.105263157895,-.155329865805562,.312936408014788
1015,88,1720,8,1,3,3,1,88,1,9,9,9,9,99,99,9,99,99,0,6,0,5,0,6,1,8,2,144.713610015379,1,181.913043478261,1.65217391304348,110.105263157895,-.155329865805562, 
1015,88,1721,8,2,3,10,1,88,1,9,9,9,9,99,99,9,99,99,0,6,0,6,0,7,1,8,2,168.556417885604,2,181.913043478261,1.65217391304348,110.105263157895,-.155329865805562, 
1015,88,1722,8,1,3,8,1,88,1,9,9,9,9,99,99,9,99,99,0,7,0,7,0,8,1,8,2,194.977645031822,3,181.913043478261,1.65217391304348,110.105263157895,-.155329865805562, 
1015,88,1723,8,1,3,9,1,88,1,9,9,9,9,99,99,9,99,99,0,6,0,7,0,7,1,8,2,190.450593717614,3,181.913043478261,1.65217391304348,110.105263157895,-.155329865805562,-1.30375920164836
1015,88,1727,8,1,3,1,1,88,1,9,9,9,9,99,99,9,99,99,0,8,0,8,0,9,1,8,2,194.131377576185,3,181.913043478261,1.65217391304348,110.105263157895,-.155329865805562,.404973389197909
1015,88,1728,8,1,3,3,1,88,1,9,9,9,9,99,99,9,99,99,0,8,0,9,0,9,1,8,2,197.956724085216,3,181.913043478261,1.65217391304348,110.105263157895,-.155329865805562,.594735315356313
1015,88,1729,8,2,3,1,1,88,1,9,9,9,9,99,99,9,99,99,0,10,0,10,0,10,1,8,2,276.135346308825,5,181.913043478261,1.65217391304348,110.105263157895,-.155329865805562,.880305042289083
1015,88,1730,8,1,3,6,1,88,1,1,1,1,1,5,6,1,5,5,0,7,0,7,0,7,1,8,2,194.977645031822,3,181.913043478261,1.65217391304348,110.105263157895,-.155329865805562,.352578886232095
1015,88,1740,8,1,3,8,1,88,1,9,9,9,9,99,99,9,99,99,0,7,0,8,0,8,1,8,2,187.447191002204,3,181.913043478261,1.65217391304348,110.105263157895,-.155329865805562,-.212007941275874
1015,88,1741,8,2,3,3,1,88,1,9,9,9,9,99,99,9,99,99,0,7,0,7,0,7,1,8,2,208.04293484967,3,181.913043478261,1.65217391304348,110.105263157895,-.155329865805562,-.488186429926633
1015,88,1742,8,2,3,11,1,88,1,9,9,9,9,99,99,9,99,99,0,8,0,6,0,9,1,8,2,187.447191002204,3,181.913043478261,1.65217391304348,110.105263157895,-.155329865805562,-1.11808288532404
1015,88,1745,8,2,3,1,1,88,1,9,9,9,9,99,99,9,99,99,0,7,0,7,0,8,1,8,2,186.223210868742,3,181.913043478261,1.65217391304348,110.105263157895,-.155329865805562, 
1015,88,1746,8,1,3,12,1,88,1,9,9,9,9,99,99,9,99,99,0,8,0,8,0,8,1,8,2,233.838858808275,4,181.913043478261,1.65217391304348,110.105263157895,-.155329865805562,-.329875172306237
1015,88,1749,8,2,3,4,1,88,1,9,9,9,9,99,99,9,99,99,0,6,0,6,0,8,1,8,2,181.849967908796,2,181.913043478261,1.65217391304348,110.105263157895,-.155329865805562, 
1030,117,2274,8,1,4,2,1,88,1,1,2,1,1,3,6,9,99,99,0,7,0,7,0,6,1,12,3,184.818752225426,2,261.995098039216,1.52941176470588,171.304487179487,-.115769001776953,-.29023269408893
1030,117,2275,8,2,3,3,1,88,1,1,1,1,1,3,8,1,3,2,0,9,0,10,0,8,1,12,3,245.262317881628,5,261.995098039216,1.52941176470588,171.304487179487,-.115769001776953,-.392402993429346
1030,117,2276,8,2,3,3,1,88,1,1,1,1,1,4,7,1,4,1,0,8,0,9,0,9,1,12,3,234.562126743377,4,261.995098039216,1.52941176470588,171.304487179487,-.115769001776953,-.803134657625335
1030,117,2277,8,2,3,3,1,88,1,1,1,1,1,4,7,1,4,1,0,7,0,9,0,8,1,12,3,188.67052479115,3,261.995098039216,1.52941176470588,171.304487179487,-.115769001776953,-.920129149486334
1030,117,2278,8,1,3,7,1,88,1,1,2,1,1,5,6,1,4,8,0,7,0,9,0,8,1,12,3,132.105367498784,1,261.995098039216,1.52941176470588,171.304487179487,-.115769001776953,-.114001277433604
1030,117,2279,8,1,3,11,1,88,1,1,2,1,1,4,5,1,4,8,0,7,0,7,0,6,1,12,3,115.315912484084,1,261.995098039216,1.52941176470588,171.304487179487,-.115769001776953, 
1030,117,2280,8,2,3,5,1,88,1,1,2,1,1,2,4,1,4,4,0,9,0,10,0,8,1,12,3,230.051515206365,4,261.995098039216,1.52941176470588,171.304487179487,-.115769001776953,-.488186429926633
1030,117,2281,8,1,4,1,1,88,1,1,2,1,1,3,5,1,4,2,0,7,0,9,0,7,1,12,3,149.757714662002,1,261.995098039216,1.52941176470588,171.304487179487,-.115769001776953,-1.44594623794636
1030,117,2282,8,1,3,5,1,88,1,1,2,1,1,2,7,1,4,2,0,8,0,9,0,8,1,12,3,172.689850140666,2,261.995098039216,1.52941176470588,171.304487179487,-.115769001776953,.541725427811042
1030,117,2283,8,2,3,8,1,88,1,3,1,1,2,9,5,3,7,7,0,7,0,9,0,7,1,12,3,198.889302334715,3,261.995098039216,1.52941176470588,171.304487179487,-.115769001776953,1.69996342384489
1030,117,2284,8,1,3,2,1,88,1,1,2,1,1,4,6,1,7,5,0,8,0,9,0,7,1,12,3,172.657296982291,2,261.995098039216,1.52941176470588,171.304487179487,-.115769001776953,1.06070009444256
1030,117,2285,8,1,3,9,1,88,1,1,2,1,1,4,8,1,4,2,0,7,0,7,0,6,1,12,3,169.596916929137,2,261.995098039216,1.52941176470588,171.304487179487,-.115769001776953,-.510086713869118
1030,117,2286,8,1,3,7,1,88,1,1,2,1,1,4,1,1,2,2,0,7,0,7,0,6,1,12,3,174.62933744986,2,261.995098039216,1.52941176470588,171.304487179487,-.115769001776953,.893220167212704
1030,117,2287,8,1,3,12,1,88,1,1,1,1,1,2,99,1,5,7,0,7,0,8,0,6,1,12,3,143.946270942427,1,261.995098039216,1.52941176470588,171.304487179487,-.115769001776953,-.224923066199495
1030,117,2288,8,1,3,5,1,88,1,1,2,1,1,2,5,1,2,2,0,7,0,6,0,6,1,12,3,170.390988308622,2,261.995098039216,1.52941176470588,171.304487179487,-.115769001776953,-.854819521596899
1030,117,2289,8,2,3,7,2,99,1,9,2,1,9,99,99,2,2,2,0,8,0,9,0,8,1,12,3,217.72987054248,4,261.995098039216,1.52941176470588,171.304487179487,-.115769001776953,-1.93774126687984
1030,117,2290,8,1,3,7,1,88,1,1,2,1,1,2,8,1,4,6,0,8,0,10,0,7,1,12,3,224.701097388842,4,261.995098039216,1.52941176470588,171.304487179487,-.115769001776953,-.101086152509983
1030,117,2291,8,1,3,9,1,88,1,1,2,1,1,4,7,4,6,7,0,7,0,9,0,7,1,12,3,176.622278965223,2,261.995098039216,1.52941176470588,171.304487179487,-.115769001776953,1.59855956865684
1030,117,2292,8,1,3,10,1,88,1,1,2,1,1,3,4,1,2,2,0,7,0,6,0,6,1,12,3,133.822225036759,1,261.995098039216,1.52941176470588,171.304487179487,-.115769001776953,.0118004086861515
1030,117,2293,8,1,4,1,1,88,1,1,2,1,1,4,7,1,2,5,0,7,0,8,0,7,1,12,3,205.516994371689,3,261.995098039216,1.52941176470588,171.304487179487,-.115769001776953,.0771100365755863
1030,118,2294,8,1,3,3,1,88,1,1,1,1,1,4,3,4,4,4,0,9,0,10,0,7,1,12,3,247.14680845765,5,261.995098039216,1.52941176470588,171.304487179487,.224599117909484,-.29023269408893
1030,118,2295,8,2,3,6,1,88,1,1,1,1,1,8,5,2,8,5,0,9,0,9,0,8,1,12,3,215.429021713273,4,261.995098039216,1.52941176470588,171.304487179487,.224599117909484,1.06070009444256
1030,118,2296,8,1,3,6,4,99,1,2,1,1,4,9,5,4,9,5,0,8,0,9,0,8,1,12,3,208.608015416367,3,261.995098039216,1.52941176470588,171.304487179487,.224599117909484,.0886757736484206
1030,118,2297,8,2,3,12,1,88,1,1,2,1,1,4,8,1,4,6,0,9,0,9,0,8,1,12,3,218.519408574698,4,261.995098039216,1.52941176470588,171.304487179487,.224599117909484,.62788463571349
1030,118,2298,8,1,3,8,1,88,1,1,9,1,1,2,8,1,4,8,0,6,0,7,0,6,1,12,3,130.657200059795,1,261.995098039216,1.52941176470588,171.304487179487,.224599117909484,-.101086152509983
1030,118,2299,8,1,3,7,1,88,1,1,2,1,1,9,5,1,4,2,0,8,0,8,0,7,1,12,3,199.281873834937,3,261.995098039216,1.52941176470588,171.304487179487,.224599117909484,1.19745213305569
1030,118,2300,8,1,3,8,1,88,1,1,1,1,1,8,7,2,6,7,0,8,0,8,0,7,1,12,3,181.006426826421,2,261.995098039216,1.52941176470588,171.304487179487,.224599117909484,.804731436948272
1030,118,2301,8,2,3,9,1,88,1,1,2,1,1,4,8,1,4,2,0,9,0,9,0,8,1,12,3,208.04293484967,3,261.995098039216,1.52941176470588,171.304487179487,.224599117909484,1.19525326998778
1030,118,2302,8,1,3,7,1,88,1,1,2,1,1,4,8,2,4,2,0,8,0,8,0,7,1,12,3,208.05360215879,3,261.995098039216,1.52941176470588,171.304487179487,.224599117909484,-.920129149486334
1030,118,2303,8,1,3,2,1,88,1,1,2,1,2,2,1,1,4,6,0,7,0,8,0,6,1,12,3,138.433239009273,1,261.995098039216,1.52941176470588,171.304487179487,.224599117909484,1.2117166458301
1030,118,2304,8,2,3,4,1,88,1,1,1,1,1,2,8,4,4,2,0,9,0,9,0,8,1,12,3,190.003528473952,3,261.995098039216,1.52941176470588,171.304487179487,.224599117909484,.2633237118153
1030,118,2305,8,2,3,9,1,88,1,3,2,1,4,2,99,4,1,2,0,6,0,7,0,6,1,12,3,143.333445142892,1,261.995098039216,1.52941176470588,171.304487179487,.224599117909484,-1.04593083560609
1030,118,2306,8,1,3,11,4,99,1,2,2,1,4,2,6,4,1,1,0,7,0,6,0,6,1,12,3,116.853779558395,1,261.995098039216,1.52941176470588,171.304487179487,.224599117909484,-.027842069531156
1030,118,3767,8,1,3,9,4,99,1,2,1,1,4,1,99,4,1,2,0,7,0,6,0,6,1,12,3,111.157801905254,1,261.995098039216,1.52941176470588,171.304487179487,.224599117909484,-.920129149486334
990,31,718,8,2,3,11,1,88,1,1,2,1,1,2,8,1,2,8,0,7,0,7,0,6,1,3,1,240.551706237635,4,80.9078947368421,2.78947368421053,29.0047169811321,.234279603307325,-1.73978753104214
990,31,815,8,1,3,6,1,88,1,1,1,1,1,8,7,1,8,5,0,8,0,6,0,5,1,3,1,224.897275345054,4,80.9078947368421,2.78947368421053,29.0047169811321,.234279603307325,1.05715184352387
990,31,817,8,1,3,6,1,88,1,1,1,1,1,8,7,1,8,5,0,7,0,5,0,5,1,3,1,247.347448737358,5,80.9078947368421,2.78947368421053,29.0047169811321,.234279603307325,1.02060533182091
990,31,820,8,1,3,10,1,88,1,3,1,1,3,2,5,3,3,5,0,6,0,5,0,5,1,3,1,181.677755722208,2,80.9078947368421,2.78947368421053,29.0047169811321,.234279603307325,-1.0445814477553
990,31,821,8,2,3,7,4,7,1,2,2,2,4,2,8,4,99,2,0,5,0,5,0,5,1,3,1,163.034577644123,2,80.9078947368421,2.78947368421053,29.0047169811321,.234279603307325,-.29023269408893
990,31,826,8,1,3,7,1,88,1,1,2,1,2,2,7,1,9,3,0,7,0,6,0,9,1,3,1,222.606703967896,4,80.9078947368421,2.78947368421053,29.0047169811321,.234279603307325,2.17769536561816
990,31,827,8,1,3,7,1,88,1,1,2,1,9,99,99,1,3,6,0,8,0,9,0,9,1,3,1,230.095334182086,4,80.9078947368421,2.78947368421053,29.0047169811321,.234279603307325,.390708876423502
990,31,828,8,1,3,5,1,88,1,3,2,1,2,3,6,2,4,8,0,6,0,5,0,7,1,3,1,210.61621849589,3,80.9078947368421,2.78947368421053,29.0047169811321,.234279603307325,.352578886232095
990,31,829,8,1,3,1,1,88,1,1,2,1,1,4,5,1,4,5,0,6,0,8,0,6,1,3,1,208.608015416367,3,80.9078947368421,2.78947368421053,29.0047169811321,.234279603307325,1.2117166458301
990,31,836,8,1,3,1,1,88,1,1,2,1,1,9,5,1,7,7,0,8,0,8,0,8,1,3,1,210.293848278452,3,80.9078947368421,2.78947368421053,29.0047169811321,.234279603307325,.312936408014788
990,31,837,8,1,3,12,1,88,1,1,1,1,1,9,3,1,9,7,0,7,0,5,0,5,1,3,1,213.604900789007,3,80.9078947368421,2.78947368421053,29.0047169811321,.234279603307325,1.7164267996872
990,31,839,8,2,4,2,1,88,1,1,2,1,1,4,7,3,4,2,0,7,0,7,0,6,1,3,1,207.662695152105,3,80.9078947368421,2.78947368421053,29.0047169811321,.234279603307325,1.19525326998778
990,31,840,8,2,3,1,1,88,1,1,2,1,1,9,3,1,9,7,0,7,0,7,0,8,1,3,1,181.849967908796,2,80.9078947368421,2.78947368421053,29.0047169811321,.234279603307325,.201562334844555
990,31,841,8,1,3,3,1,88,1,3,1,1,3,4,8,3,4,8,0,8,0,7,0,9,1,3,1,185.354812718047,2,80.9078947368421,2.78947368421053,29.0047169811321,.234279603307325,-.329875172306237
990,31,847,8,2,4,2,1,88,1,3,1,1,4,2,8,4,4,1,0,6,0,5,0,6,1,3,1,149.757714662002,1,80.9078947368421,2.78947368421053,29.0047169811321,.234279603307325, 
990,31,855,8,2,3,6,1,88,1,1,2,1,1,3,8,4,3,8,0,5,0,4,0,5,1,3,1,183.000117273052,2,80.9078947368421,2.78947368421053,29.0047169811321,.234279603307325,-1.73978753104214
990,31,3786,8,2,2,6,4,2,3,2,2,2,4,9,4,4,9,1,0,7,0,6,0,8,1,3,1,154.636050733511,1,80.9078947368421,2.78947368421053,29.0047169811321,.234279603307325, 
990,31,3820,8,1,2,6,1,88,3,1,2,1,9,2,6,1,3,5,0,6,0,4,0,6,1,3,1,246.212899191702,5,80.9078947368421,2.78947368421053,29.0047169811321,.234279603307325,-.743897732831008
990,32,208,8,1,3,4,1,88,1,1,1,1,1,2,6,1,4,6,0,6,0,4,0,6,1,3,1,128.171023165298,1,80.9078947368421,2.78947368421053,29.0047169811321,.524048246482499, 
990,32,816,8,1,3,11,1,88,1,1,2,1,1,9,5,3,4,2,0,6,0,8,0,9,1,3,1,212.377384947866,3,80.9078947368421,2.78947368421053,29.0047169811321,.524048246482499,2.01491165154359
990,32,818,8,2,3,2,1,88,1,1,2,1,1,9,4,1,9,5,0,8,0,7,0,9,1,3,1,224.736723184685,4,80.9078947368421,2.78947368421053,29.0047169811321,.524048246482499,1.70351167476358
990,32,819,8,2,3,6,1,88,1,1,2,1,1,4,7,1,7,2,0,9,0,9,0,10,1,3,1,262.051349493033,5,80.9078947368421,2.78947368421053,29.0047169811321,.524048246482499,.476868084325949
990,32,830,8,1,3,10,1,88,1,1,1,1,1,2,8,1,9,7,0,6,0,5,0,5,1,3,1,194.849426856076,3,80.9078947368421,2.78947368421053,29.0047169811321,.524048246482499,1.34846868444323
990,32,835,8,1,3,6,1,88,1,1,1,1,1,4,8,1,7,5,0,8,0,9,0,9,1,3,1,233.838858808275,4,80.9078947368421,2.78947368421053,29.0047169811321,.524048246482499,1.22463177075372
990,32,838,8,2,4,2,1,88,1,3,2,1,3,4,8,3,4,2,0,7,0,5,0,7,1,3,1,189.186418087186,3,80.9078947368421,2.78947368421053,29.0047169811321,.524048246482499,-.329875172306237
990,32,842,8,2,3,9,1,88,1,3,1,1,3,4,6,3,2,2,0,8,0,7,0,8,1,3,1,210.911655914758,3,80.9078947368421,2.78947368421053,29.0047169811321,.524048246482499,-1.67447790315271
990,32,843,8,1,3,5,1,88,1,1,1,1,1,9,6,1,9,5,0,7,0,8,0,8,1,3,1,196.395065752615,3,80.9078947368421,2.78947368421053,29.0047169811321,.524048246482499,1.7164267996872
990,32,844,8,1,3,1,1,88,1,1,1,1,1,9,3,1,4,2,0,6,0,5,0,6,1,3,1,133.972325842708,1,80.9078947368421,2.78947368421053,29.0047169811321,.524048246482499, 
990,32,845,8,1,3,12,1,88,1,1,2,1,1,4,7,1,7,7,0,8,0,7,0,8,1,3,1,223.62328988025,4,80.9078947368421,2.78947368421053,29.0047169811321,.524048246482499,-.416034380208685
990,32,846,8,2,3,3,1,88,1,1,1,1,1,7,7,1,7,6,0,8,0,8,0,8,1,3,1,239.474218564776,4,80.9078947368421,2.78947368421053,29.0047169811321,.524048246482499,1.53957999845242
990,32,848,8,2,2,10,1,88,3,9,1,1,9,4,4,4,2,8,0,7,0,5,0,9,1,3,1,194.422876193104,3,80.9078947368421,2.78947368421053,29.0047169811321,.524048246482499,1.33616894409906
990,32,849,8,1,3,7,1,88,1,1,1,1,1,4,7,1,4,2,0,7,0,5,0,6,1,3,1,173.997587355537,2,80.9078947368421,2.78947368421053,29.0047169811321,.524048246482499,.213862075188719
990,32,850,8,2,3,12,1,88,1,3,2,1,3,2,6,3,2,2,0,7,0,5,0,5,1,3,1,154.63605073351,1,80.9078947368421,2.78947368421053,29.0047169811321,.524048246482499, 
990,32,851,8,1,3,9,1,88,1,1,2,1,1,4,7,1,4,2,0,6,0,6,0,6,1,3,1,194.849426856076,3,80.9078947368421,2.78947368421053,29.0047169811321,.524048246482499,-.539871293898197
990,32,852,8,1,3,1,1,88,1,1,2,1,1,2,8,1,4,2,0,7,0,9,0,8,1,3,1,229.792059618547,4,80.9078947368421,2.78947368421053,29.0047169811321,.524048246482499,-.329875172306237
990,32,853,8,1,3,6,1,88,1,1,2,1,1,4,7,1,4,2,0,5,0,4,0,4,1,3,1,133.972325842708,1,80.9078947368421,2.78947368421053,29.0047169811321,.524048246482499, 
990,32,854,8,1,3,5,1,88,1,3,1,1,3,4,8,3,7,1,0,7,0,8,0,8,1,3,1,217.819842812645,4,80.9078947368421,2.78947368421053,29.0047169811321,.524048246482499,.390708876423502
990,32,1011,8,1,3,3,1,88,1,3,1,1,4,2,6,4,2,6,0,6,0,6,0,6,1,3,1,186.223210868742,3,80.9078947368421,2.78947368421053,29.0047169811321,.524048246482499,-.29023269408893
492,197,83,8,1,2,3,1,88,3,3,1,1,4,3,8,4,3,8,6,6,5,5,5,5,1,3,1,157.984026967,2,83.0945945945946,6.27027027027027,13.2521551724138,.662033799577821,-.539871293898197
492,197,210,8,1,3,12,1,88,1,1,2,2,1,99,99,1,99,99,7,7,6,6,5,5,1,3,1,173.032778292153,2,83.0945945945946,6.27027027027027,13.2521551724138,.662033799577821, 
492,197,823,8,1,3,3,1,88,1,1,2,2,1,99,99,2,99,99,7,7,6,6,6,6,1,3,1,203.054715821584,3,83.0945945945946,6.27027027027027,13.2521551724138,.662033799577821,.312936408014788
492,197,824,8,2,3,11,1,88,1,1,2,1,9,7,7,1,4,3,8,8,7,7,6,6,1,3,1,222.991135067186,4,83.0945945945946,6.27027027027027,13.2521551724138,.662033799577821,.732836741820232
492,197,825,8,2,4,3,4,99,1,2,1,1,4,4,6,4,4,7,7,7,5,5,5,5,1,3,1,124.157727667937,1,83.0945945945946,6.27027027027027,13.2521551724138,.662033799577821,-.29023269408893
492,197,831,8,2,3,2,1,88,1,9,1,1,9,99,99,9,9,7,8,8,7,7,6,6,1,3,1,208.379985496099,3,83.0945945945946,6.27027027027027,13.2521551724138,.662033799577821,.742203615825163
492,197,832,8,2,3,5,1,88,1,3,2,2,4,99,99,4,99,99,6,6,6,6,5,5,1,3,1,208.379985496099,3,83.0945945945946,6.27027027027027,13.2521551724138,.662033799577821, 
492,197,833,8,2,3,10,1,88,1,3,2,2,4,99,6,4,4,6,7,7,7,7,6,6,1,3,1,104.019179792706,1,83.0945945945946,6.27027027027027,13.2521551724138,.662033799577821,.0247155336097724
492,197,3561,8,1,3,1,1,88,1,1,2,2,1,99,99,1,99,99,7,7,5,5,6,6,1,3,1,181.650828368601,2,83.0945945945946,6.27027027027027,13.2521551724138,.662033799577821,-.173238202227931
492,197,3563,8,1,3,4,1,88,1,1,1,1,9,99,99,1,4,8,7,7,7,7,6,6,1,3,1,187.661055643711,3,83.0945945945946,6.27027027027027,13.2521551724138,.662033799577821,.404973389197909
492,197,3564,8,1,3,9,1,88,1,1,1,1,1,8,5,1,11,5,8,8,7,7,6,6,1,3,1,206.335043167921,3,83.0945945945946,6.27027027027027,13.2521551724138,.662033799577821,1.7164267996872
492,197,3565,8,1,3,9,1,88,1,1,2,1,1,3,7,1,4,7,7,7,6,6,5,5,1,3,1,181.218531792574,2,83.0945945945946,6.27027027027027,13.2521551724138,.662033799577821,.0900251614992073
492,197,3566,8,2,3,11,1,88,1,1,1,1,1,2,6,4,4,2,7,7,5,5,5,5,1,3,1,144.348890218511,1,83.0945945945946,6.27027027027027,13.2521551724138,.662033799577821,.339663761308474
492,197,3568,8,2,3,10,1,88,1,1,1,1,4,4,99,1,3,2,7,7,6,6,6,6,1,3,1,167.650059987158,2,83.0945945945946,6.27027027027027,13.2521551724138,.662033799577821,.300021283091167
492,197,3716,8,1,3,8,1,88,1,1,2,2,1,99,99,1,99,99,6,6,5,5,6,6,1,3,1,210.013605719334,3,83.0945945945946,6.27027027027027,13.2521551724138,.662033799577821,1.10676453972335
492,197,3814,8,2,4,5,4,99,1,9,2,2,1,99,99,9,99,99,9,9,6,6,9,9,1,3,1,181.677755722208,2,83.0945945945946,6.27027027027027,13.2521551724138,.662033799577821,2.50670668047708
492,197,3845,8,2,3,10,1,88,1,1,2,2,1,99,99,9,99,99,9,9,8,8,6,6,1,3,1,194.342584619364,3,83.0945945945946,6.27027027027027,13.2521551724138,.662033799577821,2.65657526962803
492,198,209,8,1,3,5,1,88,1,1,2,2,1,99,99,1,99,99,8,8,7,7,8,8,1,3,1,203.852389044953,3,83.0945945945946,6.27027027027027,13.2521551724138,.918702083088172, 
492,198,805,8,1,3,12,1,88,1,1,2,2,1,99,99,1,99,99,7,7,7,7,9,9,1,3,1,212.807948766269,3,83.0945945945946,6.27027027027027,13.2521551724138,.918702083088172,1.69996342384489
492,198,806,8,2,3,9,1,88,1,1,2,2,1,99,99,1,99,99,8,8,8,8,8,8,1,3,1,228.170685931063,4,83.0945945945946,6.27027027027027,13.2521551724138,.918702083088172,1.52531548567801
492,198,807,8,2,3,9,1,88,1,1,2,2,1,99,99,1,99,99,9,9,9,9,8,8,1,3,1,217.403714843654,4,83.0945945945946,6.27027027027027,13.2521551724138,.918702083088172,.909683543055015
492,198,808,8,1,3,8,1,88,1,1,2,2,1,99,99,1,99,99,8,8,9,9,8,8,1,3,1,208.379985496099,3,83.0945945945946,6.27027027027027,13.2521551724138,.918702083088172,2.17769536561816
492,198,809,8,2,3,12,1,88,1,1,2,2,1,99,99,1,99,99,9,9,8,8,9,9,1,3,1,233.350991851138,4,83.0945945945946,6.27027027027027,13.2521551724138,.918702083088172,1.43462789234568
492,198,810,8,1,3,8,1,88,1,1,2,2,1,99,99,1,99,99,9,9,10,10,9,9,1,3,1,229.964604589847,4,83.0945945945946,6.27027027027027,13.2521551724138,.918702083088172,-.29842450376823
492,198,811,8,2,3,7,1,88,1,1,2,2,1,99,99,1,99,99,7,7,6,6,8,8,1,3,1,163.034577644123,2,83.0945945945946,6.27027027027027,13.2521551724138,.918702083088172,1.21993555759844
492,198,812,8,1,3,4,1,88,1,1,2,2,1,99,99,1,99,99,7,7,8,8,8,8,1,3,1,198.364787101001,3,83.0945945945946,6.27027027027027,13.2521551724138,.918702083088172,.942832863412192
492,198,813,8,2,3,9,1,88,1,1,2,2,9,99,99,1,99,99,7,7,6,6,7,7,1,3,1,183.000117273052,2,83.0945945945946,6.27027027027027,13.2521551724138,.918702083088172,-.014926944607535
492,198,814,8,1,3,6,1,88,1,1,2,2,1,99,99,1,99,99,9,9,10,10,9,9,1,3,1,195.119607886796,3,83.0945945945946,6.27027027027027,13.2521551724138,.918702083088172,1.22463177075372
492,198,822,8,1,3,2,1,88,1,1,2,2,1,99,99,1,99,99,7,7,7,7,7,7,1,3,1,193.73738081401,3,83.0945945945946,6.27027027027027,13.2521551724138,.918702083088172,.667527113930797
492,198,834,8,1,3,5,1,88,1,1,2,2,1,99,99,1,99,99,6,6,6,6,5,5,1,3,1,128.171023165298,1,83.0945945945946,6.27027027027027,13.2521551724138,.918702083088172, 
492,198,3558,8,2,3,6,1,88,1,1,2,2,4,99,99,1,99,99,8,8,8,8,7,7,1,3,1,193.301721135549,3,83.0945945945946,6.27027027027027,13.2521551724138,.918702083088172,.732836741820232
492,198,3559,8,2,3,1,1,88,1,1,2,2,1,99,99,4,99,99,7,7,7,7,6,6,1,3,1,176.622278965223,2,83.0945945945946,6.27027027027027,13.2521551724138,.918702083088172,1.35803698406236
492,198,3560,8,2,3,1,1,88,1,1,2,2,1,99,99,1,99,99,9,9,9,9,8,8,1,3,1,225.970337627724,4,83.0945945945946,6.27027027027027,13.2521551724138,.918702083088172,-.605180921787631
492,198,3562,8,2,4,1,1,88,1,1,2,2,1,99,99,1,99,99,8,8,8,8,7,7,1,3,1,231.847466827592,4,83.0945945945946,6.27027027027027,13.2521551724138,.918702083088172,.880305042289083
492,198,3567,8,2,4,1,1,88,1,3,2,2,4,99,99,4,99,99,5,5,5,5,5,5,1,3,1,149.757714662002,1,83.0945945945946,6.27027027027027,13.2521551724138,.918702083088172, 
492,198,3569,8,2,3,9,1,88,1,1,2,2,1,99,99,1,99,99,6,6,6,6,6,6,1,3,1,203.852389044953,3,83.0945945945946,6.27027027027027,13.2521551724138,.918702083088172, 
492,198,3737,8,1,3,10,4,99,1,2,2,2,4,99,99,4,99,99,6,6,6,6,6,6,1,3,1,177.267067596363,2,83.0945945945946,6.27027027027027,13.2521551724138,.918702083088172,.84437391516558
1011,79,1012,8,1,3,5,1,88,1,1,1,1,1,2,8,1,4,7,6,6,7,7,7,7,1,7,2,199.391543944644,3,65.3910256410256,2.74358974358974,23.8341121495327,.360712526730653, 
1011,79,1557,8,2,3,3,1,88,1,1,2,1,1,2,9,1,2,99,6,6,5,5,6,6,1,7,2,197.554199645746,3,65.3910256410256,2.74358974358974,23.8341121495327,.360712526730653,.718572229045825
1011,79,1558,8,2,3,8,1,88,1,1,2,1,1,2,6,1,4,7,8,8,7,7,8,8,1,7,2,190.593814797016,3,65.3910256410256,2.74358974358974,23.8341121495327,.360712526730653, 
1011,79,1560,8,2,3,2,1,88,1,1,1,1,1,9,5,1,4,7,8,8,7,7,8,8,1,7,2,252.712238433168,5,65.3910256410256,2.74358974358974,23.8341121495327,.360712526730653,-.730982607907387
1011,79,1565,8,2,3,7,1,88,1,1,1,1,1,9,7,1,9,7,8,8,8,8,9,9,1,7,2,190.003528473952,3,65.3910256410256,2.74358974358974,23.8341121495327,.360712526730653,.968663113259434
1011,79,1567,8,1,3,12,1,88,1,1,1,1,1,4,8,1,4,6,7,7,6,6,7,7,1,7,2,194.977645031822,3,65.3910256410256,2.74358974358974,23.8341121495327,.360712526730653,.0900251614992073
1011,79,1568,8,1,3,3,1,88,1,1,1,1,9,99,99,1,2,6,6,6,4,4,5,5,1,7,2,217.72987054248,4,65.3910256410256,2.74358974358974,23.8341121495327,.360712526730653, 
1011,79,1569,8,2,4,1,1,88,1,1,2,1,1,2,7,1,4,2,8,8,7,7,10,10,1,7,2,208.379985496099,3,65.3910256410256,2.74358974358974,23.8341121495327,.360712526730653,.413192300966251
1011,79,1570,8,1,3,2,1,88,1,1,1,1,1,4,4,1,4,4,7,7,7,7,7,7,1,7,2,233.350991851138,4,65.3910256410256,2.74358974358974,23.8341121495327,.360712526730653,1.68704829892127
1011,79,1571,8,1,3,2,1,88,1,1,1,1,1,4,7,1,2,8,9,9,7,7,9,9,1,7,2,235.461848350473,4,65.3910256410256,2.74358974358974,23.8341121495327,.360712526730653,.614969510789869
1011,79,1572,8,2,3,10,1,88,1,1,2,1,1,4,7,1,4,2,8,8,8,8,8,8,1,7,2,206.188152021854,3,65.3910256410256,2.74358974358974,23.8341121495327,.360712526730653,.0247155336097724
1011,79,1573,8,2,3,6,1,88,1,1,2,1,1,4,7,1,4,7,7,7,7,7,8,8,1,7,2,229.999961992681,4,65.3910256410256,2.74358974358974,23.8341121495327,.360712526730653,.719921616896611
1011,79,1575,8,2,3,2,1,88,1,3,2,1,3,2,6,3,2,2,6,6,8,8,6,6,1,7,2,144.713610015379,1,65.3910256410256,2.74358974358974,23.8341121495327,.360712526730653, 
1011,79,1576,8,1,2,3,1,88,3,3,2,2,4,2,8,4,2,2,7,7,4,4,6,6,1,7,2,178.844238473441,2,65.3910256410256,2.74358974358974,23.8341121495327,.360712526730653, 
1011,79,1583,8,1,3,3,1,88,1,1,1,1,1,7,99,1,4,99,7,7,6,6,8,8,1,7,2,184.659671305641,2,65.3910256410256,2.74358974358974,23.8341121495327,.360712526730653,.896768418131394
1011,79,1584,8,1,3,7,1,88,1,3,2,1,2,4,6,2,4,6,8,8,7,7,10,10,1,7,2,234.562126743377,4,65.3910256410256,2.74358974358974,23.8341121495327,.360712526730653,-.29023269408893
1011,79,1585,8,2,3,6,1,88,1,1,1,1,1,2,5,1,7,5,7,7,7,7,7,7,1,7,2,180.871486981834,2,65.3910256410256,2.74358974358974,23.8341121495327,.360712526730653,.41788851412153
1011,79,1586,8,1,3,5,1,88,1,1,1,1,1,4,5,1,10,3,8,8,7,7,8,8,1,7,2,240.633756872642,4,65.3910256410256,2.74358974358974,23.8341121495327,.360712526730653,-.416034380208685
1011,79,1589,8,2,3,4,1,88,1,1,2,1,1,3,8,1,4,8,9,9,9,9,9,9,1,7,2,297.419385640318,5,65.3910256410256,2.74358974358974,23.8341121495327,.360712526730653,-.0645396408070231
1011,80,1138,8,1,3,5,4,99,1,2,2,2,4,99,99,4,99,99,8,8,5,5,6,6,1,7,2,133.972325842708,1,65.3910256410256,2.74358974358974,23.8341121495327,.022316493788591, 
1011,80,1555,8,2,3,11,1,88,1,1,2,1,1,2,1,1,4,7,8,8,7,7,8,8,1,7,2,190.003528473952,3,65.3910256410256,2.74358974358974,23.8341121495327,.022316493788591,-.920129149486334
1011,80,1556,8,1,3,12,1,88,1,1,2,1,1,2,7,1,2,2,7,7,7,7,7,7,1,7,2,166.247244242638,2,65.3910256410256,2.74358974358974,23.8341121495327,.022316493788591,-.605796306367088
1011,80,1559,8,1,3,12,1,88,1,1,2,1,1,2,8,9,4,7,6,6,6,6,6,6,1,7,2,170.390988308622,2,65.3910256410256,2.74358974358974,23.8341121495327,.022316493788591,-.920129149486334
1011,80,1561,8,2,3,8,1,88,1,1,2,1,1,4,7,1,4,6,7,7,7,7,6,6,1,7,2,181.650828368601,2,65.3910256410256,2.74358974358974,23.8341121495327,.022316493788591,.41788851412153
1011,80,1562,8,2,3,5,1,88,1,1,2,1,1,4,8,1,9,7,7,7,6,6,6,6,1,7,2,212.753987203098,3,65.3910256410256,2.74358974358974,23.8341121495327,.022316493788591,.201562334844555
1011,80,1563,8,1,3,10,1,88,1,1,1,1,1,9,7,1,4,5,7,7,8,8,6,6,1,7,2,217.243809417857,4,65.3910256410256,2.74358974358974,23.8341121495327,.022316493788591,.41788851412153
1011,80,1564,8,2,3,11,1,88,1,1,1,1,1,3,99,1,2,7,8,8,6,6,6,6,1,7,2,203.766688723793,3,65.3910256410256,2.74358974358974,23.8341121495327,.022316493788591,-.014926944607535
1011,80,1566,8,1,3,7,1,88,1,1,1,1,1,9,7,1,9,7,9,9,9,9,8,8,1,7,2,204.189105685062,3,65.3910256410256,2.74358974358974,23.8341121495327,.022316493788591,.856673655509744
1011,80,1574,8,2,3,11,1,88,1,3,2,1,4,2,8,4,2,1,8,8,7,7,9,9,1,7,2,212.807948766269,3,65.3910256410256,2.74358974358974,23.8341121495327,.022316493788591,-1.55064098946319
1011,80,1577,8,1,3,8,1,88,1,1,2,1,1,4,99,1,4,99,8,8,8,8,9,9,1,7,2,212.753987203098,3,65.3910256410256,2.74358974358974,23.8341121495327,.022316493788591,-.920129149486334
1011,80,1578,8,1,3,7,1,88,1,1,2,1,1,4,7,1,4,7,7,7,7,7,7,7,1,7,2,198.566759630187,3,65.3910256410256,2.74358974358974,23.8341121495327,.022316493788591,.339663761308474
1011,80,1579,8,2,3,11,1,88,1,1,2,1,1,99,7,1,99,7,8,8,8,8,9,9,1,7,2,240.914097848765,4,65.3910256410256,2.74358974358974,23.8341121495327,.022316493788591,1.22108351983503
1011,80,1580,8,1,3,9,1,88,1,1,2,1,1,3,5,1,9,8,8,8,8,8,8,8,1,7,2,227.665111014356,4,65.3910256410256,2.74358974358974,23.8341121495327,.022316493788591,-.100470767930526
1011,80,1581,8,1,3,2,1,88,1,1,2,1,1,3,7,1,4,6,8,8,8,8,8,8,1,7,2,185.149106505654,2,65.3910256410256,2.74358974358974,23.8341121495327,.022316493788591,.41788851412153
1011,80,1582,8,1,3,8,1,88,1,1,2,1,1,4,8,1,4,7,9,9,9,9,9,9,1,7,2,251.575241889783,5,65.3910256410256,2.74358974358974,23.8341121495327,.022316493788591,-.920129149486334
1011,80,1587,8,1,3,3,1,88,1,1,1,1,1,11,5,1,11,3,8,8,8,8,8,8,1,7,2,238.203453270138,4,65.3910256410256,2.74358974358974,23.8341121495327,.022316493788591,2.0313750273859
1011,80,1588,8,2,3,5,1,88,1,1,1,1,1,4,8,1,4,7,7,7,7,7,8,8,1,7,2,210.013605719334,3,65.3910256410256,2.74358974358974,23.8341121495327,.022316493788591,.403624001347123
1011,80,3755,8,2,4,1,1,88,1,3,2,2,2,99,99,2,99,99,7,7,5,5,7,7,1,7,2,181.730551156553,2,65.3910256410256,2.74358974358974,23.8341121495327,.022316493788591,-.329875172306237
1011,80,3758,8,1,2,10,2,99,3,2,2,2,2,99,99,2,99,99,6,6,5,5,6,6,1,7,2,164.011619115489,2,65.3910256410256,2.74358974358974,23.8341121495327,.022316493788591, 
158,55,98,8,1,2,1,4,8,3,2,2,9,4,99,99,4,99,99,0,5,0,5,0,6,3,51,2,99.8481613576046,1,10.5736434108527,1.51162790697674,6.99487179487179,-.0844956644650964, 
158,55,137,8,1,3,7,1,88,1,1,1,1,1,4,5,1,9,7,0,8,0,8,0,8,3,51,2,262.051349493033,5,10.5736434108527,1.51162790697674,6.99487179487179,-.0844956644650964,1.22463177075372
158,55,138,8,1,3,6,1,88,1,1,2,1,1,3,6,1,4,8,0,7,0,8,0,6,3,51,2,159.862796255237,2,10.5736434108527,1.51162790697674,6.99487179487179,-.0844956644650964,.300021283091167
158,55,139,8,2,3,6,1,88,1,1,1,1,1,3,6,1,4,7,0,6,0,7,0,7,3,51,2,163.899018251218,2,10.5736434108527,1.51162790697674,6.99487179487179,-.0844956644650964,-.488186429926633
158,55,140,8,2,3,4,1,88,1,1,2,1,1,3,8,1,4,7,0,8,0,7,0,8,3,51,2,222.714087874754,4,10.5736434108527,1.51162790697674,6.99487179487179,-.0844956644650964,.578271939514002
158,55,142,8,1,3,11,1,88,1,1,2,1,1,4,8,1,4,99,0,6,0,6,0,6,3,51,2,207.890736844594,3,10.5736434108527,1.51162790697674,6.99487179487179,-.0844956644650964,-.920129149486334
158,55,145,8,1,3,10,1,88,1,1,2,1,1,2,99,1,4,5,0,9,0,10,0,8,3,51,2,222.606703967896,4,10.5736434108527,1.51162790697674,6.99487179487179,-.0844956644650964,-.699848640027521
158,55,148,8,1,3,2,1,88,1,1,1,1,4,99,99,1,2,8,0,6,0,7,0,6,3,51,2,212.807948766269,3,10.5736434108527,1.51162790697674,6.99487179487179,-.0844956644650964,-.920129149486334
158,55,149,8,2,2,5,3,8,3,2,1,1,3,2,6,3,2,2,0,7,0,7,0,6,3,51,2,144.713610015379,1,10.5736434108527,1.51162790697674,6.99487179487179,-.0844956644650964, 
158,55,150,8,1,2,3,4,7,3,2,2,1,4,2,5,4,2,2,0,6,0,5,0,5,3,51,2,131.854739578627,1,10.5736434108527,1.51162790697674,6.99487179487179,-.0844956644650964,-.712763764951142
158,55,151,8,2,3,1,1,88,1,1,1,1,1,4,7,1,3,7,0,6,0,6,0,6,3,51,2,172.591749264034,2,10.5736434108527,1.51162790697674,6.99487179487179,-.0844956644650964,.614969510789869
158,55,152,8,1,3,5,1,88,1,3,9,1,3,99,99,3,99,2,0,6,0,5,0,5,3,51,2,139.467041250859,1,10.5736434108527,1.51162790697674,6.99487179487179,-.0844956644650964, 
158,55,153,8,1,2,9,1,88,3,3,1,1,3,4,8,3,2,8,0,6,0,7,0,5,3,51,2,153.472401744092,1,10.5736434108527,1.51162790697674,6.99487179487179,-.0844956644650964,-.92292980994962
158,55,154,8,1,3,9,1,88,1,3,1,1,4,2,8,4,2,8,0,6,0,8,0,6,3,51,2,79.275279327996,1,10.5736434108527,1.51162790697674,6.99487179487179,-.0844956644650964, 
158,55,156,8,2,3,8,1,88,1,1,1,1,1,4,5,1,4,1,0,7,0,8,0,8,3,51,2,198.364787101001,3,10.5736434108527,1.51162790697674,6.99487179487179,-.0844956644650964,.404973389197909
158,55,158,8,1,3,1,1,88,1,1,1,1,1,3,8,3,7,7,0,8,0,7,0,8,3,51,2,253.95583235175,5,10.5736434108527,1.51162790697674,6.99487179487179,-.0844956644650964,-.224923066199495
158,55,159,8,1,2,12,1,88,3,1,1,1,1,2,6,1,4,7,0,7,0,7,0,8,3,51,2,222.405814491397,4,10.5736434108527,1.51162790697674,6.99487179487179,-.0844956644650964,.0900251614992073
158,55,161,8,2,2,12,1,88,3,1,2,1,1,4,7,1,4,7,0,8,0,7,0,7,3,51,2,181.849967908796,2,10.5736434108527,1.51162790697674,6.99487179487179,-.0844956644650964, 
158,55,162,8,2,3,9,1,88,1,1,2,1,1,99,99,1,4,7,0,6,0,7,0,7,3,51,2,194.977645031822,3,10.5736434108527,1.51162790697674,6.99487179487179,-.0844956644650964, 
158,55,163,8,2,3,4,1,88,1,1,1,1,1,4,7,1,9,7,0,8,0,9,0,8,3,51,2,224.913155021663,4,10.5736434108527,1.51162790697674,6.99487179487179,-.0844956644650964,-.224923066199495
158,55,164,8,2,3,5,1,88,1,1,1,1,1,4,7,1,8,5,0,6,0,6,0,7,3,51,2,154.636050733511,1,10.5736434108527,1.51162790697674,6.99487179487179,-.0844956644650964, 
158,55,197,8,1,3,2,1,88,1,1,1,1,1,4,7,1,7,7,0,7,0,6,0,7,3,51,2,177.149041506335,2,10.5736434108527,1.51162790697674,6.99487179487179,-.0844956644650964,.633505054404255
158,55,3710,8,1,3,12,3,99,1,2,9,1,3,99,99,3,99,99,0,66,0,66,0,66,2,51,2,164.011619115489,2,10.5736434108527,1.51162790697674,6.99487179487179,-.0844956644650964, 
158,56,93,8,2,2,1,1,88,3,1,2,1,1,99,99,1,1,2,0,6,0,6,0,4,3,51,2,123.488746625941,1,10.5736434108527,1.51162790697674,6.99487179487179,-.522716819534679,-2.05473575874084
158,56,135,8,1,3,7,1,88,1,3,1,1,4,2,8,4,1,8,0,7,0,6,0,6,3,51,2,148.252360096773,1,10.5736434108527,1.51162790697674,6.99487179487179,-.522716819534679,-1.14953355386204
158,56,136,8,1,3,2,1,88,1,1,1,1,1,4,5,1,4,7,0,10,0,10,0,9,3,51,2,227.85501070611,4,10.5736434108527,1.51162790697674,6.99487179487179,-.522716819534679,-.224923066199495
158,56,141,8,1,3,5,1,88,1,1,2,1,1,4,7,1,9,7,0,9,0,9,0,9,3,51,2,169.396317586781,2,10.5736434108527,1.51162790697674,6.99487179487179,-.522716819534679,.214477459768176
158,56,143,8,2,3,3,1,88,1,3,2,1,2,4,8,2,4,99,0,7,0,8,0,6,3,51,2,197.956724085216,3,10.5736434108527,1.51162790697674,6.99487179487179,-.522716819534679,-.920129149486334
158,56,144,8,1,3,5,1,88,1,1,1,1,1,7,5,1,5,5,0,6,0,6,0,6,3,51,2,190.032188866485,3,10.5736434108527,1.51162790697674,6.99487179487179,-.522716819534679,1.92642292127916
158,56,146,8,1,3,10,1,88,1,1,2,1,1,2,1,1,3,7,0,10,0,9,0,9,3,51,2,225.970337627724,4,10.5736434108527,1.51162790697674,6.99487179487179,-.522716819534679,-.416034380208685
158,56,147,8,1,3,2,1,88,1,1,1,1,1,4,7,1,4,1,0,8,0,7,0,6,3,51,2,168.556417885604,2,10.5736434108527,1.51162790697674,6.99487179487179,-.522716819534679, 
158,56,155,8,1,3,6,1,88,1,1,2,1,2,2,8,1,2,2,0,6,0,6,0,5,3,51,2,163.138871339838,2,10.5736434108527,1.51162790697674,6.99487179487179,-.522716819534679,-1.24799250210866
158,56,157,8,1,3,12,1,88,1,1,1,1,1,2,6,1,4,7,0,6,0,6,0,7,3,51,2,143.530197573359,1,10.5736434108527,1.51162790697674,6.99487179487179,-.522716819534679,.528810302887421
158,56,160,8,1,3,6,1,88,1,1,2,1,1,2,8,1,4,5,0,7,0,7,0,7,3,51,2,190.872126369693,3,10.5736434108527,1.51162790697674,6.99487179487179,-.522716819534679,-1.14953355386204
158,56,165,8,1,3,7,1,88,1,3,1,1,3,3,5,3,2,5,0,9,0,7,0,9,3,51,2,210.911655914758,3,10.5736434108527,1.51162790697674,6.99487179487179,-.522716819534679,-.303147819012551
158,56,166,8,1,2,11,1,88,3,3,2,1,3,5,8,3,5,8,0,5,0,5,0,6,3,51,2,194.977645031822,3,10.5736434108527,1.51162790697674,6.99487179487179,-.522716819534679, 
158,56,185,8,1,3,10,1,88,1,1,1,1,1,3,6,1,4,7,0,6,0,6,0,6,3,51,2,142.781500181655,1,10.5736434108527,1.51162790697674,6.99487179487179,-.522716819534679,.929917738488571
158,56,191,8,1,3,2,1,88,1,1,2,1,1,3,8,4,7,8,0,8,0,9,0,9,3,51,2,238.522154952741,4,10.5736434108527,1.51162790697674,6.99487179487179,-.522716819534679, 
158,56,199,8,1,3,4,1,88,1,1,1,1,1,9,7,4,9,8,0,7,0,8,0,6,3,51,2,128.171023165298,1,10.5736434108527,1.51162790697674,6.99487179487179,-.522716819534679, 
158,56,3725,8,1,3,8,1,88,1,1,1,1,1,2,8,1,4,2,0,8,0,8,0,6,3,51,2,193.748615361374,3,10.5736434108527,1.51162790697674,6.99487179487179,-.522716819534679,-.539871293898197
158,56,3747,8,2,2,9,4,9,3,2,2,9,4,99,8,4,99,2,0,6,0,8,0,5,3,51,2,129.215347847101,1,10.5736434108527,1.51162790697674,6.99487179487179,-.522716819534679,-2.71747652367363
158,56,3869,8,1,3,10,4,9,1,2,2,2,4,2,6,4,2,2,0,8,0,8,0,6,3,51,2,132.238090449328,1,10.5736434108527,1.51162790697674,6.99487179487179,-.522716819534679,-.699848640027521
158,56,3870,8,2,3,7,1,88,1,3,2,1,3,4,8,3,4,8,0,9,0,8,0,9,3,51,2,222.606703967896,4,10.5736434108527,1.51162790697674,6.99487179487179,-.522716819534679,-.539871293898197
1002,57,96,8,1,2,7,3,8,3,2,1,1,3,4,6,3,4,2,0,8,0,5,0,7,2,51,2,137.037210715251,1,14.6666666666667,1.51612903225806,9.67375886524823,-.808105567514117,-1.44594623794636
1002,57,108,8,1,1,5,1,88,3,3,9,2,4,4,99,4,2,99,0,7,0,5,0,6,2,51,2,136.881807562573,1,14.6666666666667,1.51612903225806,9.67375886524823,-.808105567514117,-1.73388646580666
1002,57,167,8,1,3,4,1,88,1,1,9,1,1,4,8,1,4,7,0,6,0,5,0,7,2,51,2,173.997587355537,2,14.6666666666667,1.51612903225806,9.67375886524823,-.808105567514117,-1.88068961796935
1002,57,168,8,1,3,6,1,88,1,1,2,1,1,2,6,9,99,99,0,7,0,5,0,7,2,51,2,202.219074029995,3,14.6666666666667,1.51612903225806,9.67375886524823,-.808105567514117,-.51963709846464
1002,57,169,8,2,2,12,1,88,3,3,2,1,4,4,8,4,7,2,0,8,0,7,0,9,2,51,2,166.567656088987,2,14.6666666666667,1.51612903225806,9.67375886524823,-.808105567514117,-1.37379418822841
1002,57,170,8,1,3,9,1,88,1,1,2,1,1,3,8,1,4,8,0,8,0,6,0,9,2,51,2,217.719568690296,4,14.6666666666667,1.51612903225806,9.67375886524823,-.808105567514117,.404973389197909
1002,57,173,8,1,3,8,1,88,1,3,2,1,4,2,6,4,2,6,0,7,9,66,0,7,2,51,2,128.171023165298,1,14.6666666666667,1.51612903225806,9.67375886524823,-.808105567514117,-.816049782548956
1002,57,177,8,1,3,4,4,5,1,2,1,1,4,99,8,4,99,2,0,7,0,5,0,6,2,51,2,130.304894221987,1,14.6666666666667,1.51612903225806,9.67375886524823,-.808105567514117,-1.55064098946319
1002,57,178,8,2,2,12,1,88,3,3,1,1,2,99,99,2,4,8,0,9,0,7,0,7,2,51,2,170.678433237597,2,14.6666666666667,1.51612903225806,9.67375886524823,-.808105567514117,.252607449959582
1002,57,181,8,2,3,4,1,88,1,3,1,1,4,99,99,4,99,99,0,6,0,5,0,6,2,51,2,143.530197573359,1,14.6666666666667,1.51612903225806,9.67375886524823,-.808105567514117,-1.65760844804725
1002,57,182,8,1,3,7,1,88,1,1,2,1,1,2,8,1,2,8,0,7,0,7,0,6,2,51,2,164.011619115489,2,14.6666666666667,1.51612903225806,9.67375886524823,-.808105567514117, 
1002,57,3872,8,1,3,8,1,88,1,1,1,1,9,3,8,1,4,8,0,8,0,7,0,9,2,51,2,203.852389044953,3,14.6666666666667,1.51612903225806,9.67375886524823,-.808105567514117,.365494011155716
1002,57,3883,8,2,2,5,4,10,3,2,2,1,4,99,99,4,99,99,66,33,66,33,66,33,2,51,2,153.408743320895,1,14.6666666666667,1.51612903225806,9.67375886524823,-.808105567514117,.257911167992206
1002,58,94,8,2,2,7,3,4,3,2,2,1,3,2,8,3,2,8,0,8,0,6,0,8,2,51,2,203.766688723793,3,14.6666666666667,1.51612903225806,9.67375886524823,-1.45655024853665,-1.42483930334344
1002,58,95,8,1,2,11,1,88,3,3,2,1,4,2,8,4,2,8,0,6,0,5,0,5,2,51,2,194.849426856076,3,14.6666666666667,1.51612903225806,9.67375886524823,-1.45655024853665,-1.93774126687984
1002,58,97,8,1,2,1,1,88,3,1,2,1,1,2,8,4,2,2,0,7,6,66,0,7,2,51,2,189.186418087186,3,14.6666666666667,1.51612903225806,9.67375886524823,-1.45655024853665,-1.73978753104214
1002,58,109,8,2,3,5,1,88,1,1,2,1,1,2,9,2,2,8,0,7,0,6,0,8,2,51,2,203.852389044953,3,14.6666666666667,1.51612903225806,9.67375886524823,-1.45655024853665, 
1002,58,115,8,2,3,9,1,88,1,3,2,1,4,99,8,4,1,8,0,6,0,9,0,9,2,51,2,186.751801862785,3,14.6666666666667,1.51612903225806,9.67375886524823,-1.45655024853665,-2.86427967583632
1002,58,171,8,2,3,3,1,88,1,1,2,1,1,2,8,1,4,7,0,9,0,9,0,9,2,51,2,143.333445142892,1,14.6666666666667,1.51612903225806,9.67375886524823,-1.45655024853665,-.803134657625335
1002,58,172,8,1,3,9,1,88,1,1,9,1,1,4,7,1,4,7,0,7,0,7,0,7,2,51,2,183.000117273052,2,14.6666666666667,1.51612903225806,9.67375886524823,-1.45655024853665,-.605180921787631
1002,58,174,8,2,3,6,1,88,1,1,1,1,1,4,8,2,4,2,0,6,0,6,0,5,2,51,2,199.391543944644,3,14.6666666666667,1.51612903225806,9.67375886524823,-1.45655024853665, 
1002,58,175,8,1,3,10,4,3,1,2,2,1,4,2,6,4,2,8,0,8,0,10,0,9,2,51,2,183.000117273052,2,14.6666666666667,1.51612903225806,9.67375886524823,-1.45655024853665,-1.10989107564474
1002,58,176,8,1,2,10,4,3,3,2,2,1,4,4,8,4,99,8,0,8,0,6,0,9,2,51,2,232.950779570475,4,14.6666666666667,1.51612903225806,9.67375886524823,-1.45655024853665, 
1002,58,179,8,1,3,10,1,88,1,3,2,1,4,4,8,4,99,8,0,6,0,6,0,6,2,51,2,115.315912484084,1,14.6666666666667,1.51612903225806,9.67375886524823,-1.45655024853665, 
1002,58,180,8,1,3,3,1,88,1,3,2,1,4,4,8,4,1,8,0,6,0,9,0,7,2,51,2,173.032778292153,2,14.6666666666667,1.51612903225806,9.67375886524823,-1.45655024853665, 
1002,58,183,8,1,2,12,1,88,3,1,2,1,1,5,8,4,3,8,0,6,0,6,0,6,2,51,2,144.713610015379,1,14.6666666666667,1.51612903225806,9.67375886524823,-1.45655024853665, 
1002,58,184,8,2,2,11,1,88,3,3,2,1,4,2,8,4,2,2,0,6,0,7,0,9,2,51,2,149.757714662002,1,14.6666666666667,1.51612903225806,9.67375886524823,-1.45655024853665, 
1002,58,3831,8,1,2,5,3,10,3,2,2,1,3,2,8,3,2,2,0,7,0,5,0,6,2,51,2,124.157727667937,1,14.6666666666667,1.51612903225806,9.67375886524823,-1.45655024853665,-1.55064098946319
1002,58,3871,8,2,3,9,3,7,1,2,1,1,3,2,8,3,4,8,0,9,0,8,0,8,2,51,2,167.650059987158,2,14.6666666666667,1.51612903225806,9.67375886524823,-1.45655024853665,-.790219532701715
1002,58,3881,8,2,3,1,4,10,1,9,2,2,4,99,1,9,99,99,0,8,0,8,0,33,2,51,2,143.914427446003,1,14.6666666666667,1.51612903225806,9.67375886524823,-1.45655024853665,-1.73978753104214
1002,58,3882,8,2,3,12,4,10,1,2,2,1,4,2,8,4,9,7,66,33,66,33,66,33,2,51,2,111.157801905254,1,14.6666666666667,1.51612903225806,9.67375886524823,-1.45655024853665, 
168,59,114,8,2,3,2,2,6,1,1,1,1,1,2,99,4,5,8,0,7,0,5,0,8,2,51,2,163.34372951557,2,11.0894308943089,2.58536585365854,4.28930817610063,-.159996300030673,-.730982607907387
168,59,117,8,1,3,5,1,88,1,1,2,1,1,8,7,1,9,7,0,9,0,9,0,10,2,51,2,314.891745162699,5,11.0894308943089,2.58536585365854,4.28930817610063,-.159996300030673,1.43462789234568
168,59,118,8,2,3,9,1,99,1,3,9,9,3,99,99,3,99,99,0,8,0,5,0,9,2,51,2,198.364787101001,3,11.0894308943089,2.58536585365854,4.28930817610063,-.159996300030673,.392058264274288
168,59,119,8,2,3,7,3,99,1,9,9,9,9,99,99,3,99,99,0,6,0,6,0,9,2,51,2,149.757714662002,1,11.0894308943089,2.58536585365854,4.28930817610063,-.159996300030673, 
168,59,122,8,1,3,10,1,88,1,9,1,1,4,4,7,9,99,99,0,6,0,5,0,8,2,51,2,210.961577231955,3,11.0894308943089,2.58536585365854,4.28930817610063,-.159996300030673,-.173238202227931
168,59,124,8,1,3,3,1,99,1,1,9,9,2,99,99,1,99,99,0,6,0,6,0,6,2,51,2,168.556417885604,2,11.0894308943089,2.58536585365854,4.28930817610063,-.159996300030673, 
168,59,134,8,2,3,9,1,99,1,1,9,9,1,99,99,1,99,99,0,7,0,8,0,6,2,51,2,154.63605073351,1,11.0894308943089,2.58536585365854,4.28930817610063,-.159996300030673, 
168,59,186,8,1,3,5,1,99,1,1,9,9,1,99,99,1,99,99,0,8,0,8,0,8,2,51,2,251.575241889783,5,11.0894308943089,2.58536585365854,4.28930817610063,-.159996300030673,.804731436948272
168,59,187,8,2,3,1,1,99,1,1,9,9,1,99,99,1,99,99,0,8,0,5,0,6,2,51,2,168.556417885604,2,11.0894308943089,2.58536585365854,4.28930817610063,-.159996300030673,-.92292980994962
168,59,188,8,1,4,2,1,99,1,1,9,9,1,99,99,9,99,99,0,7,0,8,0,7,2,51,2,184.659671305641,2,11.0894308943089,2.58536585365854,4.28930817610063,-.159996300030673,-1.04593083560609
168,59,190,8,1,3,3,1,99,1,1,9,9,1,99,99,1,99,99,0,7,0,7,0,7,2,51,2,204.020245222792,3,11.0894308943089,2.58536585365854,4.28930817610063,-.159996300030673,1.22463177075372
168,59,192,8,1,3,3,1,99,1,1,9,9,1,99,99,2,99,99,0,7,0,8,0,7,2,51,2,181.593741125249,2,11.0894308943089,2.58536585365854,4.28930817610063,-.159996300030673,-.920129149486334
168,59,193,8,1,3,11,1,99,1,1,9,9,1,99,99,1,99,99,0,7,0,6,0,8,2,51,2,189.397180287251,3,11.0894308943089,2.58536585365854,4.28930817610063,-.159996300030673,.680442238854418
168,59,194,8,1,3,11,1,88,1,3,1,1,2,4,8,2,4,8,0,7,0,8,0,9,2,51,2,189.740303136958,3,11.0894308943089,2.58536585365854,4.28930817610063,-.159996300030673,-.0645396408070231
168,59,195,8,1,3,2,1,99,1,1,9,9,1,99,99,1,99,99,0,7,0,7,0,8,2,51,2,186.223210868742,3,11.0894308943089,2.58536585365854,4.28930817610063,-.159996300030673,-.605180921787631
168,59,196,8,2,3,6,1,99,1,1,2,1,1,1,8,1,2,8,0,8,0,5,0,6,2,51,2,179.138083787906,2,11.0894308943089,2.58536585365854,4.28930817610063,-.159996300030673,-.730982607907387
168,59,198,8,2,3,5,1,99,1,1,9,9,1,99,99,1,99,99,0,8,0,6,0,7,2,51,2,227.695959022804,4,11.0894308943089,2.58536585365854,4.28930817610063,-.159996300030673,-.920129149486334
168,59,200,8,2,3,10,1,88,1,1,2,1,1,4,5,1,7,5,0,7,0,8,0,8,2,51,2,196.340823620549,3,11.0894308943089,2.58536585365854,4.28930817610063,-.159996300030673,-.173238202227931
168,59,202,8,2,3,2,1,99,1,1,2,1,1,3,8,1,4,7,0,8,0,9,0,8,2,51,2,197.696847883919,3,11.0894308943089,2.58536585365854,4.28930817610063,-.159996300030673,-.488186429926633
168,59,204,8,2,3,10,1,88,1,1,1,2,1,4,5,1,4,5,0,7,0,7,0,8,2,51,2,163.899018251218,2,11.0894308943089,2.58536585365854,4.28930817610063,-.159996300030673,-.101086152509983
168,59,3873,8,2,2,1,4,9,3,9,2,2,9,99,99,4,4,1,0,7,0,8,0,8,2,51,2,206.335043167921,3,11.0894308943089,2.58536585365854,4.28930817610063,-.159996300030673,-.539871293898197
168,60,110,8,2,3,4,1,99,1,3,1,1,3,3,8,3,2,2,0,7,0,6,0,7,2,51,2,193.453985658946,3,11.0894308943089,2.58536585365854,4.28930817610063,-.20670098949355,-1.44594623794636
168,60,111,8,1,3,2,1,99,1,1,9,9,1,99,99,1,99,99,0,9,0,8,0,7,2,51,2,195.039872279547,3,11.0894308943089,2.58536585365854,4.28930817610063,-.20670098949355,-.794942847946035
168,60,112,8,2,3,6,1,1,1,1,1,1,1,6,7,2,6,7,0,9,0,9,0,10,2,51,2,234.562126743377,4,11.0894308943089,2.58536585365854,4.28930817610063,-.20670098949355,-.712763764951142
168,60,113,8,1,3,2,1,99,1,1,9,9,1,99,99,1,99,99,0,7,0,9,0,6,2,51,2,173.997587355537,2,11.0894308943089,2.58536585365854,4.28930817610063,-.20670098949355,-1.44594623794636
168,60,116,8,2,3,7,1,99,1,3,9,9,4,99,99,4,99,99,0,6,0,5,0,7,2,51,2,164.694518237865,2,11.0894308943089,2.58536585365854,4.28930817610063,-.20670098949355,.719921616896611
168,60,120,8,2,3,6,1,99,1,1,9,9,1,99,99,1,99,99,0,9,0,9,0,9,2,51,2,228.965826975384,4,11.0894308943089,2.58536585365854,4.28930817610063,-.20670098949355,1.22463177075372
168,60,121,8,2,3,8,1,99,1,1,9,9,4,99,99,1,99,99,0,7,0,7,0,6,2,51,2,154.63605073351,1,11.0894308943089,2.58536585365854,4.28930817610063,-.20670098949355, 
168,60,123,8,1,3,10,1,99,1,1,2,1,1,3,8,1,2,7,0,7,0,7,0,8,2,51,2,133.972325842708,1,11.0894308943089,2.58536585365854,4.28930817610063,-.20670098949355, 
168,60,125,8,1,3,10,1,99,1,1,9,9,1,99,99,1,99,99,0,9,0,10,0,9,2,51,2,228.170685931063,4,11.0894308943089,2.58536585365854,4.28930817610063,-.20670098949355,.0886757736484206
168,60,126,8,2,3,12,1,88,1,1,2,1,1,3,8,1,4,7,0,9,0,10,0,9,2,51,2,296.8490445451,5,11.0894308943089,2.58536585365854,4.28930817610063,-.20670098949355,-.014926944607535
168,60,127,8,2,3,11,1,99,1,1,2,1,1,2,8,1,4,7,0,9,0,8,0,9,2,51,2,217.72987054248,4,11.0894308943089,2.58536585365854,4.28930817610063,-.20670098949355, 
168,60,128,8,2,3,1,1,99,1,1,9,9,1,99,99,1,99,99,0,7,0,6,0,8,2,51,2,185.149106505654,2,11.0894308943089,2.58536585365854,4.28930817610063,-.20670098949355,-1.05884596052971
168,60,129,8,2,3,4,1,99,1,1,9,9,1,99,99,1,99,99,0,8,0,9,0,8,2,51,2,207.842779127088,3,11.0894308943089,2.58536585365854,4.28930817610063,-.20670098949355,-.920129149486334
168,60,130,8,2,3,9,1,99,1,1,9,9,1,99,99,1,99,99,0,9,0,9,0,8,2,51,2,205.516994371689,3,11.0894308943089,2.58536585365854,4.28930817610063,-.20670098949355,-.605180921787631
168,60,131,8,1,3,11,1,99,1,1,9,9,1,99,99,1,99,99,0,7,0,7,0,7,2,51,2,238.932699694153,4,11.0894308943089,2.58536585365854,4.28930817610063,-.20670098949355,-.920129149486334
168,60,132,8,1,3,12,1,88,1,1,1,1,1,9,7,3,7,7,0,7,0,8,0,7,2,51,2,148.138101184659,1,11.0894308943089,2.58536585365854,4.28930817610063,-.20670098949355,.804731436948272
168,60,133,8,2,3,6,1,99,1,3,9,9,3,99,99,3,99,99,0,6,0,5,0,7,2,51,2,139.467041250859,1,11.0894308943089,2.58536585365854,4.28930817610063,-.20670098949355, 
168,60,189,8,2,3,4,1,99,1,1,9,9,1,99,99,1,99,99,0,7,0,6,0,7,2,51,2,185.60899367712,3,11.0894308943089,2.58536585365854,4.28930817610063,-.20670098949355,.541725427811042
168,60,201,8,1,2,12,1,88,3,1,2,1,1,2,8,1,3,2,0,8,0,8,0,8,2,51,2,186.117187524687,3,11.0894308943089,2.58536585365854,4.28930817610063,-.20670098949355,-1.44594623794636
168,60,203,8,1,3,12,1,99,1,1,9,9,1,99,99,1,99,99,0,6,0,5,0,6,2,51,2,159.378847967569,2,11.0894308943089,2.58536585365854,4.28930817610063,-.20670098949355, 
345,137,2627,8,2,3,11,1,88,1,1,2,1,1,4,1,1,4,7,8,8,7,7,7,7,1,14,4,203.246705123247,3,25.0416666666667,2.09375,11.9601990049751,-.113139853673791,-.605180921787631
345,137,2628,8,1,3,11,1,88,1,1,2,1,1,4,1,1,4,7,7,7,8,8,7,7,1,14,4,173.032778292153,2,25.0416666666667,2.09375,11.9601990049751,-.113139853673791, 
345,137,2629,8,1,3,6,1,88,1,1,2,1,1,4,5,1,4,5,7,7,7,7,7,7,1,14,4,194.849426856076,3,25.0416666666667,2.09375,11.9601990049751,-.113139853673791,.856673655509744
345,137,2630,8,2,3,4,1,88,1,1,2,1,1,2,1,1,2,8,6,6,7,7,7,7,1,14,4,154.63605073351,1,25.0416666666667,2.09375,11.9601990049751,-.113139853673791, 
345,137,2631,8,2,3,10,1,88,1,1,2,1,1,2,6,1,4,99,7,7,5,5,6,6,1,14,4,157.77549772491,2,25.0416666666667,2.09375,11.9601990049751,-.113139853673791,.41788851412153
345,137,2632,8,2,3,9,1,88,1,1,2,1,1,99,7,1,2,8,8,8,8,8,8,8,1,14,4,229.792059618547,4,25.0416666666667,2.09375,11.9601990049751,-.113139853673791,.279787087657611
345,137,2633,8,1,3,4,1,88,1,1,2,1,1,2,7,1,2,8,7,7,8,8,7,7,1,14,4,177.23634866773,2,25.0416666666667,2.09375,11.9601990049751,-.113139853673791,-2.37248464690283
345,137,2634,8,1,3,11,1,88,1,1,2,1,1,2,8,1,4,2,7,7,8,8,7,7,1,14,4,198.566759630187,3,25.0416666666667,2.09375,11.9601990049751,-.113139853673791,-1.73978753104214
345,137,2635,8,1,3,6,1,88,1,1,2,1,1,4,7,1,4,2,66,66,66,66,66,66,1,14,4,205.516994371689,3,25.0416666666667,2.09375,11.9601990049751,-.113139853673791,.404973389197909
345,137,2636,8,2,3,9,1,88,1,1,1,1,1,99,5,3,4,2,7,7,7,7,7,7,1,14,4,173.032778292153,2,25.0416666666667,2.09375,11.9601990049751,-.113139853673791, 
345,137,2637,8,1,3,6,1,88,1,1,2,1,1,99,8,3,3,5,6,6,6,6,6,6,1,14,4,186.223210868742,3,25.0416666666667,2.09375,11.9601990049751,-.113139853673791, 
345,137,2638,8,2,3,10,1,88,1,1,2,1,1,99,5,1,4,2,8,8,8,8,7,7,1,14,4,203.852389044953,3,25.0416666666667,2.09375,11.9601990049751,-.113139853673791,1.43462789234568
345,137,2656,8,1,3,8,1,88,1,9,2,1,9,99,99,9,2,2,7,7,8,8,8,8,1,14,4,229.964604589847,4,25.0416666666667,2.09375,11.9601990049751,-.113139853673791,-1.67447790315271
345,137,3762,8,1,3,11,1,88,1,1,2,1,1,99,99,1,4,99,7,7,5,5,8,8,1,14,4,197.956724085216,3,25.0416666666667,2.09375,11.9601990049751,-.113139853673791,.719921616896611
345,137,3826,8,1,3,12,1,88,1,1,2,1,1,4,99,1,4,99,7,7,6,6,6,6,1,14,4,198.364787101001,3,25.0416666666667,2.09375,11.9601990049751,-.113139853673791,1.03352045674453
345,138,2639,8,1,3,11,1,88,1,1,2,9,1,4,6,1,4,6,6,6,6,6,7,7,1,14,4,158.033920453975,2,25.0416666666667,2.09375,11.9601990049751,.131612609999953,.0900251614992073
345,138,2640,8,2,3,11,1,88,1,1,2,1,1,4,6,1,4,6,7,7,7,7,8,8,1,14,4,195.039872279547,3,25.0416666666667,2.09375,11.9601990049751,.131612609999953,.0900251614992073
345,138,2641,8,2,3,11,1,88,1,1,2,1,1,99,6,1,4,6,8,8,9,9,9,9,1,14,4,200.830549460352,3,25.0416666666667,2.09375,11.9601990049751,.131612609999953,-.101086152509983
345,138,2642,8,2,3,2,1,88,1,1,1,1,1,4,7,1,99,5,8,8,7,7,8,8,1,14,4,245.622938215433,5,25.0416666666667,2.09375,11.9601990049751,.131612609999953,-.0480762649647124
345,138,2643,8,2,3,10,1,88,1,9,1,1,9,4,6,9,4,2,8,8,8,8,8,8,1,14,4,215.429021713273,4,25.0416666666667,2.09375,11.9601990049751,.131612609999953,.0376306585333934
345,138,2644,8,2,3,10,1,88,1,1,2,1,1,3,8,1,4,8,7,7,6,6,7,7,1,14,4,190.003528473952,3,25.0416666666667,2.09375,11.9601990049751,.131612609999953,-.920129149486334
345,138,2645,8,2,3,6,1,88,1,1,2,1,1,4,5,1,99,2,7,7,6,6,7,7,1,14,4,199.624862841315,3,25.0416666666667,2.09375,11.9601990049751,.131612609999953,.581820190432692
345,138,2646,8,2,3,12,1,88,1,1,2,1,1,4,5,1,9,7,7,7,6,6,9,9,1,14,4,189.063446186676,3,25.0416666666667,2.09375,11.9601990049751,.131612609999953,.961368407026578
345,138,2647,8,1,3,10,1,88,1,1,2,1,1,4,6,9,4,4,6,6,6,6,7,7,1,14,4,177.458445054569,2,25.0416666666667,2.09375,11.9601990049751,.131612609999953, 
345,138,2648,8,2,4,2,1,88,1,1,2,1,1,2,1,1,99,1,6,6,6,6,6,6,1,14,4,197.884884572723,3,25.0416666666667,2.09375,11.9601990049751,.131612609999953,-.100470767930526
345,138,2649,8,2,3,9,1,88,1,9,1,1,9,4,8,9,4,6,66,66,66,66,66,66,1,14,4,217.72987054248,4,25.0416666666667,2.09375,11.9601990049751,.131612609999953,-1.93365565704576
345,138,2650,8,1,3,5,1,88,1,1,9,1,1,2,8,1,4,8,8,8,7,7,8,8,1,14,4,223.032697784688,4,25.0416666666667,2.09375,11.9601990049751,.131612609999953,-.730982607907387
345,138,2651,8,1,3,5,1,88,1,1,9,1,1,2,8,1,4,1,7,7,7,7,8,8,1,14,4,224.897275345054,4,25.0416666666667,2.09375,11.9601990049751,.131612609999953,-.730982607907387
345,138,2652,8,2,3,7,1,88,1,1,2,1,1,3,6,1,99,8,7,7,5,5,6,6,1,14,4,191.991532943348,3,25.0416666666667,2.09375,11.9601990049751,.131612609999953,1.07006696844749
345,138,2653,8,1,3,2,1,88,1,1,1,1,1,4,6,9,4,8,9,9,10,10,9,9,1,14,4,227.597808786292,4,25.0416666666667,2.09375,11.9601990049751,.131612609999953,.390708876423502
345,138,2654,8,1,3,10,1,88,1,1,2,1,1,4,4,1,4,4,9,9,8,8,10,10,1,14,4,262.68420257926,5,25.0416666666667,2.09375,11.9601990049751,.131612609999953,2.01491165154359
345,138,2655,8,1,3,5,1,88,1,1,2,1,1,4,5,1,4,4,7,6,7,7,7,7,1,14,4,190.593814797016,3,25.0416666666667,2.09375,11.9601990049751,.131612609999953,1.43462789234568
347,139,2625,8,2,3,12,1,88,1,1,2,1,1,2,7,1,4,7,0,8,0,8,0,8,1,14,4,225.970337627724,4,21.0877192982456,4.76315789473684,4.42725598526703,.575364362074513,-.101086152509983
347,139,2657,8,1,4,2,1,88,1,1,9,1,1,99,99,1,99,99,0,6,0,6,0,6,1,14,4,186.117187524687,3,21.0877192982456,4.76315789473684,4.42725598526703,.575364362074513,.41788851412153
347,139,2658,8,1,3,3,1,88,1,1,1,1,1,4,5,1,9,5,0,7,0,6,0,7,1,14,4,203.42389030477,3,21.0877192982456,4.76315789473684,4.42725598526703,.575364362074513,1.43462789234568
347,139,2659,8,1,3,8,1,88,1,1,2,1,1,4,7,1,4,2,0,7,0,7,0,7,1,14,4,253.95583235175,5,21.0877192982456,4.76315789473684,4.42725598526703,.575364362074513,-.605180921787631
347,139,2660,8,2,3,9,1,88,1,1,9,1,1,9,7,1,6,7,0,8,0,8,0,9,1,14,4,212.377384947866,3,21.0877192982456,4.76315789473684,4.42725598526703,.575364362074513,1.05600388128728
347,139,2661,8,2,3,5,1,88,1,1,2,1,4,9,7,1,9,7,0,9,0,9,0,10,1,14,4,291.223312340104,5,21.0877192982456,4.76315789473684,4.42725598526703,.575364362074513,.942832863412192
347,139,2663,8,1,4,1,1,88,1,1,9,1,1,99,99,1,99,99,0,7,0,6,0,8,1,14,4,199.281873834937,3,21.0877192982456,4.76315789473684,4.42725598526703,.575364362074513,1.07006696844749
347,139,2664,8,2,3,10,1,88,1,1,2,1,1,4,8,4,9,2,0,7,0,6,0,8,1,14,4,203.852389044953,3,21.0877192982456,4.76315789473684,4.42725598526703,.575364362074513, 
347,139,2665,8,2,3,9,1,88,1,1,2,1,1,4,7,1,4,99,0,7,0,7,0,8,1,14,4,220.08352478628,4,21.0877192982456,4.76315789473684,4.42725598526703,.575364362074513,.2633237118153
347,139,2666,8,1,3,5,1,88,1,1,1,1,1,2,6,1,9,7,0,6,0,6,0,5,1,14,4,178.580804180801,2,21.0877192982456,4.76315789473684,4.42725598526703,.575364362074513,.403624001347123
347,139,2667,8,1,3,8,3,5,1,9,2,1,9,99,99,9,99,99,0,6,0,6,0,8,1,14,4,193.301721135549,3,21.0877192982456,4.76315789473684,4.42725598526703,.575364362074513,.715225403741332
347,139,2678,8,2,3,6,1,88,1,1,1,1,3,4,4,1,4,7,0,8,0,8,0,8,1,14,4,205.380081543092,3,21.0877192982456,4.76315789473684,4.42725598526703,.575364362074513,1.2117166458301
347,139,2679,8,2,3,7,1,88,1,1,9,1,1,6,7,1,4,7,0,7,0,6,0,7,1,14,4,181.849967908796,2,21.0877192982456,4.76315789473684,4.42725598526703,.575364362074513, 
347,139,2680,8,1,4,4,1,88,1,1,2,1,1,4,7,1,4,7,0,5,0,6,0,6,1,14,4,197.696847883919,3,21.0877192982456,4.76315789473684,4.42725598526703,.575364362074513,.732836741820232
347,139,2682,8,1,3,8,1,88,1,1,2,1,1,1,8,1,4,8,0,6,0,5,0,6,1,14,4,177.458445054569,2,21.0877192982456,4.76315789473684,4.42725598526703,.575364362074513,-.730982607907387
347,139,2683,8,2,4,2,1,88,1,1,2,1,1,4,5,1,4,7,0,9,0,9,0,10,1,14,4,254.193742926772,5,21.0877192982456,4.76315789473684,4.42725598526703,.575364362074513,1.35803698406236
347,139,2684,8,1,4,3,1,88,1,1,2,1,3,4,7,1,4,7,0,9,0,8,0,9,1,14,4,291.223312340104,5,21.0877192982456,4.76315789473684,4.42725598526703,.575364362074513,.614969510789869
347,139,2689,8,1,3,8,1,88,1,1,1,1,1,99,99,1,99,99,0,7,0,7,0,6,1,14,4,190.593814797016,3,21.0877192982456,4.76315789473684,4.42725598526703,.575364362074513, 
347,140,2624,8,1,3,8,1,88,1,1,9,1,1,4,6,1,7,2,0,6,0,6,0,4,1,14,4,190.593814797016,3,21.0877192982456,4.76315789473684,4.42725598526703,.618091392238883, 
347,140,2626,8,1,3,8,1,88,1,1,2,1,1,4,99,1,4,99,0,6,0,5,0,8,1,14,4,190.650482815879,3,21.0877192982456,4.76315789473684,4.42725598526703,.618091392238883,1.37210007122257
347,140,2662,8,1,3,6,1,88,1,1,2,1,1,4,5,1,9,1,0,9,0,10,0,8,1,14,4,282.654928597004,5,21.0877192982456,4.76315789473684,4.42725598526703,.618091392238883,-1.01479686772622
347,140,2668,8,1,4,1,1,88,1,1,2,1,1,10,5,1,10,5,0,6,0,5,0,5,1,14,4,164.694518237865,2,21.0877192982456,4.76315789473684,4.42725598526703,.618091392238883,1.59855956865684
347,140,2669,8,1,3,8,1,88,1,1,1,1,1,4,8,1,3,2,0,7,0,6,0,7,1,14,4,212.985383349306,3,21.0877192982456,4.76315789473684,4.42725598526703,.618091392238883,-.920129149486334
347,140,2670,8,1,3,3,1,88,1,1,2,1,1,9,3,1,7,2,0,8,0,8,0,8,1,14,4,253.903853844894,5,21.0877192982456,4.76315789473684,4.42725598526703,.618091392238883,1.03352045674453
347,140,2671,8,1,4,2,1,88,1,1,1,1,1,4,4,1,9,5,0,7,0,7,0,8,1,14,4,247.214771332034,5,21.0877192982456,4.76315789473684,4.42725598526703,.618091392238883,1.37210007122257
347,140,2672,8,1,3,5,1,88,1,1,2,1,1,2,4,1,4,4,0,6,0,6,0,6,1,14,4,184.659671305641,2,21.0877192982456,4.76315789473684,4.42725598526703,.618091392238883,-.101086152509983
347,140,2673,8,1,3,8,1,88,1,1,2,1,1,10,5,1,10,5,0,9,0,9,0,9,1,14,4,287.155995920272,5,21.0877192982456,4.76315789473684,4.42725598526703,.618091392238883,1.37210007122257
347,140,2674,8,1,3,12,1,88,1,1,2,1,1,4,7,1,4,4,0,8,0,8,0,7,1,14,4,190.567628810498,3,21.0877192982456,4.76315789473684,4.42725598526703,.618091392238883,.719921616896611
347,140,2675,8,1,4,1,1,88,1,1,2,1,1,7,1,1,9,7,0,7,0,7,0,8,1,14,4,185.60899367712,3,21.0877192982456,4.76315789473684,4.42725598526703,.618091392238883,.942832863412192
347,140,2676,8,1,3,6,1,88,1,1,2,9,1,4,99,1,4,99,0,7,0,6,0,9,1,14,4,202.164670218052,3,21.0877192982456,4.76315789473684,4.42725598526703,.618091392238883,.732836741820232
347,140,2677,8,1,3,5,1,88,1,1,1,1,1,7,5,1,9,5,0,9,0,9,0,9,1,14,4,251.575241889783,5,21.0877192982456,4.76315789473684,4.42725598526703,.618091392238883,1.53603174753373
347,140,2681,8,2,3,10,1,88,1,1,9,1,1,10,5,1,10,5,0,8,0,8,0,7,1,14,4,224.736723184685,4,21.0877192982456,4.76315789473684,4.42725598526703,.618091392238883,-.057037059706496
347,140,2685,8,2,4,1,1,88,1,1,1,1,1,5,7,1,4,7,0,7,0,6,0,7,1,14,4,203.423890304769,3,21.0877192982456,4.76315789473684,4.42725598526703,.618091392238883,1.05715184352387
347,140,2686,8,1,3,10,1,88,1,1,2,1,3,99,99,1,99,99,0,6,0,5,0,4,1,14,4,174.908745715891,2,21.0877192982456,4.76315789473684,4.42725598526703,.618091392238883,-.920129149486334
347,140,2687,8,1,4,3,1,88,1,1,1,1,3,4,4,1,4,7,0,8,0,8,0,7,1,14,4,194.131377576185,3,21.0877192982456,4.76315789473684,4.42725598526703,.618091392238883,1.53488378529714
347,140,2688,8,2,3,8,1,88,1,1,2,1,1,4,4,3,7,7,0,8,0,8,0,8,1,14,4,215.261800084824,4,21.0877192982456,4.76315789473684,4.42725598526703,.618091392238883,.880305042289083
347,140,2690,8,1,3,5,1,88,1,1,2,1,1,4,5,1,4,2,0,7,0,7,0,6,1,14,4,129.215347847101,1,21.0877192982456,4.76315789473684,4.42725598526703,.618091392238883,-.101086152509983
347,140,2691,8,1,4,2,1,88,1,1,9,1,1,99,99,3,99,99,0,6,0,6,0,6,1,14,4,195.039872279547,3,21.0877192982456,4.76315789473684,4.42725598526703,.618091392238883,.705657104122204
1048,157,1139,8,2,3,10,1,88,1,1,2,1,1,2,8,1,2,2,8,8,8,8,7,7,1,16,4,178.580804180801,2,320.139130434783,1.1304347826087,283.2,-1.15616383779719,-1.93774126687984
1048,157,2945,8,1,3,11,1,88,1,1,9,1,1,4,8,1,3,8,8,8,7,7,8,8,1,16,4,204.020245222792,3,320.139130434783,1.1304347826087,283.2,-1.15616383779719,-.730982607907387
1048,157,2946,8,1,3,3,1,88,1,1,2,1,1,99,6,1,2,8,8,8,9,9,8,8,1,16,4,207.662695152105,3,320.139130434783,1.1304347826087,283.2,-1.15616383779719,-1.10989107564474
1048,157,2949,8,2,3,8,1,88,1,1,2,1,1,2,1,1,1,2,6,6,6,6,6,6,1,16,4,130.657200059795,1,320.139130434783,1.1304347826087,283.2,-1.15616383779719,-.101086152509983
1048,157,2952,8,1,3,9,1,88,1,1,2,1,1,2,6,1,2,6,7,7,7,7,7,7,1,16,4,194.977645031822,3,320.139130434783,1.1304347826087,283.2,-1.15616383779719, 
1048,157,2953,8,2,3,12,1,88,1,1,1,1,1,2,8,1,4,99,7,7,7,7,7,7,1,16,4,154.63605073351,1,320.139130434783,1.1304347826087,283.2,-1.15616383779719, 
1048,157,2959,8,2,4,1,1,88,1,1,2,1,1,3,1,1,2,2,5,5,6,6,6,6,1,16,4,149.159118687254,1,320.139130434783,1.1304347826087,283.2,-1.15616383779719,-1.56294072980736
1048,157,2961,8,1,3,7,1,88,1,1,2,1,1,2,6,1,4,2,8,8,7,7,7,7,1,16,4,184.818752225426,2,320.139130434783,1.1304347826087,283.2,-1.15616383779719,-1.76089446564506
1048,157,2962,8,1,3,6,1,88,1,1,2,1,1,2,9,2,2,2,7,7,6,6,7,7,1,16,4,139.467041250859,1,320.139130434783,1.1304347826087,283.2,-1.15616383779719, 
1048,157,2963,8,2,3,10,3,4,1,2,2,1,3,2,1,3,2,8,7,7,7,7,6,6,1,16,4,171.121608349969,2,320.139130434783,1.1304347826087,283.2,-1.15616383779719,-.889610566185924
1048,158,2917,8,1,3,1,1,88,1,1,2,1,1,4,7,1,2,2,8,8,7,7,8,8,1,16,4,139.467041250859,1,320.139130434783,1.1304347826087,283.2,-.13448182545766, 
1048,158,2943,8,1,3,5,1,88,1,1,2,1,1,2,9,1,2,2,7,6,7,7,7,7,1,16,4,190.593814797016,3,320.139130434783,1.1304347826087,283.2,-.13448182545766, 
1048,158,2944,8,2,3,10,1,99,1,1,2,1,1,4,7,1,2,2,10,10,9,9,9,9,1,16,4,227.665111014356,4,320.139130434783,1.1304347826087,283.2,-.13448182545766,.0247155336097724
1048,158,2947,8,1,3,6,1,88,1,1,2,1,1,2,1,1,4,2,6,6,6,6,6,6,1,16,4,163.899018251218,2,320.139130434783,1.1304347826087,283.2,-.13448182545766,-.730982607907387
1048,158,2948,8,1,3,11,1,88,1,1,2,1,1,2,8,4,7,8,6,6,7,7,7,7,1,16,4,205.380081543092,3,320.139130434783,1.1304347826087,283.2,-.13448182545766,-2.14940347698073
1048,158,2950,8,2,3,3,1,88,1,3,2,1,2,99,8,2,99,4,8,7,6,6,8,8,1,16,4,215.261800084824,4,320.139130434783,1.1304347826087,283.2,-.13448182545766,.667527113930797
1048,158,2951,8,2,4,2,1,88,1,3,2,1,3,2,8,3,2,8,6,6,6,6,8,8,1,16,4,194.849426856076,3,320.139130434783,1.1304347826087,283.2,-.13448182545766,.719921616896611
1048,158,2954,8,1,3,2,1,88,1,1,1,1,1,4,7,1,4,2,9,9,8,8,9,9,1,16,4,180.54704763707,2,320.139130434783,1.1304347826087,283.2,-.13448182545766,-.605180921787631
1048,158,2955,8,1,3,10,1,88,1,1,2,1,1,9,5,1,2,2,8,8,7,7,8,8,1,16,4,181.650828368601,2,320.139130434783,1.1304347826087,283.2,-.13448182545766,-.173238202227931
1048,158,2956,8,1,3,1,4,3,1,1,2,1,1,4,7,1,4,8,10,10,9,9,9,9,1,16,4,207.842779127088,3,320.139130434783,1.1304347826087,283.2,-.13448182545766,-.539871293898197
1048,158,2957,8,1,3,6,1,88,1,1,2,1,1,4,4,1,4,4,9,9,8,8,9,9,1,16,4,228.578242484582,4,320.139130434783,1.1304347826087,283.2,-.13448182545766,1.58564444373322
1048,158,2958,8,2,3,11,1,88,1,1,2,1,1,2,8,1,3,6,8,8,7,7,8,8,1,16,4,229.999961992681,4,320.139130434783,1.1304347826087,283.2,-.13448182545766,.0118004086861515
1048,158,2960,8,1,3,12,1,88,1,1,9,9,1,2,6,1,2,6,5,5,6,6,6,6,1,16,4,133.456543103639,1,320.139130434783,1.1304347826087,283.2,-.13448182545766,-.29023269408893
1031,119,2310,8,2,3,6,9,99,1,9,9,9,9,99,99,9,99,99,99,99,99,99,99,99,9,12,3,204.920914545514,3,212.09126984127,3.85714285714286,54.9866255144033,.288136386017383,-.00201181968391406
1031,119,2311,8,2,3,10,9,99,1,9,9,9,9,99,99,9,99,99,99,99,99,99,99,99,9,12,3,234.374353836785,4,212.09126984127,3.85714285714286,54.9866255144033,.288136386017383,.880305042289083
1031,119,2312,8,1,3,8,9,99,1,9,9,9,9,99,99,9,99,99,99,99,99,99,99,99,9,12,3,212.753987203098,3,212.09126984127,3.85714285714286,54.9866255144033,.288136386017383,-.7296332200566
1031,119,2313,8,1,3,5,9,99,1,9,9,9,9,99,99,9,99,99,99,99,99,99,99,99,9,12,3,180.805916253718,2,212.09126984127,3.85714285714286,54.9866255144033,.288136386017383,.62788463571349
1031,119,2314,8,1,4,1,9,99,1,9,9,9,9,99,99,9,99,99,99,99,99,99,99,99,9,12,3,171.836748790222,2,212.09126984127,3.85714285714286,54.9866255144033,.288136386017383,2.19175845277837
1031,119,2315,8,2,4,1,9,99,1,9,9,9,9,99,99,9,99,99,99,99,99,99,99,99,9,12,3,193.635732672075,3,212.09126984127,3.85714285714286,54.9866255144033,.288136386017383,-.730982607907387
1031,119,2316,8,1,3,6,9,99,1,9,9,9,9,99,99,9,99,99,99,99,99,99,99,99,9,12,3,210.961577231955,3,212.09126984127,3.85714285714286,54.9866255144033,.288136386017383,.404973389197909
1031,119,2317,8,2,3,2,9,99,1,9,9,9,9,99,99,9,99,99,99,99,99,99,99,99,9,12,3,241.051579929341,4,212.09126984127,3.85714285714286,54.9866255144033,.288136386017383,1.23399864475865
1031,119,2318,8,1,3,3,9,99,1,9,9,9,9,99,99,9,99,99,99,99,99,99,99,99,9,12,3,199.391543944644,3,212.09126984127,3.85714285714286,54.9866255144033,.288136386017383,1.37210007122257
1031,119,2322,8,2,3,11,9,99,1,9,9,9,9,99,99,9,99,99,99,99,99,99,99,99,9,12,3,186.223210868742,3,212.09126984127,3.85714285714286,54.9866255144033,.288136386017383,.201562334844555
1031,119,2323,8,1,3,9,9,99,1,9,9,9,9,99,99,9,99,99,99,99,99,99,99,99,9,12,3,182.557919566954,2,212.09126984127,3.85714285714286,54.9866255144033,.288136386017383,-.173238202227931
1031,119,2324,8,1,3,10,9,99,1,9,9,9,9,99,99,9,99,99,99,99,99,99,99,99,9,12,3,239.474218564776,4,212.09126984127,3.85714285714286,54.9866255144033,.288136386017383,1.03352045674453
1031,119,2325,8,2,3,3,9,99,1,9,9,9,9,99,99,9,99,99,99,99,99,99,99,99,9,12,3,184.818752225426,2,212.09126984127,3.85714285714286,54.9866255144033,.288136386017383,-.224923066199495
1031,119,2326,8,1,3,8,9,99,1,9,9,9,9,99,99,9,99,99,99,99,99,99,99,99,9,12,3,219.656309142267,4,212.09126984127,3.85714285714286,54.9866255144033,.288136386017383,-.101086152509983
1031,119,2327,8,1,3,7,9,99,1,9,9,9,9,99,99,9,99,99,99,99,99,99,99,99,9,12,3,162.143588116028,2,212.09126984127,3.85714285714286,54.9866255144033,.288136386017383,-1.43303111302274
1031,119,2328,8,2,4,2,9,99,1,9,9,9,9,99,99,9,99,99,99,99,99,99,99,99,9,12,3,199.499180495072,3,212.09126984127,3.85714285714286,54.9866255144033,.288136386017383,-.29023269408893
1031,119,2331,8,2,3,9,9,99,1,9,9,9,9,99,99,9,99,99,99,99,99,99,99,99,9,12,3,159.370812299182,2,212.09126984127,3.85714285714286,54.9866255144033,.288136386017383,.404973389197909
1031,119,2334,8,2,3,10,9,99,1,9,9,9,9,99,99,9,99,99,99,99,99,99,99,99,9,12,3,128.171023165298,1,212.09126984127,3.85714285714286,54.9866255144033,.288136386017383, 
1031,119,2339,8,1,3,6,9,99,1,9,9,9,9,99,99,9,99,99,99,99,99,99,99,99,9,12,3,253.605626266903,5,212.09126984127,3.85714285714286,54.9866255144033,.288136386017383,.909683543055015
1031,119,2340,8,1,3,3,9,99,1,9,9,9,9,99,99,9,99,99,99,99,99,99,99,99,9,12,3,194.131377576185,3,212.09126984127,3.85714285714286,54.9866255144033,.288136386017383,-.0881710275863618
1031,119,2348,8,2,3,6,9,99,1,9,9,9,9,99,99,9,99,99,99,99,99,99,99,99,9,12,3,203.246705123247,3,212.09126984127,3.85714285714286,54.9866255144033,.288136386017383,1.27069621603451
1031,120,404,8,2,4,1,9,99,1,9,9,9,9,99,99,9,99,99,99,99,99,99,99,99,9,12,3,159.378847967569,2,212.09126984127,3.85714285714286,54.9866255144033,.178753898091002, 
1031,120,2319,8,2,3,8,9,99,1,9,9,9,9,99,99,9,99,99,99,99,99,99,99,99,9,12,3,181.730551156553,2,212.09126984127,3.85714285714286,54.9866255144033,.178753898091002,-1.04593083560609
1031,120,2320,8,1,3,8,9,99,1,9,9,9,9,99,99,9,99,99,99,99,99,99,99,99,9,12,3,203.852389044953,3,212.09126984127,3.85714285714286,54.9866255144033,.178753898091002,1.61147469358046
1031,120,2321,8,1,3,8,9,99,1,9,9,9,9,99,99,9,99,99,99,99,99,99,99,99,9,12,3,212.753987203098,3,212.09126984127,3.85714285714286,54.9866255144033,.178753898091002,.528810302887421
1031,120,2329,8,1,4,1,9,99,1,9,9,9,9,99,99,9,99,99,99,99,99,99,99,99,9,12,3,181.677755722208,2,212.09126984127,3.85714285714286,54.9866255144033,.178753898091002,.741055653588574
1031,120,2330,8,1,3,12,9,99,1,9,9,9,9,99,99,9,99,99,99,99,99,99,99,99,9,12,3,202.164670218052,3,212.09126984127,3.85714285714286,54.9866255144033,.178753898091002,1.15932214286428
1031,120,2332,8,1,3,8,9,99,1,9,9,9,9,99,99,9,99,99,99,99,99,99,99,99,9,12,3,136.564740585193,1,212.09126984127,3.85714285714286,54.9866255144033,.178753898091002,.667527113930797
1031,120,2333,8,1,3,7,9,99,1,9,9,9,9,99,99,9,99,99,99,99,99,99,99,99,9,12,3,190.567628810498,3,212.09126984127,3.85714285714286,54.9866255144033,.178753898091002,-1.14953355386204
1031,120,2335,8,2,3,5,9,99,1,9,9,9,9,99,99,9,99,99,99,99,99,99,99,99,9,12,3,252.712238433168,5,212.09126984127,3.85714285714286,54.9866255144033,.178753898091002,.404973389197909
1031,120,2336,8,2,3,11,9,99,1,9,9,9,9,99,99,9,99,99,99,99,99,99,99,99,9,12,3,197.884884572723,3,212.09126984127,3.85714285714286,54.9866255144033,.178753898091002,.352578886232095
1031,120,2337,8,1,4,1,9,99,1,9,9,9,9,99,99,9,99,99,99,99,99,99,99,99,9,12,3,276.794990920994,5,212.09126984127,3.85714285714286,54.9866255144033,.178753898091002,-1.04593083560609
1031,120,2338,8,2,3,8,9,99,1,9,9,9,9,99,99,9,99,99,99,99,99,99,99,99,9,12,3,230.095334182086,4,212.09126984127,3.85714285714286,54.9866255144033,.178753898091002,.804731436948272
1031,120,2341,8,2,3,8,9,99,1,9,9,9,9,99,99,9,99,99,99,99,99,99,99,99,9,12,3,218.519408574698,4,212.09126984127,3.85714285714286,54.9866255144033,.178753898091002,-.605180921787631
1031,120,2342,8,2,3,9,9,99,1,9,9,9,9,99,99,9,99,99,99,99,99,99,99,99,9,12,3,233.241010383997,4,212.09126984127,3.85714285714286,54.9866255144033,.178753898091002,.791816312024651
1031,120,2343,8,2,3,12,9,99,1,9,9,9,9,99,99,9,99,99,99,99,99,99,99,99,9,12,3,182.660456148829,2,212.09126984127,3.85714285714286,54.9866255144033,.178753898091002,-.539871293898197
1031,120,2344,8,2,3,12,9,99,1,9,9,9,9,99,99,9,99,99,99,99,99,99,99,99,9,12,3,187.447191002204,3,212.09126984127,3.85714285714286,54.9866255144033,.178753898091002,.896768418131394
1031,120,2345,8,1,3,10,9,99,1,9,9,9,9,99,99,9,99,99,99,99,99,99,99,99,9,12,3,212.807948766269,3,212.09126984127,3.85714285714286,54.9866255144033,.178753898091002,.0247155336097724
1031,120,2346,8,1,3,12,9,99,1,9,9,9,9,99,99,9,99,99,99,99,99,99,99,99,9,12,3,157.804642091299,2,212.09126984127,3.85714285714286,54.9866255144033,.178753898091002,-1.0018817428026
1031,120,2347,8,1,3,9,9,99,1,9,9,9,9,99,99,9,99,99,99,99,99,99,99,99,9,12,3,210.293848278452,3,212.09126984127,3.85714285714286,54.9866255144033,.178753898091002,.213862075188719
1031,120,3570,8,1,3,8,9,99,1,9,9,9,9,99,99,9,99,99,99,99,99,99,99,99,9,12,3,181.218531792574,2,212.09126984127,3.85714285714286,54.9866255144033,.178753898091002,2.3287119170057
1031,120,3722,8,2,3,10,9,99,1,9,9,9,9,99,99,9,99,99,99,99,99,99,99,99,9,12,3,137.781134076624,1,212.09126984127,3.85714285714286,54.9866255144033,.178753898091002,-1.56294072980736
1032,121,403,8,1,3,1,1,88,1,1,1,1,1,4,5,1,4,2,9,9,9,9,9,9,1,12,3,240.551706237635,4,318.136904761905,4.85714285714286,65.4987745098039,-.0818535057949394,1.68704829892127
1032,121,2307,8,2,3,9,1,88,1,1,2,1,1,2,8,1,2,2,9,9,9,9,10,10,1,12,3,234.562126743377,4,318.136904761905,4.85714285714286,65.4987745098039,-.0818535057949394,-2.14940347698073
1032,121,2308,8,2,3,3,1,88,1,1,1,1,1,2,8,2,4,2,8,8,6,6,10,10,1,12,3,197.956724085216,3,318.136904761905,4.85714285714286,65.4987745098039,-.0818535057949394,-.212007941275874
1032,121,2309,8,1,4,1,1,88,1,1,2,1,1,2,8,1,2,2,9,9,7,7,8,8,1,12,3,159.378847967569,2,318.136904761905,4.85714285714286,65.4987745098039,-.0818535057949394, 
1032,121,2353,8,2,3,5,1,88,1,1,2,1,1,4,8,1,4,8,9,9,7,7,7,7,1,12,3,235.661670928186,4,318.136904761905,4.85714285714286,65.4987745098039,-.0818535057949394,.0247155336097724
1032,121,2357,8,2,3,11,1,88,1,1,2,1,1,1,6,1,2,2,6,6,6,6,6,6,1,12,3,158.921356723138,2,318.136904761905,4.85714285714286,65.4987745098039,-.0818535057949394,-.290848078668386
1032,121,2358,8,2,3,10,1,88,1,1,2,1,1,2,6,1,2,6,7,7,5,5,7,7,1,12,3,144.267263800405,1,318.136904761905,4.85714285714286,65.4987745098039,-.0818535057949394,-.254301566965426
1032,121,2359,8,1,3,7,1,88,1,1,2,1,1,2,6,1,2,2,6,8,6,5,4,5,1,12,3,138.477678310162,1,318.136904761905,4.85714285714286,65.4987745098039,-.0818535057949394,-.92074453406579
1032,121,2360,8,1,3,1,1,88,1,1,2,1,1,2,8,1,3,2,9,9,8,8,9,9,1,12,3,262.320447496938,5,318.136904761905,4.85714285714286,65.4987745098039,-.0818535057949394,-.539871293898197
1032,121,2361,8,2,3,9,1,88,1,1,1,1,1,7,5,1,2,2,8,8,7,7,7,7,1,12,3,182.660456148829,2,318.136904761905,4.85714285714286,65.4987745098039,-.0818535057949394,.33876665786203
1032,121,2366,8,2,3,2,1,88,1,1,1,1,4,4,5,1,2,5,7,7,7,7,6,7,1,12,3,158.268359807713,2,318.136904761905,4.85714285714286,65.4987745098039,-.0818535057949394,.404973389197909
1032,121,2368,8,1,3,8,1,88,1,1,2,1,1,2,6,1,4,6,9,9,8,8,9,9,1,12,3,203.423890304769,3,318.136904761905,4.85714285714286,65.4987745098039,-.0818535057949394,.41788851412153
1032,121,2369,8,1,3,6,1,88,1,1,1,1,1,2,6,1,5,8,6,6,5,5,5,5,1,12,3,128.195062305874,1,318.136904761905,4.85714285714286,65.4987745098039,-.0818535057949394,.719921616896611
1032,121,2370,8,1,3,8,1,88,1,1,1,1,1,3,8,1,2,6,7,8,5,6,5,5,1,12,3,164.972434481403,2,318.136904761905,4.85714285714286,65.4987745098039,-.0818535057949394,-.29023269408893
1032,122,2350,8,1,3,5,1,88,1,1,1,1,1,4,5,1,2,2,8,8,5,6,6,7,1,12,3,217.819842812645,4,318.136904761905,4.85714285714286,65.4987745098039,-.38501406032526,.391324261002958
1032,122,2351,8,1,3,9,1,88,1,1,1,1,1,9,7,1,4,7,7,7,8,8,9,9,1,12,3,210.293848278452,3,318.136904761905,4.85714285714286,65.4987745098039,-.38501406032526,1.03352045674453
1032,122,2352,8,1,3,6,1,88,1,1,1,1,1,4,6,1,4,7,9,9,9,9,9,9,1,12,3,218.519408574698,4,318.136904761905,4.85714285714286,65.4987745098039,-.38501406032526,.141710025470771
1032,122,2354,8,1,3,6,1,88,1,1,2,1,1,2,6,1,3,2,4,6,4,6,9,5,1,12,3,153.316726275745,1,318.136904761905,4.85714285714286,65.4987745098039,-.38501406032526,-1.30784481148244
1032,122,2355,8,1,3,12,1,88,1,1,1,1,1,2,4,1,4,2,8,8,8,8,9,9,1,12,3,241.646759574773,4,318.136904761905,4.85714285714286,65.4987745098039,-.38501406032526,.339663761308474
1032,122,2356,8,1,3,10,1,88,1,1,2,1,1,4,5,1,2,4,7,8,8,8,7,6,1,12,3,220.08352478628,4,318.136904761905,4.85714285714286,65.4987745098039,-.38501406032526,-.29023269408893
1032,122,2362,8,1,3,2,1,88,1,1,2,1,1,2,8,1,4,2,7,7,7,7,9,9,1,12,3,199.499180495072,3,318.136904761905,4.85714285714286,65.4987745098039,-.38501406032526,-1.359529675454
1032,122,2363,8,1,4,1,1,88,1,1,2,1,1,4,7,1,4,7,7,7,8,8,10,10,1,12,3,210.61621849589,3,318.136904761905,4.85714285714286,65.4987745098039,-.38501406032526,-.803134657625335
1032,122,2364,8,1,3,6,1,88,1,1,1,1,1,4,8,1,2,1,6,6,5,5,6,6,1,12,3,182.660456148829,2,318.136904761905,4.85714285714286,65.4987745098039,-.38501406032526,-.29023269408893
1032,122,2365,8,2,3,6,1,88,1,3,1,1,4,99,99,4,99,2,6,6,5,5,8,8,1,12,3,128.171023165298,1,318.136904761905,4.85714285714286,65.4987745098039,-.38501406032526, 
1032,122,2367,8,2,3,7,1,88,1,1,1,1,1,2,8,1,9,5,9,9,10,10,10,10,1,12,3,239.166756736844,4,318.136904761905,4.85714285714286,65.4987745098039,-.38501406032526,.213862075188719
1032,122,3735,8,2,3,7,4,9,1,2,2,2,4,4,8,4,4,2,8,8,8,8,10,10,1,12,3,203.766688723793,3,318.136904761905,4.85714285714286,65.4987745098039,-.38501406032526,-1.32974509542492
1032,122,3743,8,2,3,5,1,88,1,1,2,1,1,2,8,1,2,8,8,8,8,8,8,8,1,12,3,228.965826975384,4,318.136904761905,4.85714285714286,65.4987745098039,-.38501406032526,-1.359529675454
1032,122,3850,8,2,2,8,4,10,3,2,2,2,4,99,8,4,99,2,7,7,5,5,8,8,1,12,3,99.8481613576046,1,318.136904761905,4.85714285714286,65.4987745098039,-.38501406032526, 
997,45,1091,8,2,3,5,1,88,1,1,2,1,1,4,7,1,4,7,66,9,66,8,66,10,4,4,1,247.347448737358,5,395.901234567902,1.25925925925926,314.392156862745,-.0471715076029243,.929917738488571
997,45,1092,8,1,3,6,1,88,1,1,2,1,1,4,8,1,4,7,66,66,66,66,66,66,4,4,1,210.013605719334,3,395.901234567902,1.25925925925926,314.392156862745,-.0471715076029243,.339663761308474
997,45,1093,8,1,3,11,1,88,1,3,2,1,4,2,8,4,9,8,6,66,6,66,6,66,4,4,1,144.713610015379,1,395.901234567902,1.25925925925926,314.392156862745,-.0471715076029243, 
997,45,1094,8,1,3,12,1,88,1,1,2,1,1,2,8,1,2,7,66,8,66,10,66,9,4,4,1,233.193320663199,4,395.901234567902,1.25925925925926,314.392156862745,-.0471715076029243,-.743897732831008
997,45,1095,8,2,3,7,1,88,1,1,2,1,1,9,6,1,9,5,8,8,7,7,8,8,4,4,1,203.766688723793,3,395.901234567902,1.25925925925926,314.392156862745,-.0471715076029243,1.22463177075372
997,45,1096,8,2,3,11,1,88,1,1,2,1,1,4,7,1,3,7,6,66,6,66,8,7,4,4,1,168.320450604413,2,395.901234567902,1.25925925925926,314.392156862745,-.0471715076029243,-1.11808288532404
997,45,1098,8,1,3,10,1,88,1,1,2,1,1,9,7,1,9,5,8,8,9,9,9,8,4,4,1,173.032778292153,2,395.901234567902,1.25925925925926,314.392156862745,-.0471715076029243, 
997,45,1099,8,1,3,11,3,1,1,2,2,1,3,9,8,3,7,1,8,66,4,66,5,8,4,4,1,172.367499295602,2,395.901234567902,1.25925925925926,314.392156862745,-.0471715076029243,1.37210007122257
997,45,1101,8,1,3,2,4,2,1,2,2,1,4,2,8,4,2,2,6,66,8,66,8,6,4,4,1,198.739982470452,3,395.901234567902,1.25925925925926,314.392156862745,-.0471715076029243,-1.93774126687984
997,45,1103,8,1,3,3,1,88,1,1,1,1,1,9,7,1,2,2,66,8,66,9,8,8,4,4,1,239.474218564776,4,395.901234567902,1.25925925925926,314.392156862745,-.0471715076029243,.594735315356313
997,45,1104,8,1,4,1,1,88,1,1,2,1,1,8,5,1,5,5,6,66,6,66,6,7,4,4,1,158.489739673132,2,395.901234567902,1.25925925925926,314.392156862745,-.0471715076029243,-.920129149486334
997,45,1107,8,1,3,1,1,88,1,1,1,1,1,4,7,1,9,7,9,8,10,9,9,9,4,4,1,206.335043167921,3,395.901234567902,1.25925925925926,314.392156862745,-.0471715076029243,.594735315356313
997,45,3791,8,2,3,2,1,88,1,1,1,1,1,2,8,4,5,1,5,66,9,66,8,66,4,4,1,197.554199645746,3,395.901234567902,1.25925925925926,314.392156862745,-.0471715076029243,-.854819521596899
997,46,1085,8,1,3,7,1,88,1,1,1,1,1,9,5,1,9,5,5,6,5,5,7,7,4,4,1,194.422876193104,3,395.901234567902,1.25925925925926,314.392156862745,.125072712745918,1.03352045674453
997,46,1086,8,2,3,9,1,88,1,1,2,1,1,9,7,1,7,7,8,8,9,9,8,9,4,4,1,223.62328988025,4,395.901234567902,1.25925925925926,314.392156862745,.125072712745918,1.07006696844749
997,46,1087,8,2,3,1,1,88,1,1,1,1,1,9,5,1,4,7,8,8,7,6,7,8,4,4,1,253.605626266903,5,395.901234567902,1.25925925925926,314.392156862745,.125072712745918,.896768418131394
997,46,1088,8,1,3,10,1,88,1,3,2,1,3,2,6,2,2,2,5,6,6,66,66,7,4,4,1,162.04824304519,2,395.901234567902,1.25925925925926,314.392156862745,.125072712745918,-1.359529675454
997,46,1089,8,1,3,5,1,88,1,1,2,1,1,3,8,1,2,1,7,7,6,6,7,7,4,4,1,154.63605073351,1,395.901234567902,1.25925925925926,314.392156862745,.125072712745918, 
997,46,1090,8,2,3,11,1,88,1,1,2,1,1,4,8,1,4,8,6,6,5,6,6,8,4,4,1,189.186418087186,3,395.901234567902,1.25925925925926,314.392156862745,.125072712745918,1.04308875636366
997,46,1097,8,1,3,10,1,88,1,1,2,1,1,2,7,1,3,7,6,6,4,4,7,7,4,4,1,164.011619115489,2,395.901234567902,1.25925925925926,314.392156862745,.125072712745918, 
997,46,1100,8,2,3,12,1,88,1,1,2,1,1,2,6,1,3,6,6,6,5,5,7,7,4,4,1,177.458445054569,2,395.901234567902,1.25925925925926,314.392156862745,.125072712745918,.0900251614992073
997,46,1102,8,1,3,4,1,88,1,1,1,1,1,4,6,1,4,6,6,6,6,6,7,7,4,4,1,167.957790341578,2,395.901234567902,1.25925925925926,314.392156862745,.125072712745918,-.101086152509983
997,46,1105,8,1,3,10,1,88,1,1,2,1,1,4,7,1,4,8,7,8,6,6,8,9,4,4,1,208.325994839857,3,395.901234567902,1.25925925925926,314.392156862745,.125072712745918,-.329875172306237
997,46,1106,8,2,3,7,1,88,1,1,2,1,1,4,5,1,4,5,8,8,9,9,9,9,4,4,1,240.914097848765,4,395.901234567902,1.25925925925926,314.392156862745,.125072712745918,.565356814590381
997,46,1108,8,1,3,4,1,88,1,1,2,1,1,4,8,1,7,5,7,7,7,7,6,6,4,4,1,161.741985293484,2,395.901234567902,1.25925925925926,314.392156862745,.125072712745918, 
997,46,1140,8,1,3,9,1,88,1,1,1,1,1,2,8,1,3,1,6,7,7,66,6,8,4,4,1,217.72987054248,4,395.901234567902,1.25925925925926,314.392156862745,.125072712745918, 
997,46,3830,8,2,2,5,4,99,3,2,1,1,4,2,8,4,2,99,6,6,5,5,5,5,4,4,1,163.138871339838,2,395.901234567902,1.25925925925926,314.392156862745,.125072712745918,-1.65760844804725
998,47,26,8,1,2,5,1,88,3,1,1,1,1,4,7,9,4,7,66,66,66,66,66,66,5,4,1,187.661055643711,3,314.392156862745,1.55882352941176,201.685534591195,-.130115641630722,-.803134657625335
998,47,27,8,1,2,3,1,88,3,3,1,2,2,99,99,2,99,2,66,66,66,66,66,66,4,4,1,132.691407108513,1,314.392156862745,1.55882352941176,201.685534591195,-.130115641630722,.404973389197909
998,47,28,8,1,2,10,1,88,3,1,2,1,4,2,8,1,3,8,66,66,66,66,66,66,4,4,1,217.403714843654,4,314.392156862745,1.55882352941176,201.685534591195,-.130115641630722,-.790219532701715
998,47,1084,8,2,3,11,4,99,1,2,2,2,3,99,99,3,99,99,66,66,33,66,66,66,4,4,1,190.593814797016,3,314.392156862745,1.55882352941176,201.685534591195,-.130115641630722,-.100470767930526
998,47,1110,8,1,3,12,1,88,1,3,1,1,3,1,6,4,7,1,66,66,66,66,66,66,4,4,1,217.71879833412,4,314.392156862745,1.55882352941176,201.685534591195,-.130115641630722,.529425687466878
998,47,1114,8,2,3,8,1,88,1,1,2,1,1,4,5,4,9,7,66,66,66,66,66,66,4,4,1,193.453985658946,3,314.392156862745,1.55882352941176,201.685534591195,-.130115641630722,-.416034380208685
998,47,1116,8,1,3,7,1,88,1,3,2,1,4,4,2,4,4,5,66,66,66,66,33,66,4,4,1,185.37221088165,2,314.392156862745,1.55882352941176,201.685534591195,-.130115641630722,-.488186429926633
998,47,1123,8,2,3,2,1,88,1,3,1,1,4,99,8,4,2,99,66,66,66,66,66,66,4,4,1,157.984026967,2,314.392156862745,1.55882352941176,201.685534591195,-.130115641630722,.0247155336097724
998,47,1124,8,2,3,1,1,88,1,1,1,1,1,9,7,1,4,7,66,66,66,66,66,66,4,4,1,215.48914782235,4,314.392156862745,1.55882352941176,201.685534591195,-.130115641630722,.594735315356313
998,47,1129,8,2,3,1,1,88,1,3,1,1,3,99,99,3,11,99,33,66,66,66,66,66,4,4,1,208.608015416367,3,314.392156862745,1.55882352941176,201.685534591195,-.130115641630722,-1.74258819150543
998,47,1130,8,1,3,2,1,88,1,1,1,1,1,4,7,1,2,7,0,66,66,66,66,66,4,4,1,189.397180287251,3,314.392156862745,1.55882352941176,201.685534591195,-.130115641630722,-.488186429926633
998,47,1132,8,2,3,3,1,88,1,1,1,1,1,7,7,1,9,7,66,66,66,66,66,33,4,4,1,220.02095391995,4,314.392156862745,1.55882352941176,201.685534591195,-.130115641630722,1.43462789234568
998,47,1133,8,1,3,6,1,88,1,1,1,1,1,7,7,2,7,7,66,66,66,66,66,66,4,4,1,228.965826975384,4,314.392156862745,1.55882352941176,201.685534591195,-.130115641630722,.403624001347123
998,47,1135,8,1,3,6,1,88,1,3,2,1,3,4,5,3,4,2,66,66,66,66,66,66,5,4,1,139.467041250859,1,314.392156862745,1.55882352941176,201.685534591195,-.130115641630722, 
998,47,3818,8,1,3,8,1,88,1,3,1,1,4,1,8,4,3,2,66,66,66,66,66,66,4,4,1,219.656309142267,4,314.392156862745,1.55882352941176,201.685534591195,-.130115641630722,-.384900412328819
998,47,3884,8,2,2,2,3,99,3,9,2,2,9,99,99,3,99,99,66,66,66,66,66,66,4,4,1,128.171023165298,1,314.392156862745,1.55882352941176,201.685534591195,-.130115641630722, 
998,48,29,8,1,2,12,1,88,3,1,2,1,1,99,99,1,2,2,66,66,66,66,33,66,1,4,1,203.069127843401,3,314.392156862745,1.55882352941176,201.685534591195,-.353682363154274,-2.68743287460153
998,48,1112,8,1,3,5,3,99,1,2,1,1,3,3,6,3,3,7,66,66,66,66,66,66,1,4,1,190.003528473952,3,314.392156862745,1.55882352941176,201.685534591195,-.353682363154274,-.730982607907387
998,48,1113,8,2,3,5,1,88,1,1,1,1,1,3,5,1,4,7,66,66,66,66,66,66,1,4,1,189.186418087186,3,314.392156862745,1.55882352941176,201.685534591195,-.353682363154274,.404973389197909
998,48,1115,8,1,3,7,1,88,1,3,2,1,4,2,6,4,2,6,66,66,33,33,33,66,1,4,1,181.650828368601,2,314.392156862745,1.55882352941176,201.685534591195,-.353682363154274,-2.05753641920413
998,48,1117,8,2,3,9,1,88,1,1,1,1,1,4,7,1,4,5,33,33,66,66,66,66,1,4,1,229.964604589847,4,314.392156862745,1.55882352941176,201.685534591195,-.353682363154274,2.013763689307
998,48,1118,8,1,3,4,1,88,1,1,2,1,1,3,5,2,7,99,66,66,33,66,66,66,1,4,1,199.624862841315,3,314.392156862745,1.55882352941176,201.685534591195,-.353682363154274,.427255388126461
998,48,1119,8,2,3,8,1,88,1,1,1,1,1,2,6,1,4,7,66,66,66,33,66,66,1,4,1,183.000117273052,2,314.392156862745,1.55882352941176,201.685534591195,-.353682363154274,-.803134657625335
998,48,1120,8,2,3,10,1,88,1,1,2,1,1,7,7,1,4,7,33,33,33,9,33,66,1,4,1,208.05360215879,3,314.392156862745,1.55882352941176,201.685534591195,-.353682363154274,-.311339628691851
998,48,1121,8,1,3,4,1,88,1,1,2,1,1,3,8,1,4,7,66,66,66,66,66,66,1,4,1,241.646759574773,4,314.392156862745,1.55882352941176,201.685534591195,-.353682363154274,.404973389197909
998,48,1122,8,1,3,12,1,88,1,1,1,1,1,4,5,1,4,7,66,66,33,66,66,66,1,4,1,181.677755722208,2,314.392156862745,1.55882352941176,201.685534591195,-.353682363154274,.352578886232095
998,48,1125,8,1,3,10,1,88,1,3,2,1,4,2,7,4,2,8,66,66,66,66,66,66,1,4,1,200.894627797131,3,314.392156862745,1.55882352941176,201.685534591195,-.353682363154274,-.384900412328819
998,48,1126,8,1,3,11,1,88,1,3,1,2,3,99,1,3,99,2,66,66,66,66,66,66,1,4,1,157.984026967,2,314.392156862745,1.55882352941176,201.685534591195,-.353682363154274,-2.25268949457855
998,48,1127,8,2,3,11,1,88,1,3,1,1,3,5,6,3,8,5,66,33,66,66,66,66,1,4,1,227.695959022804,4,314.392156862745,1.55882352941176,201.685534591195,-.353682363154274,.404973389197909
998,48,1128,8,1,3,7,1,88,1,1,1,1,1,4,8,1,4,7,66,33,33,10,66,66,1,4,1,164.011619115489,2,314.392156862745,1.55882352941176,201.685534591195,-.353682363154274, 
998,48,1131,8,2,3,10,1,88,1,1,1,1,1,4,7,1,3,5,66,33,66,33,66,66,1,4,1,206.49960639662,3,314.392156862745,1.55882352941176,201.685534591195,-.353682363154274,.516510562543257
998,48,1134,8,2,3,9,1,88,1,3,1,1,3,4,7,3,5,5,66,66,66,66,66,66,1,4,1,181.730551156553,2,314.392156862745,1.55882352941176,201.685534591195,-.353682363154274,-1.10516776040042
998,48,1136,8,1,3,8,1,88,1,9,1,1,4,4,5,9,9,5,66,66,66,66,66,66,1,4,1,222.714087874754,4,314.392156862745,1.55882352941176,201.685534591195,-.353682363154274,.469573378093093
998,48,3835,8,1,3,7,1,88,1,3,2,1,4,7,8,4,7,8,66,33,66,66,66,66,1,4,1,153.354743876795,1,314.392156862745,1.55882352941176,201.685534591195,-.353682363154274,-.674018390180279
999,49,30,8,2,2,3,1,88,3,9,1,1,4,99,99,9,9,8,0,5,0,5,0,5,1,4,1,172.266093160242,2,227.432624113475,2.82978723404255,80.3709273182957,.921086599189279,-.854819521596899
999,49,1043,8,1,3,1,1,88,1,1,1,1,1,4,3,1,4,7,0,8,0,6,0,8,1,4,1,223.078265484136,4,227.432624113475,2.82978723404255,80.3709273182957,.921086599189279,.929917738488571
999,49,1049,8,1,3,3,1,88,1,1,1,1,1,4,7,1,9,7,0,6,0,6,0,7,1,4,1,208.379985496099,3,227.432624113475,2.82978723404255,80.3709273182957,.921086599189279, 
999,49,1050,8,1,3,9,1,88,1,1,1,1,1,2,9,2,2,2,0,6,0,6,0,6,1,4,1,121.986922678729,1,227.432624113475,2.82978723404255,80.3709273182957,.921086599189279, 
999,49,1052,8,1,3,12,1,88,1,1,2,1,3,5,4,1,9,5,0,7,0,7,0,7,1,4,1,185.354812718047,2,227.432624113475,2.82978723404255,80.3709273182957,.921086599189279,-.29023269408893
999,49,1150,8,2,3,9,1,88,1,1,1,1,1,2,4,3,11,5,0,8,0,6,0,8,1,4,1,206.49960639662,3,227.432624113475,2.82978723404255,80.3709273182957,.921086599189279,1.65111717179777
999,49,1151,8,2,3,8,1,88,1,1,2,1,1,2,8,1,4,8,0,9,0,6,0,7,1,4,1,206.546924913207,3,227.432624113475,2.82978723404255,80.3709273182957,.921086599189279,-.239187578973902
999,49,1153,8,2,4,3,1,88,1,1,2,1,1,9,9,1,7,5,0,7,0,6,0,6,1,4,1,212.997910158155,3,227.432624113475,2.82978723404255,80.3709273182957,.921086599189279, 
999,49,1154,8,1,3,1,1,88,1,3,1,1,3,9,5,3,9,3,0,8,0,8,0,9,1,4,1,234.562126743377,4,227.432624113475,2.82978723404255,80.3709273182957,.921086599189279,1.2117166458301
999,49,1155,8,1,3,8,1,88,1,1,2,1,1,6,5,1,6,3,0,5,0,6,0,6,1,4,1,195.021578005022,3,227.432624113475,2.82978723404255,80.3709273182957,.921086599189279,1.69996342384489
999,49,1156,8,1,4,1,1,88,1,1,1,1,1,4,6,1,4,7,0,8,0,9,0,8,1,4,1,240.914097848765,4,227.432624113475,2.82978723404255,80.3709273182957,.921086599189279,1.22463177075372
999,49,1157,8,2,3,11,1,88,1,3,1,1,3,7,8,3,9,6,0,6,0,6,0,5,1,4,1,197.696847883919,3,227.432624113475,2.82978723404255,80.3709273182957,.921086599189279,.791816312024651
999,49,1158,8,2,3,3,1,88,1,1,1,1,1,10,7,1,4,7,0,7,0,6,0,6,1,4,1,190.593814797016,3,227.432624113475,2.82978723404255,80.3709273182957,.921086599189279,1.86389510015605
999,49,1159,8,1,3,1,1,88,1,1,1,1,1,9,3,1,9,7,0,8,0,9,0,7,1,4,1,229.792059618547,4,227.432624113475,2.82978723404255,80.3709273182957,.921086599189279,1.51240036075439
999,49,1160,8,1,3,9,1,88,1,1,1,1,1,11,7,1,11,7,0,9,0,9,0,9,1,4,1,217.71879833412,4,227.432624113475,2.82978723404255,80.3709273182957,.921086599189279,2.19175845277837
999,49,1161,8,2,4,2,1,88,1,1,1,1,1,9,5,1,9,5,0,8,0,6,0,7,1,4,1,228.576352895939,4,227.432624113475,2.82978723404255,80.3709273182957,.921086599189279,1.69996342384489
999,49,1162,8,1,3,6,1,88,1,1,2,1,1,99,7,1,9,7,0,9,0,9,0,8,1,4,1,251.575241889783,5,227.432624113475,2.82978723404255,80.3709273182957,.921086599189279,.594735315356313
999,49,1163,8,1,3,4,1,88,1,1,1,1,1,4,7,1,9,3,0,8,0,8,0,8,1,4,1,177.430542437889,2,227.432624113475,2.82978723404255,80.3709273182957,.921086599189279,.856673655509744
999,49,1164,8,1,3,9,1,88,1,1,1,2,1,9,7,1,10,7,0,9,0,9,0,8,1,4,1,269.812926463005,5,227.432624113475,2.82978723404255,80.3709273182957,.921086599189279,.403624001347123
999,49,1166,8,1,3,7,1,88,1,1,2,1,1,8,5,1,9,5,0,9,0,9,0,9,1,4,1,271.563460212923,5,227.432624113475,2.82978723404255,80.3709273182957,.921086599189279,1.22463177075372
999,49,1167,8,2,3,6,1,88,1,1,2,1,1,9,5,1,9,5,0,9,0,8,0,8,1,4,1,248.112494556655,5,227.432624113475,2.82978723404255,80.3709273182957,.921086599189279,1.43462789234568
999,49,1168,8,2,3,11,1,88,1,1,1,1,1,9,5,1,9,5,0,8,0,8,0,6,1,4,1,231.847466827592,4,227.432624113475,2.82978723404255,80.3709273182957,.921086599189279,1.43462789234568
999,49,3760,8,1,3,8,1,88,1,3,1,1,4,4,8,4,2,2,0,7,0,8,0,8,1,4,1,215.261800084824,4,227.432624113475,2.82978723404255,80.3709273182957,.921086599189279,-.920129149486334
999,49,3779,8,1,2,11,4,10,3,2,1,1,4,3,6,4,6,2,0,6,0,5,0,8,1,4,1,121.986922678729,1,227.432624113475,2.82978723404255,80.3709273182957,.921086599189279, 
999,50,1,8,1,2,7,1,88,3,1,1,1,1,3,8,2,4,8,0,6,0,7,0,6,1,4,1,197.956724085216,3,227.432624113475,2.82978723404255,80.3709273182957,-.32060718697182,-1.11808288532404
999,50,31,8,2,2,12,1,88,3,1,2,1,1,2,8,1,2,8,0,6,0,5,0,6,1,4,1,154.636050733511,1,227.432624113475,2.82978723404255,80.3709273182957,-.32060718697182,-3.38321049399897
999,50,1042,8,1,3,6,1,88,1,1,2,1,1,9,7,1,4,7,0,7,0,6,0,8,1,4,1,240.987975091199,4,227.432624113475,2.82978723404255,80.3709273182957,-.32060718697182,.732836741820232
999,50,1044,8,1,3,1,1,88,1,1,2,1,1,2,7,1,4,7,0,7,0,8,0,8,1,4,1,207.890736844594,3,227.432624113475,2.82978723404255,80.3709273182957,-.32060718697182,-.224923066199495
999,50,1045,8,1,3,2,1,88,1,1,1,1,1,99,8,1,99,7,0,7,0,7,0,6,1,4,1,189.397180287251,3,227.432624113475,2.82978723404255,80.3709273182957,-.32060718697182,-.416034380208685
999,50,1046,8,2,3,8,1,88,1,1,2,1,1,7,7,1,9,7,0,8,0,8,0,9,1,4,1,247.347448737358,5,227.432624113475,2.82978723404255,80.3709273182957,-.32060718697182,1.43462789234568
999,50,1047,8,2,3,6,1,88,1,1,1,1,1,4,7,1,9,7,0,9,0,9,0,9,1,4,1,315.270287012014,5,227.432624113475,2.82978723404255,80.3709273182957,-.32060718697182,.594735315356313
999,50,1048,8,2,3,10,1,88,1,1,2,1,4,2,8,1,2,2,0,6,0,6,0,6,1,4,1,172.815196660325,2,227.432624113475,2.82978723404255,80.3709273182957,-.32060718697182,-1.55064098946319
999,50,1051,8,1,3,8,4,1,1,2,2,1,4,9,8,4,9,2,0,7,0,8,0,6,1,4,1,210.013605719334,3,227.432624113475,2.82978723404255,80.3709273182957,-.32060718697182,.653714885560732
999,50,1053,8,2,4,2,1,88,1,3,1,1,2,99,8,2,99,8,0,6,0,7,0,6,1,4,1,181.849967908796,2,227.432624113475,2.82978723404255,80.3709273182957,-.32060718697182, 
999,50,1054,8,1,3,6,1,88,1,3,2,1,4,4,6,4,4,2,0,6,0,7,0,7,1,4,1,171.121608349969,2,227.432624113475,2.82978723404255,80.3709273182957,-.32060718697182,.252607449959582
999,50,1055,8,1,3,5,1,88,1,3,2,1,3,4,8,3,99,5,0,6,0,5,0,6,1,4,1,191.886966072245,3,227.432624113475,2.82978723404255,80.3709273182957,-.32060718697182,.580470802581905
999,50,1109,8,2,3,9,1,88,1,1,1,1,1,4,7,1,6,5,0,7,0,6,0,6,1,4,1,177.458445054569,2,227.432624113475,2.82978723404255,80.3709273182957,-.32060718697182, 
999,50,1152,8,2,3,8,1,88,1,1,2,1,1,9,5,1,9,5,0,9,0,8,0,9,1,4,1,244.456302896734,5,227.432624113475,2.82978723404255,80.3709273182957,-.32060718697182,1.22463177075372
999,50,1165,8,1,3,4,1,88,1,1,1,1,1,4,7,1,2,7,0,6,0,6,0,6,1,4,1,159.378847967569,2,227.432624113475,2.82978723404255,80.3709273182957,-.32060718697182, 
999,50,1169,8,2,3,1,1,88,1,1,1,1,1,3,6,1,4,6,0,7,0,7,0,7,1,4,1,224.897275345054,4,227.432624113475,2.82978723404255,80.3709273182957,-.32060718697182,-.29023269408893
999,50,1170,8,1,3,9,1,88,1,3,1,1,4,2,8,4,9,8,0,6,0,5,0,7,1,4,1,185.60899367712,3,227.432624113475,2.82978723404255,80.3709273182957,-.32060718697182,-.626287856390553
999,50,1171,8,1,4,2,1,88,1,1,1,1,1,2,8,1,3,1,0,6,0,6,0,6,1,4,1,204.189105685062,3,227.432624113475,2.82978723404255,80.3709273182957,-.32060718697182,-.86773464652052
999,50,1172,8,1,3,10,1,88,1,1,1,1,1,2,6,1,2,2,0,6,0,6,0,6,1,4,1,204.020245222792,3,227.432624113475,2.82978723404255,80.3709273182957,-.32060718697182,-.992896583783739
999,50,1173,8,2,3,11,4,6,1,2,1,1,4,7,8,4,7,8,0,6,0,6,0,8,1,4,1,158.450255093829,2,227.432624113475,2.82978723404255,80.3709273182957,-.32060718697182,.279787087657611
999,50,1174,8,2,2,2,4,4,3,2,2,2,4,4,7,4,2,2,0,8,0,7,0,9,1,4,1,273.119928120151,5,227.432624113475,2.82978723404255,80.3709273182957,-.32060718697182,-.113385892854147
999,50,3708,8,1,2,10,1,88,3,3,1,1,4,99,99,4,99,99,0,6,0,6,0,6,1,4,1,90.477144976332,1,227.432624113475,2.82978723404255,80.3709273182957,-.32060718697182,-2.26151900966808
999,50,3730,8,2,2,6,4,8,3,2,9,1,4,2,6,4,6,2,0,6,0,6,0,5,1,4,1,123.491306315219,1,227.432624113475,2.82978723404255,80.3709273182957,-.32060718697182, 
996,43,25,8,1,2,8,1,88,3,9,2,9,9,99,99,9,99,99,0,5,0,5,66,66,1,4,1,163.278558104652,2,281.298245614035,2.97368421052632,94.5958702064897,.265621276434377,.213862075188719
996,43,1057,8,1,3,3,1,88,1,1,1,1,1,9,7,1,9,7,0,9,0,9,66,66,1,4,1,210.013605719334,3,281.298245614035,2.97368421052632,94.5958702064897,.265621276434377,1.03352045674453
996,43,1060,8,1,3,5,1,88,1,1,2,1,1,4,8,1,5,7,0,7,0,6,66,66,1,4,1,158.489739673132,2,281.298245614035,2.97368421052632,94.5958702064897,.265621276434377,-1.01479686772622
996,43,1064,8,1,3,10,1,88,1,1,2,1,1,4,7,4,8,5,0,7,0,5,66,66,1,4,1,149.395129631806,1,281.298245614035,2.97368421052632,94.5958702064897,.265621276434377,.115855411346449
996,43,1066,8,1,3,9,1,88,1,1,1,1,1,4,7,1,4,1,0,9,0,7,66,66,1,4,1,256.252069473569,5,281.298245614035,2.97368421052632,94.5958702064897,.265621276434377,-.0645396408070231
996,43,1069,8,1,3,12,1,88,1,1,2,1,1,2,8,1,3,7,0,8,0,6,66,66,1,4,1,168.556417885604,2,281.298245614035,2.97368421052632,94.5958702064897,.265621276434377, 
996,43,1070,8,1,3,7,1,88,1,1,2,1,1,4,7,1,4,7,0,9,0,8,66,66,1,4,1,258.782824403423,5,281.298245614035,2.97368421052632,94.5958702064897,.265621276434377,-.605180921787631
996,43,1071,8,2,3,6,1,88,1,9,2,1,9,2,8,9,2,2,0,8,0,7,66,66,1,4,1,153.408743320895,1,281.298245614035,2.97368421052632,94.5958702064897,.265621276434377,-.237838191123116
996,43,1072,8,1,3,2,1,88,1,1,2,1,1,4,4,1,9,5,0,7,0,6,66,66,5,4,1,172.657296982291,2,281.298245614035,2.97368421052632,94.5958702064897,.265621276434377,.705657104122204
996,43,1073,8,2,3,11,1,88,1,1,1,1,1,2,5,1,4,7,0,7,0,6,66,66,1,4,1,186.223210868742,3,281.298245614035,2.97368421052632,94.5958702064897,.265621276434377, 
996,43,1074,8,1,3,5,1,88,1,1,2,1,9,2,1,1,4,7,0,8,0,6,66,66,1,4,1,199.499180495072,3,281.298245614035,2.97368421052632,94.5958702064897,.265621276434377,-.329875172306237
996,43,1075,8,2,3,12,1,88,1,1,2,1,1,2,8,1,4,6,0,7,0,5,66,66,1,4,1,198.364787101001,3,281.298245614035,2.97368421052632,94.5958702064897,.265621276434377,1.04308875636366
996,43,1076,8,2,3,11,1,88,1,1,2,1,1,4,6,1,10,7,0,8,0,8,66,66,1,4,1,235.387222112981,4,281.298245614035,2.97368421052632,94.5958702064897,.265621276434377,.594735315356313
996,43,1077,8,2,3,6,1,88,1,1,2,1,1,4,5,1,5,5,0,8,0,8,66,66,1,4,1,222.606703967896,4,281.298245614035,2.97368421052632,94.5958702064897,.265621276434377,.565356814590381
996,43,1078,8,2,4,1,1,88,1,1,1,1,1,9,7,9,4,7,0,9,0,10,66,66,1,4,1,228.578242484582,4,281.298245614035,2.97368421052632,94.5958702064897,.265621276434377,.214477459768176
996,43,1081,8,2,3,10,4,99,1,1,2,1,1,4,3,1,10,5,0,9,0,7,66,66,1,4,1,215.429021713273,4,281.298245614035,2.97368421052632,94.5958702064897,.265621276434377,2.65657526962803
996,43,1082,8,1,3,11,1,88,1,1,1,1,1,8,7,9,8,7,0,7,0,5,66,66,1,4,1,170.678433237597,2,281.298245614035,2.97368421052632,94.5958702064897,.265621276434377,-.224923066199495
996,43,1083,8,1,3,8,1,88,1,1,1,1,1,10,7,1,9,7,0,8,0,7,66,66,1,4,1,227.665111014356,4,281.298245614035,2.97368421052632,94.5958702064897,.265621276434377,-.416034380208685
996,44,1056,8,2,3,9,1,88,1,1,1,1,1,2,9,1,4,2,0,6,0,4,66,66,2,4,1,139.467041250859,1,281.298245614035,2.97368421052632,94.5958702064897,.188877034590756, 
996,44,1058,8,2,3,8,1,88,1,1,2,1,1,9,7,1,4,7,0,7,0,7,66,66,2,4,1,228.965826975384,4,281.298245614035,2.97368421052632,94.5958702064897,.188877034590756,-.0645396408070231
996,44,1059,8,2,3,9,1,88,1,1,1,1,1,4,4,1,4,7,0,7,0,6,66,66,2,4,1,172.591749264034,2,281.298245614035,2.97368421052632,94.5958702064897,.188877034590756,-1.11808288532404
996,44,1061,8,2,3,12,1,88,1,1,1,1,2,7,5,1,9,5,0,9,0,8,66,66,2,4,1,239.166756736844,4,281.298245614035,2.97368421052632,94.5958702064897,.188877034590756,1.10676453972335
996,44,1062,8,1,3,12,1,88,1,1,1,1,1,4,8,1,3,8,0,7,0,6,66,66,2,4,1,233.241010383997,4,281.298245614035,2.97368421052632,94.5958702064897,.188877034590756,-.00201181968391406
996,44,1063,8,2,3,5,1,88,1,1,2,1,1,7,5,1,99,99,0,7,0,7,66,66,2,4,1,191.886966072245,3,281.298245614035,2.97368421052632,94.5958702064897,.188877034590756,.869588780433365
996,44,1065,8,1,3,2,1,88,1,9,2,1,9,4,8,9,4,99,0,6,0,6,66,66,2,4,1,194.977645031822,3,281.298245614035,2.97368421052632,94.5958702064897,.188877034590756, 
996,44,1067,8,1,3,10,1,88,1,1,2,1,1,3,6,1,4,7,0,7,0,7,66,66,2,4,1,191.991532943348,3,281.298245614035,2.97368421052632,94.5958702064897,.188877034590756,-.607981582250918
996,44,1068,8,1,3,10,1,88,1,1,2,1,1,2,8,1,4,8,0,5,0,6,66,66,2,4,1,162.744312572589,2,281.298245614035,2.97368421052632,94.5958702064897,.188877034590756,-1.0445814477553
996,44,1079,8,1,3,2,1,88,1,1,2,1,1,3,8,1,2,8,0,7,0,6,66,66,2,4,1,210.013605719334,3,281.298245614035,2.97368421052632,94.5958702064897,.188877034590756,-1.05884596052971
996,44,1080,8,2,3,9,1,88,1,1,2,1,1,4,5,1,4,5,0,7,0,5,66,66,2,4,1,173.032778292153,2,281.298245614035,2.97368421052632,94.5958702064897,.188877034590756, 
996,44,1141,8,2,3,12,1,88,1,1,1,1,1,2,8,1,2,8,0,7,0,6,66,66,2,4,1,212.997910158155,3,281.298245614035,2.97368421052632,94.5958702064897,.188877034590756, 
996,44,1142,8,2,3,6,1,88,1,1,1,1,1,5,7,9,9,7,0,9,0,9,66,66,2,4,1,217.71879833412,4,281.298245614035,2.97368421052632,94.5958702064897,.188877034590756,.0247155336097724
996,44,1143,8,1,3,12,1,88,1,1,1,1,1,2,8,1,4,2,0,6,0,7,66,66,2,4,1,173.032778292153,2,281.298245614035,2.97368421052632,94.5958702064897,.188877034590756, 
996,44,1144,8,1,3,10,1,88,1,1,1,1,1,4,5,1,9,7,0,7,0,6,66,66,2,4,1,177.458445054569,2,281.298245614035,2.97368421052632,94.5958702064897,.188877034590756, 
996,44,1145,8,2,3,10,1,88,1,1,1,1,1,4,7,1,3,7,0,8,0,8,66,66,2,4,1,189.397180287251,3,281.298245614035,2.97368421052632,94.5958702064897,.188877034590756,-.605180921787631
996,44,1146,8,1,3,3,1,88,1,1,1,1,1,4,5,1,5,5,0,7,0,7,66,66,2,4,1,194.131377576185,3,281.298245614035,2.97368421052632,94.5958702064897,.188877034590756,1.42171276742206
996,44,1147,8,2,3,11,1,88,1,1,1,1,1,3,7,1,9,3,0,6,0,6,66,66,2,4,1,199.275740666392,3,281.298245614035,2.97368421052632,94.5958702064897,.188877034590756,.365494011155716
996,44,1148,8,1,3,7,1,88,1,1,1,1,1,7,7,1,4,7,0,7,0,8,66,66,2,4,1,222.826353379557,4,281.298245614035,2.97368421052632,94.5958702064897,.188877034590756,.896768418131394
996,44,1149,8,2,3,4,1,88,1,1,2,1,1,4,5,1,5,6,0,7,0,6,66,66,2,4,1,190.872126369693,3,281.298245614035,2.97368421052632,94.5958702064897,.188877034590756,.41788851412153
1000,51,1177,8,1,3,4,1,88,1,1,1,1,1,4,6,1,9,4,9,9,7,7,7,7,1,4,1,203.852389044953,3,248.589147286822,4.55813953488372,54.5374149659864,1.02476568542022,1.11967966464697
1000,51,1178,8,1,3,8,1,88,1,1,2,1,1,4,9,1,9,6,7,7,7,7,7,7,1,4,1,206.546924913207,3,248.589147286822,4.55813953488372,54.5374149659864,1.02476568542022,1.43462789234568
1000,51,1179,8,1,3,7,1,88,1,1,1,1,1,4,7,1,4,7,8,8,7,7,8,8,1,4,1,177.149041506335,2,248.589147286822,4.55813953488372,54.5374149659864,1.02476568542022,.476868084325949
1000,51,1182,8,1,2,4,1,88,3,1,1,1,1,4,6,1,9,7,8,8,7,7,8,8,1,4,1,185.026078032774,2,248.589147286822,4.55813953488372,54.5374149659864,1.02476568542022, 
1000,51,1183,8,1,3,3,1,88,1,1,2,1,1,9,5,1,7,5,9,9,8,8,9,9,1,4,1,250.855950814698,5,248.589147286822,4.55813953488372,54.5374149659864,1.02476568542022,1.37210007122257
1000,51,1186,8,2,3,8,1,88,1,1,1,1,1,4,7,1,9,4,9,9,9,9,10,10,1,4,1,228.170685931063,4,248.589147286822,4.55813953488372,54.5374149659864,1.02476568542022,2.16478024069454
1000,51,1187,8,1,3,3,1,88,1,1,2,1,2,6,7,1,4,2,8,8,8,8,9,9,1,4,1,206.335043167921,3,248.589147286822,4.55813953488372,54.5374149659864,1.02476568542022,.893220167212704
1000,51,1188,8,2,3,6,1,88,1,1,2,2,1,99,99,1,99,99,8,8,6,6,8,8,1,4,1,195.930392110784,3,248.589147286822,4.55813953488372,54.5374149659864,1.02476568542022,-.329875172306237
1000,51,1189,8,1,3,8,1,88,1,1,2,1,1,9,6,1,9,5,9,9,8,8,9,9,1,4,1,248.203959546872,5,248.589147286822,4.55813953488372,54.5374149659864,1.02476568542022,2.3287119170057
1000,51,1193,8,1,3,3,1,88,1,1,1,1,1,4,5,1,4,2,7,7,6,6,7,7,1,4,1,185.354812718047,2,248.589147286822,4.55813953488372,54.5374149659864,1.02476568542022,.856673655509744
1000,51,1201,8,1,3,4,4,99,1,2,2,1,4,9,8,4,4,7,7,7,6,6,9,9,1,4,1,181.849967908796,2,248.589147286822,4.55813953488372,54.5374149659864,1.02476568542022, 
1000,51,1204,8,2,3,10,4,99,1,2,1,1,4,2,8,4,4,8,8,8,7,7,10,10,1,4,1,173.032778292153,2,248.589147286822,4.55813953488372,54.5374149659864,1.02476568542022, 
1000,51,1205,8,1,3,5,1,88,1,1,1,1,1,2,8,1,2,8,7,7,5,5,5,5,1,4,1,185.149106505654,2,248.589147286822,4.55813953488372,54.5374149659864,1.02476568542022,-.88419802236283
1000,51,1206,8,2,3,4,1,88,1,3,2,2,4,99,99,4,99,99,6,6,7,7,8,8,1,4,1,159.378847967569,2,248.589147286822,4.55813953488372,54.5374149659864,1.02476568542022, 
1000,51,1211,8,1,3,7,1,88,1,1,2,2,1,99,99,1,99,99,8,8,8,8,8,8,1,4,1,230.051515206365,4,248.589147286822,4.55813953488372,54.5374149659864,1.02476568542022,2.17769536561816
1000,51,1212,8,2,3,8,1,88,1,1,2,2,1,99,99,1,99,99,8,8,5,5,7,7,1,4,1,166.428912817978,2,248.589147286822,4.55813953488372,54.5374149659864,1.02476568542022,1.91350779635554
1000,51,1214,8,1,3,9,1,88,1,1,2,2,1,99,99,1,99,99,8,8,8,8,9,9,1,4,1,212.377384947866,3,248.589147286822,4.55813953488372,54.5374149659864,1.02476568542022,1.42171276742206
1000,51,1215,8,2,3,2,1,88,1,1,1,1,1,9,5,1,9,7,9,9,9,9,10,10,1,4,1,254.300701306042,5,248.589147286822,4.55813953488372,54.5374149659864,1.02476568542022,.732836741820232
1000,51,3748,8,2,3,3,1,88,1,1,1,1,9,99,99,1,4,7,8,8,6,6,7,7,1,4,1,172.367499295602,2,248.589147286822,4.55813953488372,54.5374149659864,1.02476568542022,-.224923066199495
1000,51,3782,8,1,2,7,4,99,3,2,2,2,4,2,6,4,3,1,7,7,7,7,6,6,1,4,1,171.121608349969,2,248.589147286822,4.55813953488372,54.5374149659864,1.02476568542022,.942832863412192
1000,51,3851,8,1,2,12,4,99,3,2,2,2,4,99,99,4,99,99,6,6,6,6,6,6,1,4,1,108.009965898631,1,248.589147286822,4.55813953488372,54.5374149659864,1.02476568542022, 
1000,52,32,8,2,2,5,1,88,3,1,1,2,1,99,99,1,99,99,6,6,6,6,5,5,1,4,1,181.849967908796,2,248.589147286822,4.55813953488372,54.5374149659864,.91054908531474, 
1000,52,1176,8,1,4,2,1,88,1,1,2,2,1,9,4,1,9,99,9,9,9,9,8,8,1,4,1,222.826353379557,4,248.589147286822,4.55813953488372,54.5374149659864,.91054908531474,2.49264359331687
1000,52,1180,8,2,3,6,1,88,1,3,2,1,4,2,1,4,1,2,7,7,5,5,8,8,1,4,1,157.77549772491,2,248.589147286822,4.55813953488372,54.5374149659864,.91054908531474,-.854819521596899
1000,52,1181,8,1,3,9,1,88,1,1,2,1,1,99,3,1,99,7,7,7,9,9,8,8,1,4,1,222.606703967896,4,248.589147286822,4.55813953488372,54.5374149659864,.91054908531474, 
1000,52,1184,8,2,3,11,1,88,1,3,2,1,4,2,99,4,6,2,7,7,9,9,9,9,1,4,1,212.997910158155,3,248.589147286822,4.55813953488372,54.5374149659864,.91054908531474,-.920129149486334
1000,52,1185,8,1,3,7,1,88,1,1,2,1,1,4,7,1,9,3,10,10,9,9,10,10,1,4,1,241.135659344576,4,248.589147286822,4.55813953488372,54.5374149659864,.91054908531474,.667527113930797
1000,52,1190,8,2,3,5,1,88,1,1,2,1,1,99,99,1,2,1,7,7,7,7,6,6,1,4,1,196.395065752615,3,248.589147286822,4.55813953488372,54.5374149659864,.91054908531474,2.3287119170057
1000,52,1191,8,2,3,7,1,88,1,1,2,2,1,99,99,1,99,99,7,7,7,7,6,6,1,4,1,153.613870570197,1,248.589147286822,4.55813953488372,54.5374149659864,.91054908531474,1.2117166458301
1000,52,1192,8,2,3,7,1,88,1,1,2,2,1,99,99,1,99,99,7,7,7,7,7,7,1,4,1,144.713610015379,1,248.589147286822,4.55813953488372,54.5374149659864,.91054908531474, 
1000,52,1194,8,1,3,8,1,88,1,1,1,1,1,9,5,1,99,7,7,7,8,8,7,7,1,4,1,157.293851873996,2,248.589147286822,4.55813953488372,54.5374149659864,.91054908531474,1.10676453972335
1000,52,1195,8,1,3,6,4,99,1,2,1,1,4,99,8,4,99,2,7,7,8,8,9,9,1,4,1,230.095334182086,4,248.589147286822,4.55813953488372,54.5374149659864,.91054908531474,1.03352045674453
1000,52,1196,8,2,3,8,1,88,1,1,2,2,1,99,99,1,99,99,9,9,9,9,8,8,1,4,1,213.604900789007,3,248.589147286822,4.55813953488372,54.5374149659864,.91054908531474,1.53957999845242
1000,52,1197,8,2,3,2,1,88,1,3,2,1,4,2,6,4,1,6,8,8,9,9,8,8,1,4,1,208.379985496099,3,248.589147286822,4.55813953488372,54.5374149659864,.91054908531474, 
1000,52,1198,8,2,3,4,1,88,1,1,1,1,1,99,5,1,99,7,7,7,8,8,7,7,1,4,1,194.131377576185,3,248.589147286822,4.55813953488372,54.5374149659864,.91054908531474,1.22463177075372
1000,52,1199,8,1,3,11,1,88,1,1,1,1,1,2,6,1,4,7,7,7,8,8,6,6,1,4,1,142.781500181655,1,248.589147286822,4.55813953488372,54.5374149659864,.91054908531474,.469573378093093
1000,52,1200,8,2,3,7,4,99,1,1,1,1,4,99,99,1,4,5,7,7,8,8,6,6,1,4,1,177.430542437889,2,248.589147286822,4.55813953488372,54.5374149659864,.91054908531474,-1.32974509542492
1000,52,1202,8,1,3,5,1,88,1,1,1,1,1,4,8,1,8,5,8,8,8,8,8,8,1,4,1,230.051515206365,4,248.589147286822,4.55813953488372,54.5374149659864,.91054908531474,1.37210007122257
1000,52,1203,8,2,3,11,1,88,1,3,1,1,3,99,8,3,99,8,7,7,9,9,7,7,1,4,1,176.543810688997,2,248.589147286822,4.55813953488372,54.5374149659864,.91054908531474,-.539871293898197
1000,52,1207,8,1,3,1,1,88,1,3,2,2,4,6,6,4,99,8,7,7,7,7,7,7,1,4,1,177.267067596363,2,248.589147286822,4.55813953488372,54.5374149659864,.91054908531474,.62788463571349
1000,52,1210,8,1,3,11,1,88,1,1,2,2,1,99,99,2,99,99,6,6,7,7,8,8,1,4,1,194.849426856076,3,248.589147286822,4.55813953488372,54.5374149659864,.91054908531474,1.74957612004438
1000,52,1213,8,1,4,1,1,88,1,1,1,1,1,9,5,1,9,7,8,8,9,9,7,7,1,4,1,179.138083787906,2,248.589147286822,4.55813953488372,54.5374149659864,.91054908531474,2.17884332785475
1000,52,3706,8,1,2,2,3,99,3,1,2,2,1,4,7,1,9,3,8,8,8,8,7,7,1,4,1,171.836748790222,2,248.589147286822,4.55813953488372,54.5374149659864,.91054908531474,2.0313750273859
1016,89,50,8,1,2,6,9,99,3,9,9,9,9,99,99,9,99,99,99,99,99,99,99,99,9,8,2,159.378847967569,2,160.923076923077,2.59615384615385,61.9851851851852,.488668361734248, 
1016,89,272,8,1,3,5,9,99,1,9,9,9,9,99,99,9,99,99,99,99,99,99,99,99,9,8,2,159.003058341781,2,160.923076923077,2.59615384615385,61.9851851851852,.488668361734248,.0606466607332756
1016,89,273,8,1,3,5,9,99,1,9,9,9,9,99,99,9,99,99,99,99,99,99,99,99,9,8,2,190.872126369693,3,160.923076923077,2.59615384615385,61.9851851851852,.488668361734248,.352578886232095
1016,89,274,8,1,3,4,9,99,1,9,9,9,9,99,99,9,99,99,99,99,99,99,99,99,9,8,2,190.593814797016,3,160.923076923077,2.59615384615385,61.9851851851852,.488668361734248,.893220167212704
1016,89,275,8,1,3,3,9,99,1,9,9,9,9,99,99,9,99,99,99,99,99,99,99,99,9,8,2,240.633756872642,4,160.923076923077,2.59615384615385,61.9851851851852,.488668361734248,.84437391516558
1016,89,277,8,2,4,2,9,99,1,9,9,9,9,99,99,9,99,99,99,99,99,99,99,99,9,8,2,254.193742926772,5,160.923076923077,2.59615384615385,61.9851851851852,.488668361734248,2.24137114897786
1016,89,279,8,2,3,6,9,99,1,9,9,9,9,99,99,9,99,99,99,99,99,99,99,99,9,8,2,258.782824403423,5,160.923076923077,2.59615384615385,61.9851851851852,.488668361734248,1.43462789234568
1016,89,280,8,2,3,4,9,99,1,9,9,9,9,99,99,9,99,99,99,99,99,99,99,99,9,8,2,190.593814797016,3,160.923076923077,2.59615384615385,61.9851851851852,.488668361734248, 
1016,89,284,8,2,3,10,9,99,1,9,9,9,9,99,99,9,99,99,99,99,99,99,99,99,9,8,2,254.17035275903,5,160.923076923077,2.59615384615385,61.9851851851852,.488668361734248,-.014926944607535
1016,89,285,8,1,3,12,9,99,1,9,9,9,9,99,99,9,99,99,99,99,99,99,99,99,9,8,2,177.458445054569,2,160.923076923077,2.59615384615385,61.9851851851852,.488668361734248, 
1016,89,289,8,2,4,1,9,99,1,9,9,9,9,99,99,9,99,99,99,99,99,99,99,99,9,8,2,244.456302896734,5,160.923076923077,2.59615384615385,61.9851851851852,.488668361734248,1.22463177075372
1016,89,1753,8,1,3,6,9,99,1,9,9,9,9,99,99,9,99,99,99,99,99,99,99,99,9,8,2,228.170685931063,4,160.923076923077,2.59615384615385,61.9851851851852,.488668361734248,1.37210007122257
1016,89,1754,8,1,3,5,9,99,1,9,9,9,9,99,99,9,99,99,99,99,99,99,99,99,9,8,2,179.138083787906,2,160.923076923077,2.59615384615385,61.9851851851852,.488668361734248,-.29023269408893
1016,89,1756,8,1,3,1,9,99,1,9,9,9,9,99,99,9,99,99,99,99,99,99,99,99,9,8,2,223.032697784688,4,160.923076923077,2.59615384615385,61.9851851851852,.488668361734248,-.920129149486334
1016,89,1757,8,1,3,5,9,99,1,9,9,9,9,99,99,9,99,99,99,99,99,99,99,99,9,8,2,148.138101184659,1,160.923076923077,2.59615384615385,61.9851851851852,.488668361734248,.21167679930489
1016,89,1760,8,1,3,2,9,99,1,9,9,9,9,99,99,9,99,99,99,99,99,99,99,99,9,8,2,100.351872740201,1,160.923076923077,2.59615384615385,61.9851851851852,.488668361734248,.646420179327876
1016,89,1761,8,1,3,12,9,99,1,9,9,9,9,99,99,9,99,99,99,99,99,99,99,99,9,8,2,160.776666953699,2,160.923076923077,2.59615384615385,61.9851851851852,.488668361734248,-.101086152509983
1016,89,1763,8,1,2,4,9,99,3,9,9,9,9,99,99,9,99,99,99,99,99,99,99,99,9,8,2,144.267263800405,1,160.923076923077,2.59615384615385,61.9851851851852,.488668361734248,-1.73978753104214
1016,89,1765,8,1,4,1,9,99,1,9,9,9,9,99,99,9,99,99,99,99,99,99,99,99,9,8,2,149.890030227974,1,160.923076923077,2.59615384615385,61.9851851851852,.488668361734248,1.03352045674453
1016,89,1768,8,2,3,10,9,99,1,9,9,9,9,99,99,9,99,99,99,99,99,99,99,99,9,8,2,193.301721135549,3,160.923076923077,2.59615384615385,61.9851851851852,.488668361734248,-.539871293898197
1016,89,1772,8,1,3,11,9,99,1,9,9,9,9,99,99,9,99,99,99,99,99,99,99,99,9,8,2,230.051515206365,4,160.923076923077,2.59615384615385,61.9851851851852,.488668361734248,-.224923066199495
1016,89,1775,8,2,3,6,9,99,1,9,9,9,9,99,99,9,99,99,99,99,99,99,99,99,9,8,2,149.757714662002,1,160.923076923077,2.59615384615385,61.9851851851852,.488668361734248, 
1016,89,1776,8,2,3,9,9,99,1,9,9,9,9,99,99,9,99,99,99,99,99,99,99,99,9,8,2,241.135659344576,4,160.923076923077,2.59615384615385,61.9851851851852,.488668361734248,2.0313750273859
1016,89,3808,8,1,3,7,9,99,1,9,9,9,9,99,99,9,99,99,99,99,99,99,99,99,9,8,2,164.011619115489,2,160.923076923077,2.59615384615385,61.9851851851852,.488668361734248, 
1016,89,3809,8,1,2,7,9,99,3,9,9,9,9,99,99,9,99,99,99,99,99,99,99,99,9,8,2,149.757714662002,1,160.923076923077,2.59615384615385,61.9851851851852,.488668361734248, 
1016,89,3859,8,1,2,8,9,99,3,9,9,9,9,99,99,9,99,99,99,99,99,99,99,99,9,8,2,194.131377576185,3,160.923076923077,2.59615384615385,61.9851851851852,.488668361734248,1.25778109111089
1016,90,269,8,1,3,6,9,99,1,9,9,9,9,99,99,9,99,99,99,99,99,99,99,99,9,8,2,195.021578005022,3,160.923076923077,2.59615384615385,61.9851851851852,.81384021222842,1.38501519614619
1016,90,276,8,2,4,2,9,99,1,9,9,9,9,99,99,9,99,99,99,99,99,99,99,99,9,8,2,229.964604589847,4,160.923076923077,2.59615384615385,61.9851851851852,.81384021222842,1.37210007122257
1016,90,278,8,2,3,6,9,99,1,9,9,9,9,99,99,9,99,99,99,99,99,99,99,99,9,8,2,217.719568690296,4,160.923076923077,2.59615384615385,61.9851851851852,.81384021222842,1.03352045674453
1016,90,281,8,1,3,11,9,99,1,9,9,9,9,99,99,9,99,99,99,99,99,99,99,99,9,8,2,294.875097197188,5,160.923076923077,2.59615384615385,61.9851851851852,.81384021222842,1.21993555759844
1016,90,282,8,2,3,11,9,99,1,9,9,9,9,99,99,9,99,99,99,99,99,99,99,99,9,8,2,251.575241889783,5,160.923076923077,2.59615384615385,61.9851851851852,.81384021222842,1.42171276742206
1016,90,283,8,1,3,11,9,99,1,9,9,9,9,99,99,9,99,99,99,99,99,99,99,99,9,8,2,234.374353836785,4,160.923076923077,2.59615384615385,61.9851851851852,.81384021222842,1.37210007122257
1016,90,286,8,2,3,4,9,99,1,9,9,9,9,99,99,9,99,99,99,99,99,99,99,99,9,8,2,262.320447496938,5,160.923076923077,2.59615384615385,61.9851851851852,.81384021222842,1.37210007122257
1016,90,287,8,1,3,5,9,99,1,9,9,9,9,99,99,9,99,99,99,99,99,99,99,99,9,8,2,224.913155021663,4,160.923076923077,2.59615384615385,61.9851851851852,.81384021222842,2.00084856438338
1016,90,288,8,2,3,12,9,99,1,9,9,9,9,99,99,9,99,99,99,99,99,99,99,99,9,8,2,166.247244242638,2,160.923076923077,2.59615384615385,61.9851851851852,.81384021222842,-.539871293898197
1016,90,290,8,2,3,8,9,99,1,9,9,9,9,99,99,9,99,99,99,99,99,99,99,99,9,8,2,217.72987054248,4,160.923076923077,2.59615384615385,61.9851851851852,.81384021222842,1.69996342384489
1016,90,291,8,2,3,9,9,99,1,9,9,9,9,99,99,9,99,99,99,99,99,99,99,99,9,8,2,254.516602298788,5,160.923076923077,2.59615384615385,61.9851851851852,.81384021222842,1.69996342384489
1016,90,1755,8,1,3,12,9,99,1,9,9,9,9,99,99,9,99,99,99,99,99,99,99,99,9,8,2,283.32872531649,5,160.923076923077,2.59615384615385,61.9851851851852,.81384021222842,1.34846868444323
1016,90,1758,8,2,3,8,9,99,1,9,9,9,9,99,99,9,99,99,99,99,99,99,99,99,9,8,2,154.710787067567,1,160.923076923077,2.59615384615385,61.9851851851852,.81384021222842,-.29023269408893
1016,90,1759,8,1,3,2,9,99,1,9,9,9,9,99,99,9,99,99,99,99,99,99,99,99,9,8,2,194.342584619365,3,160.923076923077,2.59615384615385,61.9851851851852,.81384021222842,-.730982607907387
1016,90,1762,8,1,3,8,9,99,1,9,9,9,9,99,99,9,99,99,99,99,99,99,99,99,9,8,2,173.032778292153,2,160.923076923077,2.59615384615385,61.9851851851852,.81384021222842, 
1016,90,1764,8,1,3,10,9,99,1,9,9,9,9,99,99,9,99,99,99,99,99,99,99,99,9,8,2,154.63605073351,1,160.923076923077,2.59615384615385,61.9851851851852,.81384021222842, 
1016,90,1766,8,1,2,7,9,99,3,9,9,9,9,99,99,9,99,99,99,99,99,99,99,99,9,8,2,197.696847883919,3,160.923076923077,2.59615384615385,61.9851851851852,.81384021222842,.831458790241959
1016,90,1767,8,1,3,9,9,99,1,9,9,9,9,99,99,9,99,99,99,99,99,99,99,99,9,8,2,149.757714662002,1,160.923076923077,2.59615384615385,61.9851851851852,.81384021222842, 
1016,90,1769,8,1,3,9,9,99,1,9,9,9,9,99,99,9,99,99,99,99,99,99,99,99,9,8,2,172.591749264034,2,160.923076923077,2.59615384615385,61.9851851851852,.81384021222842,1.22463177075372
1016,90,1770,8,1,4,1,9,99,1,9,9,9,9,99,99,9,99,99,99,99,99,99,99,99,9,8,2,144.713610015379,1,160.923076923077,2.59615384615385,61.9851851851852,.81384021222842, 
1016,90,1771,8,1,3,11,9,99,1,9,9,9,9,99,99,9,99,99,99,99,99,99,99,99,9,8,2,185.60899367712,3,160.923076923077,2.59615384615385,61.9851851851852,.81384021222842,-1.97255667574595
1016,90,1773,8,2,3,10,9,99,1,9,9,9,9,99,99,9,99,99,99,99,99,99,99,99,9,8,2,232.950779570475,4,160.923076923077,2.59615384615385,61.9851851851852,.81384021222842, 
1016,90,1774,8,2,3,9,9,99,1,9,9,9,9,99,99,9,99,99,99,99,99,99,99,99,9,8,2,222.826353379557,4,160.923076923077,2.59615384615385,61.9851851851852,.81384021222842,1.91350779635554
1016,90,1777,8,1,3,5,9,99,1,9,9,9,9,99,99,9,99,99,99,99,99,99,99,99,9,8,2,294.984030652674,5,160.923076923077,2.59615384615385,61.9851851851852,.81384021222842,1.43462789234568
1016,90,3833,8,2,3,9,9,99,1,9,9,9,9,99,99,9,99,99,99,99,99,99,99,99,9,8,2,185.37221088165,2,160.923076923077,2.59615384615385,61.9851851851852,.81384021222842,-1.51950702158333
1016,90,3834,8,1,2,11,9,99,3,9,9,9,9,99,99,9,99,99,99,99,99,99,99,99,9,8,2,99.8481613576046,1,160.923076923077,2.59615384615385,61.9851851851852,.81384021222842, 
1049,159,2978,8,1,3,2,9,99,1,9,9,9,9,99,99,9,99,99,99,99,99,99,99,99,9,17,5,139.497984195735,1,29.9324324324324,2.78378378378378,10.752427184466,.128564446036603,.213862075188719
1049,159,2987,8,1,3,2,9,99,1,9,9,9,9,99,99,9,99,99,99,99,99,99,99,99,9,17,5,142.681343445079,1,29.9324324324324,2.78378378378378,10.752427184466,.128564446036603,.404973389197909
1049,159,2988,8,1,3,12,9,99,1,9,9,9,9,99,99,9,99,99,99,99,99,99,99,99,9,17,5,164.011619115489,2,29.9324324324324,2.78378378378378,10.752427184466,.128564446036603,.403624001347123
1049,159,2989,8,2,3,6,9,99,1,9,9,9,9,99,99,9,99,99,99,99,99,99,99,99,9,17,5,212.807948766269,3,29.9324324324324,2.78378378378378,10.752427184466,.128564446036603,.84437391516558
1049,159,2990,8,1,3,6,9,99,1,9,9,9,9,99,99,9,99,99,99,99,99,99,99,99,9,17,5,194.131377576185,3,29.9324324324324,2.78378378378378,10.752427184466,.128564446036603,.318556826705553
1049,159,2993,8,2,3,3,9,99,1,9,9,9,9,99,99,9,99,99,99,99,99,99,99,99,9,17,5,240.633756872642,4,29.9324324324324,2.78378378378378,10.752427184466,.128564446036603,1.52311662261011
1049,159,2994,8,2,4,2,9,99,1,9,9,9,9,99,99,9,99,99,99,99,99,99,99,99,9,17,5,147.853408924887,1,29.9324324324324,2.78378378378378,10.752427184466,.128564446036603,.391324261002958
1049,159,2995,8,1,3,11,9,99,1,9,9,9,9,99,99,9,99,99,99,99,99,99,99,99,9,17,5,170.678433237597,2,29.9324324324324,2.78378378378378,10.752427184466,.128564446036603,-1.56294072980736
1049,159,2996,8,2,3,8,9,99,1,9,9,9,9,99,99,9,99,99,99,99,99,99,99,99,9,17,5,154.164923126287,1,29.9324324324324,2.78378378378378,10.752427184466,.128564446036603,.213862075188719
1049,159,2998,8,1,3,12,9,99,1,9,9,9,9,99,99,9,99,99,99,99,99,99,99,99,9,17,5,185.788650440114,3,29.9324324324324,2.78378378378378,10.752427184466,.128564446036603,1.53957999845242
1049,159,2999,8,2,3,12,9,99,1,9,9,9,9,99,99,9,99,99,99,99,99,99,99,99,9,17,5,172.266093160242,2,29.9324324324324,2.78378378378378,10.752427184466,.128564446036603,-.539871293898197
1049,159,3000,8,1,3,4,9,99,1,9,9,9,9,99,99,9,99,99,99,99,99,99,99,99,9,17,5,147.666138071017,1,29.9324324324324,2.78378378378378,10.752427184466,.128564446036603,.0247155336097724
1049,159,3001,8,1,3,12,9,99,1,9,9,9,9,99,99,9,99,99,99,99,99,99,99,99,9,17,5,181.650828368601,2,29.9324324324324,2.78378378378378,10.752427184466,.128564446036603,.213862075188719
1049,159,3002,8,1,4,2,9,99,1,9,9,9,9,99,99,9,99,99,99,99,99,99,99,99,9,17,5,139.467041250859,1,29.9324324324324,2.78378378378378,10.752427184466,.128564446036603, 
1049,159,3004,8,1,3,6,9,99,1,9,9,9,9,99,99,9,99,99,99,99,99,99,99,99,9,17,5,149.395129631806,1,29.9324324324324,2.78378378378378,10.752427184466,.128564446036603,.200946950265098
1049,159,3015,8,1,3,7,9,99,1,9,9,9,9,99,99,9,99,99,99,99,99,99,99,99,9,17,5,100.351872740201,1,29.9324324324324,2.78378378378378,10.752427184466,.128564446036603,-2.26151900966808
1049,160,2979,8,2,2,6,9,99,3,9,9,9,9,99,99,9,99,99,99,99,99,99,99,99,9,17,5,154.710787067567,1,29.9324324324324,2.78378378378378,10.752427184466,-.142255464342198,-.488186429926633
1049,160,2980,8,2,3,9,9,99,1,9,9,9,9,99,99,9,99,99,99,99,99,99,99,99,9,17,5,196.340823620549,3,29.9324324324324,2.78378378378378,10.752427184466,-.142255464342198,-.101086152509983
1049,160,2981,8,1,3,8,9,99,1,9,9,9,9,99,99,9,99,99,99,99,99,99,99,99,9,17,5,103.504326180743,1,29.9324324324324,2.78378378378378,10.752427184466,-.142255464342198,.896768418131394
1049,160,2982,8,1,3,3,9,99,1,9,9,9,9,99,99,9,99,99,99,99,99,99,99,99,9,17,5,177.149041506335,2,29.9324324324324,2.78378378378378,10.752427184466,-.142255464342198,-1.76089446564506
1049,160,2983,8,2,4,1,9,99,1,9,9,9,9,99,99,9,99,99,99,99,99,99,99,99,9,17,5,194.422876193104,3,29.9324324324324,2.78378378378378,10.752427184466,-.142255464342198,.541725427811042
1049,160,2984,8,2,3,4,9,99,1,9,9,9,9,99,99,9,99,99,99,99,99,99,99,99,9,17,5,247.140943268616,5,29.9324324324324,2.78378378378378,10.752427184466,-.142255464342198,-.920129149486334
1049,160,2985,8,1,3,5,9,99,1,9,9,9,9,99,99,9,99,99,99,99,99,99,99,99,9,17,5,156.531432132322,1,29.9324324324324,2.78378378378378,10.752427184466,-.142255464342198,-.101086152509983
1049,160,2991,8,2,3,9,9,99,1,9,9,9,9,99,99,9,99,99,99,99,99,99,99,99,9,17,5,147.853408924887,1,29.9324324324324,2.78378378378378,10.752427184466,-.142255464342198,-.539871293898197
1049,160,2992,8,1,3,11,9,99,1,9,9,9,9,99,99,9,99,99,99,99,99,99,99,99,9,17,5,186.751801862785,3,29.9324324324324,2.78378378378378,10.752427184466,-.142255464342198,-.730982607907387
1049,160,2997,8,2,4,4,9,99,1,9,9,9,9,99,99,9,99,99,99,99,99,99,99,99,9,17,5,108.043781251897,1,29.9324324324324,2.78378378378378,10.752427184466,-.142255464342198,.667527113930797
1049,160,3003,8,1,3,6,9,99,1,9,9,9,9,99,99,9,99,99,99,99,99,99,99,99,9,17,5,124.157727667937,1,29.9324324324324,2.78378378378378,10.752427184466,-.142255464342198,-.160323077304311
1049,160,3005,8,2,3,5,9,99,1,9,9,9,9,99,99,9,99,99,99,99,99,99,99,99,9,17,5,272.327868498031,5,29.9324324324324,2.78378378378378,10.752427184466,-.142255464342198,-.539871293898197
1049,160,3006,8,1,4,1,9,99,1,9,9,9,9,99,99,9,99,99,99,99,99,99,99,99,9,17,5,200.894627797131,3,29.9324324324324,2.78378378378378,10.752427184466,-.142255464342198,-.539871293898197
1049,160,3007,8,2,3,10,9,99,1,9,9,9,9,99,99,9,99,99,99,99,99,99,99,99,9,17,5,203.069127843401,3,29.9324324324324,2.78378378378378,10.752427184466,-.142255464342198,-.195138486170416
1049,160,3008,8,1,3,6,9,99,1,9,9,9,9,99,99,9,99,99,99,99,99,99,99,99,9,17,5,258.782824403423,5,29.9324324324324,2.78378378378378,10.752427184466,-.142255464342198,.909683543055015
1049,160,3009,8,2,3,7,9,99,1,9,9,9,9,99,99,9,99,99,99,99,99,99,99,99,9,17,5,148.888355022075,1,29.9324324324324,2.78378378378378,10.752427184466,-.142255464342198,-.29023269408893
1049,160,3010,8,1,3,6,9,99,1,9,9,9,9,99,99,9,99,99,99,99,99,99,99,99,9,17,5,245.622938215432,5,29.9324324324324,2.78378378378378,10.752427184466,-.142255464342198,.404973389197909
1049,160,3011,8,2,3,10,9,99,1,9,9,9,9,99,99,9,99,99,99,99,99,99,99,99,9,17,5,227.85501070611,4,29.9324324324324,2.78378378378378,10.752427184466,-.142255464342198,.880305042289083
1049,160,3012,8,2,3,6,9,99,1,9,9,9,9,99,99,9,99,99,99,99,99,99,99,99,9,17,5,234.374353836785,4,29.9324324324324,2.78378378378378,10.752427184466,-.142255464342198,-.173238202227931
1049,160,3013,8,1,3,12,9,99,1,9,9,9,9,99,99,9,99,99,99,99,99,99,99,99,9,17,5,134.249468571988,1,29.9324324324324,2.78378378378378,10.752427184466,-.142255464342198, 
1049,160,3014,8,2,3,5,9,99,1,9,9,9,9,99,99,9,99,99,99,99,99,99,99,99,9,17,5,286.746024528328,5,29.9324324324324,2.78378378378378,10.752427184466,-.142255464342198,-.605180921787631
1050,161,2964,8,2,4,3,1,88,1,1,9,9,1,99,99,1,99,99,0,7,0,7,0,9,1,17,5,227.665111014356,4,32.5735294117647,1.94117647058824,16.780303030303,.344179563666254,2.013763689307
1050,161,2965,8,2,3,7,1,88,1,1,9,9,1,99,99,1,99,99,0,8,0,9,0,9,1,17,5,215.261800084824,4,32.5735294117647,1.94117647058824,16.780303030303,.344179563666254,1.22463177075372
1050,161,2966,8,2,3,8,1,88,1,1,9,9,1,99,99,1,99,99,0,8,0,8,0,7,1,17,5,236.760947413286,4,32.5735294117647,1.94117647058824,16.780303030303,.344179563666254,1.54779891022076
1050,161,2967,8,1,3,3,1,88,1,1,9,9,1,99,99,1,99,99,0,6,0,6,0,6,1,17,5,176.227169707396,2,32.5735294117647,1.94117647058824,16.780303030303,.344179563666254,-1.04593083560609
1050,161,2968,8,2,4,3,1,88,1,1,9,9,1,99,99,1,99,99,0,8,0,8,0,7,1,17,5,197.696847883919,3,32.5735294117647,1.94117647058824,16.780303030303,.344179563666254,-.799049047791251
1050,161,2969,8,2,4,3,1,88,1,1,9,9,1,99,99,1,99,99,0,7,0,6,0,8,1,17,5,190.567628810498,3,32.5735294117647,1.94117647058824,16.780303030303,.344179563666254,1.2117166458301
1050,161,2970,8,2,3,6,1,88,1,1,9,9,1,99,99,1,99,99,0,9,0,9,0,9,1,17,5,241.051579929341,4,32.5735294117647,1.94117647058824,16.780303030303,.344179563666254,1.68704829892127
1050,161,2971,8,1,3,5,1,88,1,1,9,9,1,99,99,1,99,99,0,6,0,6,0,8,1,17,5,227.695959022804,4,32.5735294117647,1.94117647058824,16.780303030303,.344179563666254,.318556826705553
1050,161,2972,8,2,3,6,1,88,1,1,9,9,1,99,99,1,99,99,0,8,0,8,0,7,1,17,5,193.453985658946,3,32.5735294117647,1.94117647058824,16.780303030303,.344179563666254,.942832863412192
1050,161,2974,8,2,4,4,1,88,1,1,9,9,1,99,99,1,99,99,0,9,0,8,0,9,1,17,5,224.736723184685,4,32.5735294117647,1.94117647058824,16.780303030303,.344179563666254,1.68704829892127
1050,161,2975,8,2,4,1,1,88,1,1,9,9,1,99,99,1,99,99,0,7,0,8,0,8,1,17,5,194.849426856076,3,32.5735294117647,1.94117647058824,16.780303030303,.344179563666254,-.160323077304311
1050,161,3023,8,2,3,4,1,88,1,1,9,9,1,99,99,1,99,99,0,8,0,7,0,7,1,17,5,203.423890304769,3,32.5735294117647,1.94117647058824,16.780303030303,.344179563666254,1.03352045674453
1050,161,3024,8,1,4,1,1,88,1,1,9,9,1,99,99,1,99,99,0,7,0,6,0,6,1,17,5,181.006426826421,2,32.5735294117647,1.94117647058824,16.780303030303,.344179563666254,.565356814590381
1050,161,3025,8,1,3,8,1,88,1,1,9,9,1,7,5,1,7,1,0,8,0,9,0,7,1,17,5,240.987975091199,4,32.5735294117647,1.94117647058824,16.780303030303,.344179563666254,1.43462789234568
1050,161,3028,8,1,3,11,1,88,1,1,9,9,1,99,99,1,99,99,0,8,0,8,0,9,1,17,5,228.965826975384,4,32.5735294117647,1.94117647058824,16.780303030303,.344179563666254,-.416034380208685
1050,161,3816,8,2,2,2,4,99,3,9,9,9,4,99,99,9,99,99,0,6,0,6,0,6,1,17,5,126.545454405558,1,32.5735294117647,1.94117647058824,16.780303030303,.344179563666254,-3.38321049399897
1050,161,3865,8,1,2,7,4,99,3,2,9,9,4,99,99,4,99,99,0,6,0,7,0,7,1,17,5,100.539340273456,1,32.5735294117647,1.94117647058824,16.780303030303,.344179563666254,-2.01130205051681
1050,162,75,8,2,1,6,1,88,3,1,9,9,1,99,99,9,99,99,0,7,0,6,0,6,1,17,5,168.067521177834,2,32.5735294117647,1.94117647058824,16.780303030303,.253333390929813,-1.19914625006153
1050,162,1290,8,1,3,11,1,88,1,1,9,9,1,99,99,1,99,99,0,7,0,8,0,6,1,17,5,222.606703967896,4,32.5735294117647,1.94117647058824,16.780303030303,.253333390929813, 
1050,162,2973,8,2,3,8,1,88,1,1,9,9,1,99,99,1,99,99,0,7,0,7,0,7,1,17,5,178.524306474106,2,32.5735294117647,1.94117647058824,16.780303030303,.253333390929813,-.677948356085037
1050,162,2976,8,2,4,3,1,88,1,1,9,9,1,99,99,1,99,99,0,8,0,8,0,8,1,17,5,173.997587355537,2,32.5735294117647,1.94117647058824,16.780303030303,.253333390929813,1.34846868444323
1050,162,2977,8,1,3,6,4,99,1,1,9,9,1,99,99,1,99,99,0,7,0,7,0,7,1,17,5,167.650059987158,2,32.5735294117647,1.94117647058824,16.780303030303,.253333390929813,.732836741820232
1050,162,3016,8,1,3,8,1,88,1,1,9,9,1,99,99,1,99,99,0,9,0,9,0,9,2,17,5,296.254419033914,5,32.5735294117647,1.94117647058824,16.780303030303,.253333390929813,.430803639045151
1050,162,3017,8,1,3,12,1,88,1,1,9,9,1,99,99,1,99,99,0,6,0,5,0,6,1,17,5,133.972325842708,1,32.5735294117647,1.94117647058824,16.780303030303,.253333390929813, 
1050,162,3018,8,1,3,1,1,88,1,1,9,9,1,99,99,1,99,99,0,7,0,7,0,6,1,17,5,204.020245222792,3,32.5735294117647,1.94117647058824,16.780303030303,.253333390929813,1.10676453972335
1050,162,3019,8,2,4,4,1,88,1,1,9,9,1,99,99,1,99,99,0,9,0,9,0,9,1,17,5,251.575241889783,5,32.5735294117647,1.94117647058824,16.780303030303,.253333390929813,-1.11808288532404
1050,162,3020,8,2,4,4,1,88,1,1,9,9,1,99,99,1,99,99,0,7,0,7,0,7,1,17,5,142.659010606489,1,32.5735294117647,1.94117647058824,16.780303030303,.253333390929813,.84437391516558
1050,162,3021,8,2,3,5,1,88,1,1,9,9,1,99,99,3,99,99,0,7,0,7,0,7,1,17,5,163.034577644123,2,32.5735294117647,1.94117647058824,16.780303030303,.253333390929813,-.816049782548956
1050,162,3022,8,2,3,2,1,88,1,9,9,9,9,99,99,2,99,99,0,8,0,7,0,7,1,17,5,177.23634866773,2,32.5735294117647,1.94117647058824,16.780303030303,.253333390929813,.667527113930797
1050,162,3026,8,1,3,2,1,88,1,1,9,9,1,99,99,1,99,99,0,7,0,6,0,9,1,17,5,196.395065752615,3,32.5735294117647,1.94117647058824,16.780303030303,.253333390929813,-.101086152509983
1050,162,3027,8,2,3,10,1,88,1,1,9,9,1,99,99,1,99,99,0,8,0,9,0,8,1,17,5,206.188152021854,3,32.5735294117647,1.94117647058824,16.780303030303,.253333390929813,1.15932214286428
1050,162,3029,8,1,3,7,1,88,1,1,9,9,1,99,99,4,99,99,0,7,0,6,0,6,1,17,5,176.929671662058,2,32.5735294117647,1.94117647058824,16.780303030303,.253333390929813,.0886757736484206
1050,162,3792,8,2,1,9,4,99,3,2,9,9,4,99,99,4,99,99,0,6,0,6,0,7,1,17,5,132.238090449328,1,32.5735294117647,1.94117647058824,16.780303030303,.253333390929813,-.101086152509983
1050,162,3794,8,1,3,9,4,99,1,9,9,9,9,99,99,4,99,99,0,6,0,5,0,5,1,17,5,131.854739578627,1,32.5735294117647,1.94117647058824,16.780303030303,.253333390929813,1.43462789234568
1043,147,418,8,2,3,6,9,99,1,9,9,9,9,99,99,9,99,99,99,99,99,99,99,99,9,15,4,204.189105685062,3,341.791666666666,2.375,143.912280701754,-.27754268942219,.213862075188719
1043,147,419,8,1,3,6,9,99,1,9,9,9,9,99,99,9,99,99,99,99,99,99,99,99,9,15,4,187.661055643711,3,341.791666666666,2.375,143.912280701754,-.27754268942219,.732836741820232
1043,147,421,8,1,4,3,9,99,1,9,9,9,9,99,99,9,99,99,99,99,99,99,99,99,9,15,4,173.071232385106,2,341.791666666666,2.375,143.912280701754,-.27754268942219,-.730982607907387
1043,147,422,8,2,3,9,9,99,1,9,9,9,9,99,99,9,99,99,99,99,99,99,99,99,9,15,4,224.736723184685,4,341.791666666666,2.375,143.912280701754,-.27754268942219,-1.67447790315271
1043,147,423,8,2,3,6,9,99,1,9,9,9,9,99,99,9,99,99,99,99,99,99,99,99,9,15,4,215.156173770726,4,341.791666666666,2.375,143.912280701754,-.27754268942219,.541725427811042
1043,147,424,8,2,3,8,9,99,1,9,9,9,9,99,99,9,99,99,99,99,99,99,99,99,9,15,4,184.659671305641,2,341.791666666666,2.375,143.912280701754,-.27754268942219,-.539871293898197
1043,147,426,8,2,3,12,9,99,1,9,9,9,9,99,99,9,99,99,99,99,99,99,99,99,9,15,4,177.430542437889,2,341.791666666666,2.375,143.912280701754,-.27754268942219,.312936408014788
1043,147,427,8,2,4,2,9,99,1,9,9,9,9,99,99,9,99,99,99,99,99,99,99,99,9,15,4,172.266093160242,2,341.791666666666,2.375,143.912280701754,-.27754268942219,-1.22142824899008
1043,147,2791,8,2,3,8,9,99,1,9,9,9,9,99,99,9,99,99,99,99,99,99,99,99,9,15,4,185.026078032774,2,341.791666666666,2.375,143.912280701754,-.27754268942219,-.237838191123116
1043,147,2794,8,2,4,1,9,99,1,9,9,9,9,99,99,9,99,99,99,99,99,99,99,99,9,15,4,138.647670644121,1,341.791666666666,2.375,143.912280701754,-.27754268942219,.719921616896611
1043,147,2795,8,1,3,9,9,99,1,9,9,9,9,99,99,9,99,99,99,99,99,99,99,99,9,15,4,186.223210868742,3,341.791666666666,2.375,143.912280701754,-.27754268942219,.942832863412192
1043,147,2796,8,2,3,11,9,99,1,9,9,9,9,99,99,9,99,99,99,99,99,99,99,99,9,15,4,217.403714843654,4,341.791666666666,2.375,143.912280701754,-.27754268942219,.239692325035961
1043,147,2797,8,1,3,11,9,99,1,9,9,9,9,99,99,9,99,99,99,99,99,99,99,99,9,15,4,212.985383349306,3,341.791666666666,2.375,143.912280701754,-.27754268942219,.804731436948272
1043,147,2798,8,2,3,5,9,99,1,9,9,9,9,99,99,9,99,99,99,99,99,99,99,99,9,15,4,220.161212943506,4,341.791666666666,2.375,143.912280701754,-.27754268942219,.0247155336097724
1043,147,2799,8,1,4,3,9,99,1,9,9,9,9,99,99,9,99,99,99,99,99,99,99,99,9,15,4,153.354743876795,1,341.791666666666,2.375,143.912280701754,-.27754268942219,-.920129149486334
1043,147,2801,8,2,4,2,9,99,1,9,9,9,9,99,99,9,99,99,99,99,99,99,99,99,9,15,4,163.899018251218,2,341.791666666666,2.375,143.912280701754,-.27754268942219,.594735315356313
1043,147,2803,8,1,3,7,9,99,1,9,9,9,9,99,99,9,99,99,99,99,99,99,99,99,9,15,4,144.713610015379,1,341.791666666666,2.375,143.912280701754,-.27754268942219,-1.76089446564506
1043,148,420,8,1,3,11,9,99,1,9,9,9,9,99,99,9,99,99,99,99,99,99,99,99,9,15,4,167.957790341578,2,341.791666666666,2.375,143.912280701754,-.402349421923015,1.19525326998778
1043,148,425,8,1,3,11,9,99,1,9,9,9,9,99,99,9,99,99,99,99,99,99,99,99,9,15,4,163.34372951557,2,341.791666666666,2.375,143.912280701754,-.402349421923015,-1.11808288532404
1043,148,2790,8,1,3,6,9,99,1,9,9,9,9,99,99,9,99,99,99,99,99,99,99,99,9,15,4,169.396317586781,2,341.791666666666,2.375,143.912280701754,-.402349421923015,.554640552734663
1043,148,2792,8,2,3,11,9,99,1,9,9,9,9,99,99,9,99,99,99,99,99,99,99,99,9,15,4,200.691270901762,3,341.791666666666,2.375,143.912280701754,-.402349421923015,-.539871293898197
1043,148,2793,8,2,3,11,9,99,1,9,9,9,9,99,99,9,99,99,99,99,99,99,99,99,9,15,4,166.567656088987,2,341.791666666666,2.375,143.912280701754,-.402349421923015,-.329875172306237
1043,148,2800,8,2,3,6,9,99,1,9,9,9,9,99,99,9,99,99,99,99,99,99,99,99,9,15,4,137.781134076624,1,341.791666666666,2.375,143.912280701754,-.402349421923015,-.239187578973902
1043,148,2802,8,1,4,3,9,99,1,9,9,9,9,99,99,9,99,99,99,99,99,99,99,99,9,15,4,126.016103112673,1,341.791666666666,2.375,143.912280701754,-.402349421923015,-.488186429926633
1044,149,414,8,1,3,7,9,99,1,9,9,9,9,99,99,9,99,99,99,99,99,99,99,99,9,15,4,109.983260712557,1,205.075,2.05,100.036585365854,-.540989556637289,-.488186429926633
1044,149,415,8,1,3,5,9,99,1,9,9,9,9,99,99,9,99,99,99,99,99,99,99,99,9,15,4,139.467041250859,1,205.075,2.05,100.036585365854,-.540989556637289, 
1044,149,416,8,1,3,8,9,99,1,9,9,9,9,99,99,9,99,99,99,99,99,99,99,99,9,15,4,168.320450604413,2,205.075,2.05,100.036585365854,-.540989556637289,-1.30784481148244
1044,149,417,8,1,3,10,9,99,1,9,9,9,9,99,99,9,99,99,99,99,99,99,99,99,9,15,4,176.929671662058,2,205.075,2.05,100.036585365854,-.540989556637289,.0036085990068509
1044,149,428,8,2,4,3,9,99,1,9,9,9,9,99,99,9,99,99,99,99,99,99,99,99,9,15,4,182.660456148829,2,205.075,2.05,100.036585365854,-.540989556637289,-.29023269408893
1044,149,429,8,1,3,9,9,99,1,9,9,9,9,99,99,9,99,99,99,99,99,99,99,99,9,15,4,157.293851873996,2,205.075,2.05,100.036585365854,-.540989556637289,-.92074453406579
1044,149,430,8,2,4,2,9,99,1,9,9,9,9,99,99,9,99,99,99,99,99,99,99,99,9,15,4,162.744312572589,2,205.075,2.05,100.036585365854,-.540989556637289,1.15932214286428
1044,149,433,8,1,3,12,9,99,1,9,9,9,9,99,99,9,99,99,99,99,99,99,99,99,9,15,4,199.624862841315,3,205.075,2.05,100.036585365854,-.540989556637289,-1.56294072980736
1044,149,2808,8,2,3,8,9,99,1,9,9,9,9,99,99,9,99,99,99,99,99,99,99,99,9,15,4,229.999961992681,4,205.075,2.05,100.036585365854,-.540989556637289,.22677720011234
1044,149,2810,8,1,3,8,9,99,1,9,9,9,9,99,99,9,99,99,99,99,99,99,99,99,9,15,4,85.8664708614508,1,205.075,2.05,100.036585365854,-.540989556637289,-.488186429926633
1044,149,2813,8,2,3,12,9,99,1,9,9,9,9,99,99,9,99,99,99,99,99,99,99,99,9,15,4,194.849426856076,3,205.075,2.05,100.036585365854,-.540989556637289,.718572229045825
1044,149,2815,8,2,4,5,9,99,1,9,9,9,9,99,99,9,99,99,99,99,99,99,99,99,9,15,4,181.006426826421,2,205.075,2.05,100.036585365854,-.540989556637289,-1.05884596052971
1044,149,2816,8,1,3,12,9,99,1,9,9,9,9,99,99,9,99,99,99,99,99,99,99,99,9,15,4,160.776666953699,2,205.075,2.05,100.036585365854,-.540989556637289,-1.10989107564474
1044,149,2817,8,1,4,2,9,99,1,9,9,9,9,99,99,9,99,99,99,99,99,99,99,99,9,15,4,194.977645031822,3,205.075,2.05,100.036585365854,-.540989556637289,-1.11808288532404
1044,149,2820,8,1,4,1,9,99,1,9,9,9,9,99,99,9,99,99,99,99,99,99,99,99,9,15,4,154.63605073351,1,205.075,2.05,100.036585365854,-.540989556637289, 
1044,149,2821,8,1,3,10,9,99,1,9,9,9,9,99,99,9,99,99,99,99,99,99,99,99,9,15,4,187.447191002204,3,205.075,2.05,100.036585365854,-.540989556637289,-1.0445814477553
1044,149,2823,8,2,3,9,9,99,1,9,9,9,9,99,99,9,99,99,99,99,99,99,99,99,9,15,4,210.911655914758,3,205.075,2.05,100.036585365854,-.540989556637289,.312936408014788
1044,149,2831,8,2,4,1,9,99,1,9,9,9,9,99,99,9,99,99,99,99,99,99,99,99,9,15,4,222.606703967896,4,205.075,2.05,100.036585365854,-.540989556637289,.201562334844555
1044,149,3797,8,1,2,12,9,99,3,9,9,9,9,99,99,9,99,99,99,99,99,99,99,99,9,15,4,177.430542437889,2,205.075,2.05,100.036585365854,-.540989556637289,.213862075188719
1044,150,431,8,1,3,8,9,99,1,9,9,9,9,99,99,9,99,99,99,99,99,99,99,99,9,15,4,173.032778292153,2,205.075,2.05,100.036585365854,.873671534210293,-1.23569276176449
1044,150,432,8,2,4,1,9,99,1,9,9,9,9,99,99,9,99,99,99,99,99,99,99,99,9,15,4,189.397180287251,3,205.075,2.05,100.036585365854,.873671534210293,.300021283091167
1044,150,2804,8,2,4,1,9,99,1,9,9,9,9,99,99,9,99,99,99,99,99,99,99,99,9,15,4,190.567628810498,3,205.075,2.05,100.036585365854,.873671534210293,2.24137114897786
1044,150,2805,8,1,3,5,9,99,1,9,9,9,9,99,99,9,99,99,99,99,99,99,99,99,9,15,4,215.156173770726,4,205.075,2.05,100.036585365854,.873671534210293,2.24137114897786
1044,150,2807,8,2,4,2,9,99,1,9,9,9,9,99,99,9,99,99,99,99,99,99,99,99,9,15,4,200.894627797131,3,205.075,2.05,100.036585365854,.873671534210293,-.29023269408893
1044,150,2809,8,2,3,11,9,99,1,9,9,9,9,99,99,9,99,99,99,99,99,99,99,99,9,15,4,252.712238433168,5,205.075,2.05,100.036585365854,.873671534210293,.476868084325949
1044,150,2811,8,2,3,8,9,99,1,9,9,9,9,99,99,9,99,99,99,99,99,99,99,99,9,15,4,230.095334182086,4,205.075,2.05,100.036585365854,.873671534210293,2.0313750273859
1044,150,2812,8,2,3,6,9,99,1,9,9,9,9,99,99,9,99,99,99,99,99,99,99,99,9,15,4,190.003528473952,3,205.075,2.05,100.036585365854,.873671534210293,1.69996342384489
1044,150,2814,8,2,3,9,9,99,1,9,9,9,9,99,99,9,99,99,99,99,99,99,99,99,9,15,4,262.549859094319,5,205.075,2.05,100.036585365854,.873671534210293,2.17769536561816
1044,150,2818,8,2,4,3,9,99,1,9,9,9,9,99,99,9,99,99,99,99,99,99,99,99,9,15,4,240.551706237635,4,205.075,2.05,100.036585365854,.873671534210293,2.34162704192933
1044,150,2819,8,1,3,8,9,99,1,9,9,9,9,99,99,9,99,99,99,99,99,99,99,99,9,15,4,207.269390504932,3,205.075,2.05,100.036585365854,.873671534210293,-.539871293898197
1044,150,2822,8,2,4,1,9,99,1,9,9,9,9,99,99,9,99,99,99,99,99,99,99,99,9,15,4,193.748615361374,3,205.075,2.05,100.036585365854,.873671534210293,2.49264359331687
1044,150,2824,8,1,3,7,9,99,1,9,9,9,9,99,99,9,99,99,99,99,99,99,99,99,9,15,4,239.885047406076,4,205.075,2.05,100.036585365854,.873671534210293,.213862075188719
1044,150,2825,8,2,3,9,9,99,1,9,9,9,9,99,99,9,99,99,99,99,99,99,99,99,9,15,4,159.003058341781,2,205.075,2.05,100.036585365854,.873671534210293,1.35803698406236
1044,150,2826,8,1,3,4,9,99,1,9,9,9,9,99,99,9,99,99,99,99,99,99,99,99,9,15,4,228.965826975384,4,205.075,2.05,100.036585365854,.873671534210293,-.730982607907387
1044,150,2827,8,2,3,12,9,99,1,9,9,9,9,99,99,9,99,99,99,99,99,99,99,99,9,15,4,185.149106505654,2,205.075,2.05,100.036585365854,.873671534210293,-.605796306367088
1044,150,2828,8,2,4,1,9,99,1,9,9,9,9,99,99,9,99,99,99,99,99,99,99,99,9,15,4,217.770457921662,4,205.075,2.05,100.036585365854,.873671534210293,2.98443862225035
1044,150,2829,8,1,3,10,9,99,1,9,9,9,9,99,99,9,99,99,99,99,99,99,99,99,9,15,4,217.403714843654,4,205.075,2.05,100.036585365854,.873671534210293,-.29023269408893
1044,150,2830,8,1,3,12,9,99,1,9,9,9,9,99,99,9,99,99,99,99,99,99,99,99,9,15,4,200.894627797131,3,205.075,2.05,100.036585365854,.873671534210293,.392058264274288
1044,150,2832,8,2,3,12,9,99,1,9,9,9,9,99,99,9,99,99,99,99,99,99,99,99,9,15,4,187.447191002204,3,205.075,2.05,100.036585365854,.873671534210293,-.7296332200566
1044,150,3756,8,2,4,5,9,99,1,9,9,9,9,99,99,9,99,99,99,99,99,99,99,99,9,15,4,239.166756736844,4,205.075,2.05,100.036585365854,.873671534210293,2.98443862225035
988,27,743,8,2,3,7,1,88,1,1,2,1,1,3,8,1,9,7,8,9,10,10,8,8,1,2,1,182.660456148829,2,210.2,1.77777777777778,118.2375,-.197242547943389,.804731436948272
988,27,745,8,2,3,10,1,88,1,1,2,1,1,4,3,1,4,8,7,8,9,9,7,6,1,2,1,189.063446186676,3,210.2,1.77777777777778,118.2375,-.197242547943389,.732836741820232
988,27,747,8,2,3,5,1,88,1,3,2,1,4,1,8,4,4,2,7,9,9,9,9,8,1,2,1,206.546924913207,3,210.2,1.77777777777778,118.2375,-.197242547943389,-1.01479686772622
988,27,748,8,2,3,6,1,88,1,1,1,1,3,2,8,1,2,2,7,8,7,7,8,7,1,2,1,210.773802069256,3,210.2,1.77777777777778,118.2375,-.197242547943389,-.88419802236283
988,27,750,8,1,3,3,1,88,1,1,2,1,1,4,8,1,3,7,7,8,7,7,8,7,1,2,1,215.261800084824,4,210.2,1.77777777777778,118.2375,-.197242547943389,-.101086152509983
988,27,751,8,2,3,1,1,88,1,3,2,2,4,7,99,4,4,2,7,8,8,8,7,8,1,2,1,189.063446186676,3,210.2,1.77777777777778,118.2375,-.197242547943389,-.329875172306237
988,27,752,8,2,3,4,1,88,1,9,1,1,9,9,7,9,6,7,8,8,8,8,9,9,1,2,1,225.014629750171,4,210.2,1.77777777777778,118.2375,-.197242547943389,.312936408014788
988,27,753,8,1,3,12,1,88,1,1,1,1,1,4,7,1,5,6,7,9,7,7,7,7,1,2,1,186.223210868742,3,210.2,1.77777777777778,118.2375,-.197242547943389,-.29023269408893
988,27,758,8,1,3,8,1,88,1,1,1,1,1,2,8,1,9,5,6,7,7,7,6,7,1,2,1,149.665958706336,1,210.2,1.77777777777778,118.2375,-.197242547943389,-1.73978753104214
988,27,760,8,2,3,4,1,88,1,3,2,1,3,7,8,3,7,6,7,7,7,7,7,6,1,2,1,180.151034229859,2,210.2,1.77777777777778,118.2375,-.197242547943389,.201562334844555
988,27,762,8,2,3,9,1,88,1,3,2,1,3,2,5,3,4,2,9,10,9,9,9,9,1,2,1,251.785794655804,5,210.2,1.77777777777778,118.2375,-.197242547943389,-1.11808288532404
988,27,763,8,1,3,6,1,88,1,1,1,1,1,2,8,1,4,7,6,6,8,8,6,6,1,2,1,190.650482815879,3,210.2,1.77777777777778,118.2375,-.197242547943389,-1.0445814477553
988,27,764,8,2,3,12,1,88,1,3,1,1,3,7,8,3,4,2,6,6,6,6,7,6,1,2,1,156.531432132322,1,210.2,1.77777777777778,118.2375,-.197242547943389,.791816312024651
988,27,765,8,2,3,5,1,88,1,3,2,1,3,7,8,3,2,2,7,9,7,7,9,8,1,2,1,196.395065752615,3,210.2,1.77777777777778,118.2375,-.197242547943389,-.539871293898197
988,27,767,8,2,3,11,1,88,1,1,1,1,1,9,3,1,9,7,8,9,10,10,8,9,1,2,1,238.932699694153,4,210.2,1.77777777777778,118.2375,-.197242547943389,.909683543055015
988,27,768,8,2,3,8,1,88,1,1,1,1,1,9,7,1,9,7,7,9,9,9,8,7,1,2,1,228.170685931063,4,210.2,1.77777777777778,118.2375,-.197242547943389,.804731436948272
988,27,771,8,1,3,7,1,88,1,3,1,1,4,4,8,4,4,8,7,7,7,7,8,6,1,2,1,147.81591617045,1,210.2,1.77777777777778,118.2375,-.197242547943389,-.29023269408893
988,27,772,8,1,3,7,1,88,1,1,1,1,1,4,7,1,7,7,7,7,8,8,7,6,1,2,1,201.983178523191,3,210.2,1.77777777777778,118.2375,-.197242547943389,-.173238202227931
988,27,776,8,1,3,9,1,88,1,1,2,1,1,3,5,4,6,7,6,7,6,6,9,7,1,2,1,198.889302334715,3,210.2,1.77777777777778,118.2375,-.197242547943389,.0376306585333934
988,27,3867,8,1,2,12,4,1,3,2,2,1,4,3,2,4,99,2,5,33,7,7,33,66,1,2,1,153.613870570197,1,210.2,1.77777777777778,118.2375,-.197242547943389,-1.01479686772622
988,28,742,8,1,3,12,1,88,1,1,1,1,1,99,99,1,6,7,6,7,0,66,8,7,1,2,1,158.584374985538,2,210.2,1.77777777777778,118.2375,-.492446338160144,-.0881710275863618
988,28,744,8,1,3,11,1,88,1,1,2,1,1,4,8,1,5,1,7,7,8,66,8,8,1,2,1,215.429021713273,4,210.2,1.77777777777778,118.2375,-.492446338160144,1.20816839491141
988,28,746,8,1,3,7,1,88,1,1,1,1,1,2,8,1,4,8,6,6,6,6,6,6,1,2,1,187.661055643711,3,210.2,1.77777777777778,118.2375,-.492446338160144,-.605180921787631
988,28,749,8,2,3,9,1,88,1,1,2,1,1,2,8,1,2,2,8,8,9,9,8,8,1,2,1,235.661670928186,4,210.2,1.77777777777778,118.2375,-.492446338160144,-1.67447790315271
988,28,754,8,1,3,7,1,88,1,1,2,1,1,2,8,1,4,2,7,7,8,8,8,8,1,2,1,186.751801862785,3,210.2,1.77777777777778,118.2375,-.492446338160144,-1.11808288532404
988,28,755,8,1,3,6,1,88,1,1,1,1,1,2,8,1,4,7,6,6,5,5,6,6,1,2,1,124.157727667937,1,210.2,1.77777777777778,118.2375,-.492446338160144,-2.57646723736678
988,28,756,8,1,3,1,1,88,1,1,2,1,1,2,8,1,4,7,6,7,7,7,6,6,1,2,1,167.957790341578,2,210.2,1.77777777777778,118.2375,-.492446338160144,-.803134657625335
988,28,757,8,1,3,8,1,88,1,1,2,1,1,2,8,1,4,7,6,5,6,6,5,5,1,2,1,158.584374985538,2,210.2,1.77777777777778,118.2375,-.492446338160144,.667527113930797
988,28,759,8,2,3,10,1,88,1,1,1,1,1,2,8,1,2,7,6,6,5,5,5,6,1,2,1,157.293851873996,2,210.2,1.77777777777778,118.2375,-.492446338160144,-.699848640027521
988,28,761,8,1,3,3,1,88,1,1,1,1,1,4,5,1,9,7,7,6,8,6,7,7,1,2,1,133.972325842708,1,210.2,1.77777777777778,118.2375,-.492446338160144,.594735315356313
988,28,766,8,1,3,9,1,88,1,1,1,1,1,4,8,1,4,8,7,7,7,6,7,7,1,2,1,180.871486981834,2,210.2,1.77777777777778,118.2375,-.492446338160144,.0900251614992073
988,28,769,8,1,3,9,1,88,1,1,2,1,1,2,8,1,2,8,5,6,6,6,7,7,1,2,1,194.131377576185,3,210.2,1.77777777777778,118.2375,-.492446338160144,-1.73978753104214
988,28,770,8,2,4,1,1,88,1,3,1,1,4,3,8,4,3,1,7,6,6,6,6,6,1,2,1,157.984026967,2,210.2,1.77777777777778,118.2375,-.492446338160144,-.101086152509983
988,28,774,8,1,3,8,1,88,1,1,2,1,1,2,8,1,2,8,6,6,5,5,5,5,1,2,1,148.252360096773,1,210.2,1.77777777777778,118.2375,-.492446338160144,-.392402993429346
988,28,775,8,2,3,12,1,88,1,3,1,1,4,2,8,4,2,8,6,6,6,6,7,7,1,2,1,185.354812718047,2,210.2,1.77777777777778,118.2375,-.492446338160144,-.416034380208685
988,28,3150,8,1,3,7,1,88,1,1,2,1,1,4,1,1,4,8,7,7,6,6,7,7,3,2,1,222.301402077163,4,210.2,1.77777777777778,118.2375,-.492446338160144,-.224923066199495
479,191,78,8,1,2,5,1,88,3,1,9,1,1,99,99,1,99,99,0,5,0,5,0,5,1,20,5,149.757714662002,1,78.077380952381,1.54761904761905,50.45,.241052638612705, 
479,191,79,8,2,2,11,1,88,3,1,1,1,1,2,6,1,99,7,0,6,0,5,0,5,1,20,5,147.81591617045,1,78.077380952381,1.54761904761905,50.45,.241052638612705,-.173238202227931
479,191,3450,8,1,3,3,1,88,1,1,2,1,1,4,7,1,9,7,0,6,0,6,0,6,1,20,5,215.261800084824,4,78.077380952381,1.54761904761905,50.45,.241052638612705,-.101086152509983
479,191,3452,8,1,3,6,1,88,1,1,1,1,1,3,6,1,8,3,0,6,0,7,0,7,1,20,5,189.236329322732,3,78.077380952381,1.54761904761905,50.45,.241052638612705,2.49264359331687
479,191,3456,8,1,3,12,1,88,1,1,1,1,1,4,5,1,1,1,0,8,0,7,0,7,1,20,5,239.474218564776,4,78.077380952381,1.54761904761905,50.45,.241052638612705,.250408586891679
479,191,3458,8,1,3,7,1,88,1,1,1,1,1,4,7,1,4,7,0,7,0,8,0,9,1,20,5,195.119607886796,3,78.077380952381,1.54761904761905,50.45,.241052638612705,.312936408014788
479,191,3459,8,2,3,12,1,88,1,1,2,1,1,2,8,1,2,2,0,7,0,6,0,6,1,20,5,195.021578005022,3,78.077380952381,1.54761904761905,50.45,.241052638612705,-.7296332200566
479,191,3460,8,2,3,9,1,88,1,1,2,1,1,2,8,2,4,8,0,7,0,7,0,7,1,20,5,186.751801862785,3,78.077380952381,1.54761904761905,50.45,.241052638612705,.0900251614992073
479,191,3461,8,1,3,1,1,88,1,1,1,1,1,3,8,4,4,7,0,7,0,6,0,7,1,20,5,203.246705123247,3,78.077380952381,1.54761904761905,50.45,.241052638612705,-.329875172306237
479,191,3462,8,1,3,5,1,88,1,1,1,1,2,9,5,1,4,7,0,7,0,8,0,7,1,20,5,190.593814797016,3,78.077380952381,1.54761904761905,50.45,.241052638612705,1.37210007122257
479,191,3463,8,2,4,2,1,88,1,1,1,1,1,9,5,1,99,5,0,7,0,6,0,8,1,20,5,176.543810688997,2,78.077380952381,1.54761904761905,50.45,.241052638612705,.300021283091167
479,191,3465,8,2,3,3,1,88,1,1,1,1,1,4,6,1,4,99,0,8,0,7,0,8,1,20,5,168.302153357127,2,78.077380952381,1.54761904761905,50.45,.241052638612705,1.04308875636366
479,191,3466,8,1,3,6,1,88,1,1,1,1,1,9,7,1,9,7,0,6,0,7,0,8,1,20,5,212.753987203098,3,78.077380952381,1.54761904761905,50.45,.241052638612705,.214477459768176
479,191,3467,8,2,4,1,1,88,1,1,1,1,1,4,8,1,4,8,0,7,0,7,0,6,1,20,5,148.157067712199,1,78.077380952381,1.54761904761905,50.45,.241052638612705,-.539871293898197
479,191,3468,8,1,3,4,1,88,1,1,2,1,1,4,6,1,2,2,0,6,0,5,0,6,1,20,5,174.908745715891,2,78.077380952381,1.54761904761905,50.45,.241052638612705,.614969510789869
479,191,3469,8,2,3,12,1,88,1,1,1,1,1,2,8,1,3,7,0,6,0,5,0,6,1,20,5,181.849967908796,2,78.077380952381,1.54761904761905,50.45,.241052638612705,-1.11808288532404
479,191,3476,8,2,4,1,1,88,1,1,1,1,1,7,3,1,7,7,0,8,0,6,0,6,1,20,5,212.997910158155,3,78.077380952381,1.54761904761905,50.45,.241052638612705, 
479,191,3477,8,1,3,11,1,88,1,1,1,1,1,4,5,4,4,7,0,5,0,6,0,6,1,20,5,219.838134859426,4,78.077380952381,1.54761904761905,50.45,.241052638612705,.0247155336097724
479,191,3478,8,2,3,8,1,88,1,1,1,1,1,9,5,1,4,8,0,5,0,6,0,7,1,20,5,181.006426826421,2,78.077380952381,1.54761904761905,50.45,.241052638612705,.529425687466878
479,191,3479,8,1,3,4,1,88,1,1,1,1,1,4,4,1,9,7,0,7,0,6,0,7,1,20,5,193.748615361374,3,78.077380952381,1.54761904761905,50.45,.241052638612705,.718572229045825
479,191,3480,8,1,3,5,1,88,1,1,1,1,1,4,6,1,4,7,0,6,0,7,0,6,1,20,5,164.694518237865,2,78.077380952381,1.54761904761905,50.45,.241052638612705,.404973389197909
479,191,3481,8,2,3,8,1,88,1,1,2,1,1,2,5,1,4,5,0,8,0,8,0,7,1,20,5,233.241010383997,4,78.077380952381,1.54761904761905,50.45,.241052638612705,-.730982607907387
479,191,3482,8,2,3,6,1,88,1,1,1,1,1,4,6,1,9,7,0,7,0,9,0,7,1,20,5,230.095334182086,4,78.077380952381,1.54761904761905,50.45,.241052638612705,.718572229045825
479,191,3483,8,2,3,12,1,88,1,1,1,1,1,2,6,1,4,4,0,7,0,9,0,8,1,20,5,220.161212943506,4,78.077380952381,1.54761904761905,50.45,.241052638612705,.0900251614992073
479,191,3484,8,2,3,11,1,88,1,1,1,1,1,2,6,1,4,2,0,7,0,7,0,5,1,20,5,136.564740585193,1,78.077380952381,1.54761904761905,50.45,.241052638612705,.0900251614992073
479,192,3448,8,2,3,9,1,88,1,3,9,9,2,99,99,2,5,1,0,8,0,9,0,7,1,20,5,177.458445054569,2,78.077380952381,1.54761904761905,50.45,.489266296465083, 
479,192,3449,8,2,3,4,1,88,1,1,1,1,9,2,6,1,2,6,0,9,0,7,0,8,1,20,5,190.003528473952,3,78.077380952381,1.54761904761905,50.45,.489266296465083,-.7296332200566
479,192,3451,8,1,3,12,1,88,1,1,2,1,1,9,5,1,9,5,0,9,0,8,0,7,1,20,5,175.643834811389,2,78.077380952381,1.54761904761905,50.45,.489266296465083,1.38501519614619
479,192,3453,8,2,3,9,1,88,1,1,2,1,1,2,1,1,4,7,0,7,0,6,0,8,1,20,5,247.14680845765,5,78.077380952381,1.54761904761905,50.45,.489266296465083,-.014926944607535
479,192,3454,8,1,3,9,1,88,1,1,2,1,1,4,5,1,7,5,0,6,0,8,0,6,1,20,5,183.000117273052,2,78.077380952381,1.54761904761905,50.45,.489266296465083,.942832863412192
479,192,3455,8,1,3,10,1,88,1,1,1,1,1,9,5,1,9,7,0,7,0,6,0,7,1,20,5,173.997587355537,2,78.077380952381,1.54761904761905,50.45,.489266296465083,1.43462789234568
479,192,3457,8,1,3,11,1,88,1,1,9,9,1,2,6,1,4,2,0,6,0,6,0,6,1,20,5,194.131377576185,3,78.077380952381,1.54761904761905,50.45,.489266296465083,-.29023269408893
479,192,3464,8,1,3,3,1,88,1,1,2,1,1,99,99,1,99,99,0,7,0,8,0,8,1,20,5,186.194707339138,3,78.077380952381,1.54761904761905,50.45,.489266296465083,-.101086152509983
479,192,3470,8,2,3,1,1,88,1,1,1,1,1,4,9,1,11,5,0,9,0,6,0,7,1,20,5,180.54704763707,2,78.077380952381,1.54761904761905,50.45,.489266296465083,1.19745213305569
479,192,3471,8,2,3,12,1,88,1,1,2,1,1,9,7,1,4,5,0,9,0,8,0,8,1,20,5,227.85501070611,4,78.077380952381,1.54761904761905,50.45,.489266296465083,1.03352045674453
479,192,3472,8,2,3,9,1,88,1,1,1,1,1,2,6,1,3,8,0,7,0,6,0,6,1,20,5,154.636050733511,1,78.077380952381,1.54761904761905,50.45,.489266296465083,.41788851412153
479,192,3473,8,2,3,9,1,88,1,1,1,1,1,2,6,2,4,5,0,8,0,7,0,7,1,20,5,182.660456148829,2,78.077380952381,1.54761904761905,50.45,.489266296465083,-.730982607907387
479,192,3474,8,2,3,6,1,88,1,1,1,1,1,4,7,1,4,7,0,8,0,7,0,6,1,20,5,158.366154333268,2,78.077380952381,1.54761904761905,50.45,.489266296465083,.614969510789869
479,192,3475,8,1,3,10,1,88,1,1,1,1,1,1,8,1,2,2,0,6,0,6,0,6,1,20,5,172.144467657483,2,78.077380952381,1.54761904761905,50.45,.489266296465083,-1.23569276176449
479,192,3485,8,1,3,10,1,88,1,1,2,1,1,2,4,1,9,4,0,6,0,7,0,6,1,20,5,121.986922678729,1,78.077380952381,1.54761904761905,50.45,.489266296465083, 
479,192,3486,8,1,3,10,1,88,1,1,1,1,1,9,4,1,10,4,0,8,0,7,0,6,1,20,5,153.393119642622,1,78.077380952381,1.54761904761905,50.45,.489266296465083,1.70351167476358
479,192,3557,8,2,3,6,1,88,1,1,1,1,1,4,5,1,7,7,0,8,0,6,0,6,1,20,5,202.164670218052,3,78.077380952381,1.54761904761905,50.45,.489266296465083,1.71173058653192
1061,185,8,8,1,2,11,1,88,3,1,2,1,1,2,8,1,2,2,0,6,0,5,0,5,1,19,5,181.006426826421,2,178.405405405405,3.59459459459459,49.6315789473684,-.445937240238553,-.605180921787631
1061,185,588,8,2,3,5,1,88,1,1,9,9,1,2,8,1,4,7,0,8,0,9,0,9,1,19,5,206.188152021854,3,178.405405405405,3.59459459459459,49.6315789473684,-.445937240238553,-1.359529675454
1061,185,589,8,2,3,9,1,88,1,1,2,1,1,2,6,1,4,6,0,9,0,9,0,8,1,19,5,217.819842812645,4,178.405405405405,3.59459459459459,49.6315789473684,-.445937240238553,-.101086152509983
1061,185,591,8,2,3,5,1,88,1,1,2,1,1,2,8,1,4,7,0,7,0,5,0,6,1,19,5,149.395129631806,1,178.405405405405,3.59459459459459,49.6315789473684,-.445937240238553,.339663761308474
1061,185,592,8,2,3,2,1,88,1,1,9,9,1,2,6,1,2,6,0,7,0,5,0,6,1,19,5,142.781500181655,1,178.405405405405,3.59459459459459,49.6315789473684,-.445937240238553,-1.98023357017568
1061,185,593,8,1,3,6,1,88,1,1,1,1,1,4,6,1,4,6,0,9,0,9,0,9,1,19,5,231.847466827592,4,178.405405405405,3.59459459459459,49.6315789473684,-.445937240238553,.300021283091167
1061,185,595,8,1,3,7,1,88,1,1,9,1,1,3,8,1,7,7,0,8,0,6,0,6,1,19,5,143.946270942427,1,178.405405405405,3.59459459459459,49.6315789473684,-.445937240238553,.718572229045825
1061,185,603,8,2,3,10,1,88,1,1,2,1,1,4,7,1,6,7,0,8,0,7,0,7,1,19,5,186.117187524687,3,178.405405405405,3.59459459459459,49.6315789473684,-.445937240238553,.804731436948272
1061,185,604,8,2,3,5,1,88,1,1,2,1,1,4,7,1,4,7,0,8,0,6,0,8,1,19,5,198.739982470452,3,178.405405405405,3.59459459459459,49.6315789473684,-.445937240238553,.250408586891679
1061,185,610,8,2,4,3,1,88,1,1,2,1,1,4,8,1,4,2,0,9,0,9,0,9,1,19,5,232.950779570475,4,178.405405405405,3.59459459459459,49.6315789473684,-.445937240238553,-.539871293898197
1061,185,611,8,2,4,1,1,88,1,1,2,1,1,2,8,1,2,2,0,6,0,5,0,6,1,19,5,168.320450604413,2,178.405405405405,3.59459459459459,49.6315789473684,-.445937240238553,-1.97255667574595
1061,185,3387,8,2,3,5,1,88,1,1,1,1,1,2,8,1,2,8,0,7,0,5,0,6,1,19,5,144.298612844661,1,178.405405405405,3.59459459459459,49.6315789473684,-.445937240238553,-.290848078668386
1061,185,3388,8,1,3,9,1,88,1,1,2,1,1,2,99,1,2,2,0,7,0,5,0,6,1,19,5,207.890736844594,3,178.405405405405,3.59459459459459,49.6315789473684,-.445937240238553,-.479994620247333
1061,185,3389,8,1,3,10,1,88,1,1,1,1,1,2,8,1,1,2,0,7,0,7,0,7,1,19,5,159.715090366888,2,178.405405405405,3.59459459459459,49.6315789473684,-.445937240238553,-1.55064098946319
1061,185,3390,8,2,3,6,1,88,1,1,9,1,1,3,8,1,2,2,0,7,0,5,0,6,1,19,5,189.397180287251,3,178.405405405405,3.59459459459459,49.6315789473684,-.445937240238553,-.101086152509983
1061,185,3392,8,1,3,10,1,88,1,1,1,1,1,4,6,9,99,99,0,6,0,7,0,6,1,19,5,162.235128298582,2,178.405405405405,3.59459459459459,49.6315789473684,-.445937240238553, 
1061,186,587,8,1,3,3,1,88,1,1,2,1,1,2,8,1,2,2,0,6,0,7,0,6,2,19,5,208.608015416367,3,178.405405405405,3.59459459459459,49.6315789473684,.178129082732183,-1.359529675454
1061,186,590,8,2,3,9,1,88,1,1,9,1,1,4,6,1,9,7,0,6,0,7,0,6,2,19,5,212.997910158155,3,178.405405405405,3.59459459459459,49.6315789473684,.178129082732183, 
1061,186,594,8,2,3,6,1,88,1,1,1,1,1,4,8,1,2,2,0,5,0,6,0,6,2,19,5,203.423890304769,3,178.405405405405,3.59459459459459,49.6315789473684,.178129082732183,.0900251614992073
1061,186,596,8,1,3,5,1,88,1,1,2,1,1,4,7,1,7,7,0,5,0,7,0,7,2,19,5,137.037210715251,1,178.405405405405,3.59459459459459,49.6315789473684,.178129082732183,.896768418131394
1061,186,597,8,1,3,1,1,88,1,1,1,1,1,2,1,1,2,1,0,6,0,5,0,5,2,19,5,131.854739578627,1,178.405405405405,3.59459459459459,49.6315789473684,.178129082732183,-1.67447790315271
1061,186,598,8,2,4,2,1,88,1,1,2,1,1,2,6,1,4,6,0,8,0,9,0,7,2,19,5,212.807948766269,3,178.405405405405,3.59459459459459,49.6315789473684,.178129082732183,.300021283091167
1061,186,599,8,1,3,12,1,88,1,1,1,1,1,4,5,1,4,7,0,6,0,7,0,8,2,19,5,207.662695152105,3,178.405405405405,3.59459459459459,49.6315789473684,.178129082732183,-.101086152509983
1061,186,600,8,2,3,9,1,88,1,1,2,1,1,4,1,1,4,2,0,5,0,6,0,6,2,19,5,199.275740666392,3,178.405405405405,3.59459459459459,49.6315789473684,.178129082732183,.0900251614992073
1061,186,601,8,1,3,7,1,88,1,1,9,1,2,4,7,1,4,7,0,9,0,9,0,9,2,19,5,234.609075508831,4,178.405405405405,3.59459459459459,49.6315789473684,.178129082732183,.0247155336097724
1061,186,602,8,1,3,8,1,88,1,1,9,1,1,4,4,1,2,99,0,5,0,5,0,6,2,19,5,173.997587355537,2,178.405405405405,3.59459459459459,49.6315789473684,.178129082732183,.909683543055015
1061,186,605,8,1,3,3,1,88,1,1,1,1,1,9,5,1,9,7,0,8,0,9,0,9,2,19,5,274.757236417311,5,178.405405405405,3.59459459459459,49.6315789473684,.178129082732183,1.03352045674453
1061,186,606,8,2,3,7,1,88,1,1,1,1,1,2,99,1,9,7,0,7,0,7,0,6,2,19,5,208.325994839857,3,178.405405405405,3.59459459459459,49.6315789473684,.178129082732183,.594735315356313
1061,186,607,8,1,3,11,1,88,1,1,1,1,1,2,6,1,1,1,0,5,0,6,0,5,2,19,5,174.908745715891,2,178.405405405405,3.59459459459459,49.6315789473684,.178129082732183,-.329875172306237
1061,186,608,8,2,3,6,1,88,1,1,1,1,1,7,7,1,2,7,0,7,0,8,0,7,2,19,5,199.624862841315,3,178.405405405405,3.59459459459459,49.6315789473684,.178129082732183,1.05600388128728
1061,186,609,8,1,3,9,1,88,1,1,1,1,1,2,6,1,2,1,0,5,0,7,0,7,2,19,5,190.872126369693,3,178.405405405405,3.59459459459459,49.6315789473684,.178129082732183,-.92074453406579
1061,186,3384,8,1,3,11,1,88,1,1,1,1,1,2,4,1,4,1,0,6,0,6,0,8,2,19,5,224.736723184685,4,178.405405405405,3.59459459459459,49.6315789473684,.178129082732183,.528810302887421
1061,186,3385,8,2,3,10,1,88,1,1,2,1,1,4,4,1,4,2,0,8,0,8,0,6,2,19,5,206.49960639662,3,178.405405405405,3.59459459459459,49.6315789473684,.178129082732183,1.04778496951893
1061,186,3386,8,1,3,5,1,88,1,1,1,1,1,4,4,1,4,4,0,7,0,7,0,7,2,19,5,233.241010383997,4,178.405405405405,3.59459459459459,49.6315789473684,.178129082732183,.929917738488571
1061,186,3391,8,1,4,2,1,88,1,1,1,1,1,4,7,1,4,7,0,7,0,8,0,7,2,19,5,210.293848278452,3,178.405405405405,3.59459459459459,49.6315789473684,.178129082732183,.0900251614992073
1061,186,3393,8,1,3,3,1,88,1,1,1,1,1,9,7,4,4,7,0,7,0,9,0,7,2,19,5,217.72987054248,4,178.405405405405,3.59459459459459,49.6315789473684,.178129082732183, 
1061,186,3819,8,1,2,8,4,99,3,9,9,9,9,99,99,4,99,99,0,5,0,6,0,6,2,19,5,149.757714662002,1,178.405405405405,3.59459459459459,49.6315789473684,.178129082732183, 
1062,187,3401,8,1,3,3,1,88,1,1,2,1,1,2,8,1,2,8,0,6,0,5,0,6,1,19,5,180.805916253718,2,206.28125,1.46875,140.446808510638,-.241550131902392,-.920129149486334
1062,187,3403,8,1,3,7,1,88,1,1,2,1,1,2,8,1,4,7,0,6,0,6,0,7,1,19,5,153.035119386718,1,206.28125,1.46875,140.446808510638,-.241550131902392,1.86389510015605
1062,187,3404,8,2,3,5,1,88,1,1,2,1,1,3,4,1,4,4,0,9,0,8,0,8,1,19,5,181.006426826421,2,206.28125,1.46875,140.446808510638,-.241550131902392,.929917738488571
1062,187,3405,8,2,3,6,1,88,1,1,2,1,1,4,7,1,4,99,0,8,0,7,0,8,1,19,5,194.977645031822,3,206.28125,1.46875,140.446808510638,-.241550131902392,-1.32638035509683
1062,187,3406,8,2,3,10,1,88,1,1,2,1,1,4,7,1,4,7,0,9,0,8,0,9,1,19,5,205.380081543092,3,206.28125,1.46875,140.446808510638,-.241550131902392,1.43462789234568
1062,187,3408,8,1,3,10,1,88,1,1,2,1,1,4,7,1,4,7,0,8,0,8,0,7,1,19,5,193.73738081401,3,206.28125,1.46875,140.446808510638,-.241550131902392,-1.359529675454
1062,187,3409,8,2,4,4,1,88,1,1,2,1,1,4,6,1,4,2,0,9,0,7,0,9,1,19,5,197.696847883919,3,206.28125,1.46875,140.446808510638,-.241550131902392,-.743282348251551
1062,187,3410,8,1,3,4,1,88,1,1,2,1,1,4,6,1,4,6,0,7,0,5,0,8,1,19,5,183.382905379844,2,206.28125,1.46875,140.446808510638,-.241550131902392,-1.04593083560609
1062,187,3412,8,2,3,12,1,88,1,1,2,1,1,2,6,2,2,6,0,6,0,5,0,7,1,19,5,153.316726275745,1,206.28125,1.46875,140.446808510638,-.241550131902392,-1.30784481148244
1062,187,3414,8,2,3,12,1,88,1,1,9,1,1,99,99,1,99,99,0,6,0,7,0,7,1,19,5,153.752276880273,1,206.28125,1.46875,140.446808510638,-.241550131902392,.41788851412153
1062,187,3415,8,1,3,12,1,88,1,1,9,1,1,4,8,1,4,8,0,6,0,5,0,7,1,19,5,172.815196660325,2,206.28125,1.46875,140.446808510638,-.241550131902392,.581820190432692
1062,187,3419,8,2,3,4,1,88,1,1,9,1,1,3,6,1,2,6,0,7,0,5,0,6,1,19,5,173.282938619151,2,206.28125,1.46875,140.446808510638,-.241550131902392,-.743897732831008
1062,187,3421,8,1,3,5,1,88,1,1,9,1,1,4,7,1,9,7,0,8,0,7,0,8,1,19,5,233.350991851138,4,206.28125,1.46875,140.446808510638,-.241550131902392,1.43462789234568
1062,187,3423,8,2,4,3,1,88,1,1,9,1,1,1,8,1,4,8,0,6,0,5,0,6,1,19,5,167.957790341578,2,206.28125,1.46875,140.446808510638,-.241550131902392,-.29023269408893
1062,187,3424,8,1,3,11,1,88,1,1,9,1,1,1,1,1,1,2,0,5,0,5,0,6,1,19,5,186.194707339138,3,206.28125,1.46875,140.446808510638,-.241550131902392,-.920129149486334
1062,187,3787,8,1,3,10,2,99,1,9,9,9,9,99,99,9,99,99,0,5,0,5,0,6,1,19,5,172.198447109038,2,206.28125,1.46875,140.446808510638,-.241550131902392,-2.46435170467943
1062,187,3827,8,2,2,3,4,10,3,9,2,2,9,99,99,9,99,99,0,5,0,5,0,5,1,19,5,137.484663763196,1,206.28125,1.46875,140.446808510638,-.241550131902392,.352578886232095
1062,188,3397,8,1,3,1,1,88,1,1,2,1,1,1,1,1,2,1,0,7,0,6,0,6,1,19,5,148.138101184659,1,206.28125,1.46875,140.446808510638,.160971918083995,-.488186429926633
1062,188,3398,8,2,3,7,1,88,1,1,2,1,1,99,5,1,99,5,0,7,0,6,0,5,1,19,5,198.364787101001,3,206.28125,1.46875,140.446808510638,.160971918083995,-.363024492663414
1062,188,3399,8,2,3,3,1,88,1,1,2,1,1,4,7,1,9,7,0,9,0,9,0,9,1,19,5,239.474218564776,4,206.28125,1.46875,140.446808510638,.160971918083995,-.329875172306237
1062,188,3400,8,2,4,1,1,88,1,1,2,1,1,4,6,1,4,6,0,9,0,8,0,7,1,19,5,212.377384947866,3,206.28125,1.46875,140.446808510638,.160971918083995,.0247155336097724
1062,188,3402,8,2,3,8,1,88,1,1,2,1,1,2,1,1,4,1,0,6,0,6,0,5,1,19,5,167.957790341578,2,206.28125,1.46875,140.446808510638,.160971918083995,.528810302887421
1062,188,3407,8,1,3,7,1,88,1,1,2,1,1,4,7,1,4,7,0,9,0,9,0,8,1,19,5,234.562126743377,4,206.28125,1.46875,140.446808510638,.160971918083995,-.730982607907387
1062,188,3411,8,1,4,2,1,88,1,1,2,1,1,2,6,1,4,6,0,6,0,6,0,5,1,19,5,158.450255093829,2,206.28125,1.46875,140.446808510638,.160971918083995,.578271939514002
1062,188,3413,8,1,3,9,1,88,1,1,9,9,1,4,7,1,4,2,0,8,0,7,0,5,1,19,5,194.422876193104,3,206.28125,1.46875,140.446808510638,.160971918083995,.413192300966251
1062,188,3416,8,2,3,6,1,88,1,1,9,1,1,2,6,1,3,6,0,9,0,9,0,8,1,19,5,206.49960639662,3,206.28125,1.46875,140.446808510638,.160971918083995,.312936408014788
1062,188,3417,8,1,3,8,1,88,1,1,9,1,1,2,6,1,4,6,0,10,0,9,0,9,1,19,5,227.85501070611,4,206.28125,1.46875,140.446808510638,.160971918083995,.300021283091167
1062,188,3418,8,2,3,3,1,88,1,1,9,1,1,2,6,1,2,6,0,6,0,6,0,5,1,19,5,196.340823620549,3,206.28125,1.46875,140.446808510638,.160971918083995,-.794942847946035
1062,188,3420,8,2,3,8,1,88,1,1,9,1,1,2,8,3,2,8,0,8,0,8,0,6,1,19,5,201.841492220508,3,206.28125,1.46875,140.446808510638,.160971918083995,.41788851412153
1062,188,3422,8,2,3,5,1,88,1,1,9,1,1,99,99,1,99,99,0,8,0,7,0,5,1,19,5,183.382905379844,2,206.28125,1.46875,140.446808510638,.160971918083995,1.03352045674453
1062,188,3425,8,1,3,4,1,88,1,1,2,1,1,9,99,1,9,2,0,9,0,9,0,8,1,19,5,215.48914782235,4,206.28125,1.46875,140.446808510638,.160971918083995,1.02060533182091
1062,188,3744,8,1,3,1,3,5,1,2,2,2,3,99,99,3,99,99,0,5,0,5,0,5,1,19,5,181.849967908796,2,206.28125,1.46875,140.446808510638,.160971918083995,.942832863412192
1060,183,612,8,1,4,1,1,88,1,1,1,1,9,2,1,1,99,99,0,6,0,6,0,4,4,19,5,168.556417885604,2,169.25641025641,1.64102564102564,103.140625,-.25434574879484,-.539871293898197
1060,183,3340,8,1,3,8,1,88,1,1,1,1,1,2,8,2,2,2,0,6,0,4,0,5,4,19,5,156.531432132322,1,169.25641025641,1.64102564102564,103.140625,-.25434574879484,-.730982607907387
1060,183,3341,8,2,3,9,1,88,1,1,1,1,1,3,8,1,2,2,0,5,0,6,0,5,4,19,5,179.911102753623,2,169.25641025641,1.64102564102564,103.140625,-.25434574879484,-2.56355211244316
1060,183,3343,8,2,3,10,1,88,1,1,1,1,1,4,5,1,4,2,0,7,0,8,0,8,4,19,5,172.815196660325,2,169.25641025641,1.64102564102564,103.140625,-.25434574879484,.413192300966251
1060,183,3344,8,2,4,2,1,88,1,1,1,1,1,5,99,1,5,2,0,8,0,6,0,8,4,19,5,207.842779127088,3,169.25641025641,1.64102564102564,103.140625,-.25434574879484,-1.05884596052971
1060,183,3345,8,1,3,11,1,88,1,1,2,1,1,4,6,1,4,7,0,7,0,7,0,7,4,19,5,172.266093160242,2,169.25641025641,1.64102564102564,103.140625,-.25434574879484,.141710025470771
1060,183,3346,8,1,3,11,1,88,1,1,2,1,1,4,4,1,4,2,0,9,0,8,0,9,4,19,5,241.051579929341,4,169.25641025641,1.64102564102564,103.140625,-.25434574879484,2.3287119170057
1060,183,3349,8,2,3,11,1,88,1,1,2,1,1,2,8,1,2,6,0,7,0,7,0,7,4,19,5,223.078265484136,4,169.25641025641,1.64102564102564,103.140625,-.25434574879484,.110259356932764
1060,183,3353,8,1,3,12,1,88,1,1,2,1,1,2,8,1,3,1,0,7,0,6,0,6,4,19,5,206.49960639662,3,169.25641025641,1.64102564102564,103.140625,-.25434574879484,-1.05884596052971
1060,183,3354,8,1,3,8,1,88,1,1,2,1,1,2,7,1,4,8,0,8,0,8,0,6,4,19,5,158.489739673132,2,169.25641025641,1.64102564102564,103.140625,-.25434574879484,.378409136079337
1060,183,3356,8,2,3,5,9,99,1,9,9,9,9,99,99,9,99,99,0,7,0,5,0,5,4,19,5,115.315912484084,1,169.25641025641,1.64102564102564,103.140625,-.25434574879484, 
1060,183,3360,8,1,3,12,1,88,1,1,1,1,1,4,6,1,4,7,0,7,0,7,0,6,4,19,5,227.665111014356,4,169.25641025641,1.64102564102564,103.140625,-.25434574879484, 
1060,183,3361,8,1,3,11,1,88,1,1,2,1,1,2,6,1,4,7,0,9,0,9,0,8,4,19,5,189.236329322732,3,169.25641025641,1.64102564102564,103.140625,-.25434574879484,-.416034380208685
1060,183,3362,8,2,3,2,1,88,1,1,2,1,1,2,1,1,4,1,0,9,0,9,0,9,4,19,5,218.084214589063,4,169.25641025641,1.64102564102564,103.140625,-.25434574879484,.214477459768176
1060,183,3364,8,2,3,2,1,88,1,1,9,1,1,2,8,1,2,2,0,9,0,8,0,9,4,19,5,213.286742768821,3,169.25641025641,1.64102564102564,103.140625,-.25434574879484,-1.359529675454
1060,183,3365,8,2,3,1,1,88,1,1,9,1,1,2,6,1,4,1,0,6,0,6,0,6,4,19,5,176.811647048498,2,169.25641025641,1.64102564102564,103.140625,-.25434574879484,.0900251614992073
1060,183,3366,8,1,3,8,1,88,1,1,2,1,1,2,8,1,4,6,0,6,0,6,0,6,4,19,5,215.261800084824,4,169.25641025641,1.64102564102564,103.140625,-.25434574879484,-1.11808288532404
1060,183,3373,8,1,3,6,1,88,1,1,2,1,1,2,6,1,4,7,0,8,0,7,0,7,4,19,5,173.997587355537,2,169.25641025641,1.64102564102564,103.140625,-.25434574879484,-.014926944607535
1060,183,3374,8,1,3,11,1,88,1,1,2,1,1,2,8,1,4,8,0,6,0,7,0,5,4,19,5,148.925198793746,1,169.25641025641,1.64102564102564,103.140625,-.25434574879484,-.186153327151552
1060,183,3375,8,1,3,8,1,88,1,1,1,1,1,2,6,1,4,6,0,8,0,8,0,8,4,19,5,189.542719515865,3,169.25641025641,1.64102564102564,103.140625,-.25434574879484,.791816312024651
1060,184,3337,8,2,3,5,1,88,1,1,9,9,1,99,99,1,99,99,0,9,0,7,0,8,4,19,5,222.405814491397,4,169.25641025641,1.64102564102564,103.140625,-.0624063683230368,.48978320924957
1060,184,3342,8,1,3,11,1,88,1,1,9,1,1,1,6,1,2,1,0,6,0,4,0,5,4,19,5,167.712259013376,2,169.25641025641,1.64102564102564,103.140625,-.0624063683230368,-.099736764659196
1060,184,3347,8,2,3,1,1,88,1,1,9,1,1,2,7,1,2,2,0,6,0,4,0,5,4,19,5,173.997587355537,2,169.25641025641,1.64102564102564,103.140625,-.0624063683230368,-.86773464652052
1060,184,3348,8,1,3,9,1,88,1,1,1,9,1,2,6,1,3,2,0,7,0,5,0,6,4,19,5,162.143588116028,2,169.25641025641,1.64102564102564,103.140625,-.0624063683230368,.469573378093093
1060,184,3350,8,2,3,7,1,88,1,1,9,1,1,2,99,1,2,1,0,7,0,6,0,7,4,19,5,195.021578005022,3,169.25641025641,1.64102564102564,103.140625,-.0624063683230368,-1.73978753104214
1060,184,3351,8,1,3,4,1,88,1,1,9,1,1,3,8,1,3,4,0,7,0,5,0,5,4,19,5,166.567656088987,2,169.25641025641,1.64102564102564,103.140625,-.0624063683230368,-.488186429926633
1060,184,3352,8,1,3,4,1,88,1,1,2,1,1,2,6,4,2,2,0,7,0,6,0,6,4,19,5,171.946528739054,2,169.25641025641,1.64102564102564,103.140625,-.0624063683230368,-.101086152509983
1060,184,3355,8,1,3,12,1,88,1,1,1,1,1,5,4,1,4,7,0,8,0,8,0,8,4,19,5,193.301721135549,3,169.25641025641,1.64102564102564,103.140625,-.0624063683230368,.22677720011234
1060,184,3357,8,1,3,12,1,88,1,1,1,1,1,99,5,1,99,7,0,9,0,9,0,8,4,19,5,254.193742926772,5,169.25641025641,1.64102564102564,103.140625,-.0624063683230368,1.43462789234568
1060,184,3358,8,2,3,4,1,88,1,1,1,1,1,4,5,1,3,6,0,7,0,6,0,9,4,19,5,266.854679240469,5,169.25641025641,1.64102564102564,103.140625,-.0624063683230368,-.605796306367088
1060,184,3359,8,1,3,2,1,88,1,1,2,1,1,4,6,1,99,5,0,9,0,9,0,7,4,19,5,257.870056916923,5,169.25641025641,1.64102564102564,103.140625,-.0624063683230368,.718572229045825
1060,184,3363,8,1,3,4,1,88,1,1,1,1,1,99,7,1,99,7,0,7,0,6,0,6,4,19,5,217.71879833412,4,169.25641025641,1.64102564102564,103.140625,-.0624063683230368,.705657104122204
1060,184,3367,8,2,3,3,1,88,1,1,2,1,1,2,1,2,2,2,0,7,0,7,0,7,4,19,5,149.159118687254,1,169.25641025641,1.64102564102564,103.140625,-.0624063683230368,-.618096046711253
1060,184,3368,8,1,3,9,1,88,1,1,2,1,1,2,6,1,2,2,0,9,0,10,0,8,4,19,5,271.563460212923,5,169.25641025641,1.64102564102564,103.140625,-.0624063683230368,-.92074453406579
1060,184,3369,8,2,3,3,1,88,1,1,1,1,1,4,5,1,4,7,0,8,0,7,0,8,4,19,5,182.660456148829,2,169.25641025641,1.64102564102564,103.140625,-.0624063683230368,.929917738488571
1060,184,3370,8,2,3,11,1,88,1,1,2,1,1,2,1,1,4,7,0,7,0,6,0,6,4,19,5,214.76197012002,4,169.25641025641,1.64102564102564,103.140625,-.0624063683230368,-.605180921787631
1060,184,3371,8,1,3,3,1,88,1,1,2,1,1,4,8,1,4,8,0,7,0,7,0,7,4,19,5,231.847466827592,4,169.25641025641,1.64102564102564,103.140625,-.0624063683230368,.578271939514002
1060,184,3372,8,2,3,8,1,88,1,1,2,1,1,2,8,1,4,7,0,6,0,6,0,8,4,19,5,172.198447109038,2,169.25641025641,1.64102564102564,103.140625,-.0624063683230368,-.224923066199495
1060,184,3376,8,1,3,5,1,88,1,1,1,1,1,2,1,1,2,6,0,8,0,7,0,7,4,19,5,210.911655914758,3,169.25641025641,1.64102564102564,103.140625,-.0624063683230368,-.428949505132306
984,13,568,8,1,3,11,1,88,1,1,9,9,1,99,99,1,99,99,0,7,0,8,0,7,1,19,5,161.964592966565,2,194.147058823529,6.79411764705882,28.5757575757576,.105220429576825,-1.51950702158333
984,13,569,8,1,3,5,1,88,1,1,9,9,1,99,7,1,99,2,0,7,0,8,0,10,1,19,5,241.135659344576,4,194.147058823529,6.79411764705882,28.5757575757576,.105220429576825,-1.23569276176449
984,13,571,8,1,4,4,1,88,1,1,9,9,1,99,8,1,99,2,0,6,0,5,0,6,1,19,5,173.032778292153,2,194.147058823529,6.79411764705882,28.5757575757576,.105220429576825, 
984,13,572,8,1,3,2,3,99,1,1,9,9,3,4,5,1,99,99,0,5,0,5,0,5,1,19,5,180.871486981834,2,194.147058823529,6.79411764705882,28.5757575757576,.105220429576825,-.920129149486334
984,13,580,8,2,4,1,1,88,1,1,9,9,1,99,99,1,99,7,0,7,0,5,0,6,1,19,5,170.390988308622,2,194.147058823529,6.79411764705882,28.5757575757576,.105220429576825,-.173238202227931
984,13,581,8,2,3,4,2,99,1,9,9,9,9,99,99,1,99,7,0,6,0,5,0,5,1,19,5,136.564740585193,1,194.147058823529,6.79411764705882,28.5757575757576,.105220429576825,.880305042289083
984,13,583,8,1,3,8,1,88,1,1,9,9,1,99,99,1,99,99,0,8,0,7,0,8,1,19,5,241.051579929341,4,194.147058823529,6.79411764705882,28.5757575757576,.105220429576825,.0900251614992073
984,13,584,8,1,3,10,1,88,1,1,9,9,1,99,7,1,99,7,0,6,0,5,0,6,1,19,5,154.164923126287,1,194.147058823529,6.79411764705882,28.5757575757576,.105220429576825,-.92074453406579
984,13,585,8,2,3,10,1,88,1,1,9,9,1,99,1,1,99,99,0,6,0,5,0,6,1,19,5,149.665958706336,1,194.147058823529,6.79411764705882,28.5757575757576,.105220429576825,-.730982607907387
984,13,586,8,2,3,4,1,88,1,1,9,9,1,99,5,1,99,1,0,7,0,6,0,6,1,19,5,190.650482815879,3,194.147058823529,6.79411764705882,28.5757575757576,.105220429576825,.929917738488571
984,13,3339,8,2,3,12,1,88,1,1,9,9,1,99,7,1,99,5,0,8,0,5,0,7,1,19,5,185.37221088165,2,194.147058823529,6.79411764705882,28.5757575757576,.105220429576825,1.03352045674453
984,13,3394,8,1,3,4,1,88,1,1,9,9,1,99,99,1,99,99,0,7,0,7,0,7,1,19,5,170.678433237597,2,194.147058823529,6.79411764705882,28.5757575757576,.105220429576825,-.794942847946035
984,13,3426,8,1,3,8,1,88,1,1,9,9,1,99,7,1,99,7,0,8,0,7,0,6,1,19,5,228.170685931063,4,194.147058823529,6.79411764705882,28.5757575757576,.105220429576825,1.69996342384489
984,13,3428,8,2,3,7,1,88,1,1,9,9,1,99,5,1,99,7,0,9,0,9,0,9,1,19,5,248.203959546872,5,194.147058823529,6.79411764705882,28.5757575757576,.105220429576825,1.43462789234568
984,13,3429,8,2,3,7,1,88,1,1,9,9,1,99,7,1,99,7,0,7,0,8,0,6,1,19,5,224.897275345054,4,194.147058823529,6.79411764705882,28.5757575757576,.105220429576825,1.69996342384489
984,14,570,8,1,4,3,1,88,1,1,9,9,1,99,99,1,99,99,0,7,0,6,0,6,1,19,5,190.450593717614,3,194.147058823529,6.79411764705882,28.5757575757576,.601688970320814,-.730982607907387
984,14,573,8,2,3,12,1,88,1,1,9,9,1,99,7,1,99,2,0,9,0,9,0,10,1,19,5,229.964604589847,4,194.147058823529,6.79411764705882,28.5757575757576,.601688970320814,.214477459768176
984,14,574,8,1,3,10,1,88,1,1,9,9,1,99,5,1,99,5,0,8,0,9,0,10,1,19,5,248.112494556655,5,194.147058823529,6.79411764705882,28.5757575757576,.601688970320814,1.69996342384489
984,14,575,8,2,4,5,1,88,1,1,9,9,1,99,99,1,99,2,0,9,0,9,0,10,1,19,5,244.456302896734,5,194.147058823529,6.79411764705882,28.5757575757576,.601688970320814,1.03352045674453
984,14,576,8,1,3,10,1,88,1,1,9,9,1,99,99,1,99,99,0,7,0,6,0,6,1,19,5,180.54704763707,2,194.147058823529,6.79411764705882,28.5757575757576,.601688970320814,.528810302887421
984,14,577,8,1,4,4,1,88,1,1,9,9,1,99,5,1,99,2,0,6,0,5,0,5,1,19,5,132.238090449328,1,194.147058823529,6.79411764705882,28.5757575757576,.601688970320814,1.59855956865684
984,14,578,8,1,3,9,1,88,1,1,9,9,1,99,5,1,99,2,0,7,0,7,0,5,1,19,5,195.039872279547,3,194.147058823529,6.79411764705882,28.5757575757576,.601688970320814,.667527113930797
984,14,579,8,1,4,2,1,88,1,1,9,9,1,99,99,1,99,7,0,7,0,7,0,7,1,19,5,206.49960639662,3,194.147058823529,6.79411764705882,28.5757575757576,.601688970320814,1.34846868444323
984,14,582,8,2,3,7,1,88,1,1,9,9,1,99,99,1,99,2,0,8,0,8,0,9,1,19,5,181.650828368601,2,194.147058823529,6.79411764705882,28.5757575757576,.601688970320814,.602054385866248
984,14,3377,8,1,3,2,1,88,1,1,9,9,1,99,99,1,99,2,0,7,0,6,0,7,1,19,5,203.600791430613,3,194.147058823529,6.79411764705882,28.5757575757576,.601688970320814,.213862075188719
984,14,3378,8,1,3,9,1,88,1,1,9,9,1,99,7,1,99,2,0,8,0,9,0,9,1,19,5,181.006426826421,2,194.147058823529,6.79411764705882,28.5757575757576,.601688970320814,-.790219532701715
984,14,3379,8,1,3,7,1,88,1,1,9,9,1,99,7,1,99,99,0,8,0,6,0,8,1,19,5,210.961577231955,3,194.147058823529,6.79411764705882,28.5757575757576,.601688970320814,.719921616896611
984,14,3380,8,1,3,3,1,88,1,1,9,9,1,99,7,1,99,7,0,8,0,8,0,9,1,19,5,219.656309142267,4,194.147058823529,6.79411764705882,28.5757575757576,.601688970320814,.213862075188719
984,14,3381,8,1,4,3,1,88,1,1,9,9,1,99,7,1,99,7,0,9,0,10,0,10,1,19,5,247.14680845765,5,194.147058823529,6.79411764705882,28.5757575757576,.601688970320814,1.4014785719885
984,14,3382,8,1,3,8,1,88,1,1,9,9,1,99,5,1,99,99,0,7,0,6,0,7,1,19,5,120.535539678932,1,194.147058823529,6.79411764705882,28.5757575757576,.601688970320814,.541725427811042
984,14,3383,8,1,3,9,1,88,1,1,9,9,1,99,7,1,99,5,0,7,0,6,0,6,1,19,5,186.066148174969,3,194.147058823529,6.79411764705882,28.5757575757576,.601688970320814,1.58564444373322
984,14,3395,8,2,3,8,1,88,1,1,9,9,1,99,8,1,99,7,0,9,0,8,0,9,1,19,5,194.422876193104,3,194.147058823529,6.79411764705882,28.5757575757576,.601688970320814,-.224923066199495
984,14,3396,8,2,4,3,1,88,1,1,9,9,1,99,8,1,99,2,0,7,0,6,0,7,1,19,5,167.712259013376,2,194.147058823529,6.79411764705882,28.5757575757576,.601688970320814,-1.11808288532404
984,14,3427,8,2,4,2,1,88,1,1,9,9,1,99,5,1,99,5,0,9,0,9,0,10,1,19,5,199.624862841315,3,194.147058823529,6.79411764705882,28.5757575757576,.601688970320814,1.92642292127916
979,3,292,8,2,3,10,1,88,1,1,1,1,1,4,5,1,4,2,0,7,0,6,0,8,1,8,2,253.787394348859,5,181.913043478261,6.80434782608696,26.7348242811502,.351003294153091,.880305042289083
979,3,295,8,2,3,5,1,88,1,1,1,1,1,2,99,1,2,2,0,7,0,5,0,7,1,8,2,205.516994371689,3,181.913043478261,6.80434782608696,26.7348242811502,.351003294153091,-1.11808288532404
979,3,299,8,2,4,1,1,88,1,1,1,1,1,9,5,1,9,5,0,8,0,8,0,7,1,8,2,247.214771332034,5,181.913043478261,6.80434782608696,26.7348242811502,.351003294153091,1.53957999845242
979,3,301,8,1,3,1,1,88,1,3,9,1,4,2,8,4,2,8,0,6,0,6,0,7,1,8,2,208.379985496099,3,181.913043478261,6.80434782608696,26.7348242811502,.351003294153091,-.730982607907387
979,3,302,8,1,2,9,4,1,3,2,9,1,4,2,2,4,4,6,0,6,0,5,0,6,1,8,2,162.04824304519,2,181.913043478261,6.80434782608696,26.7348242811502,.351003294153091,-.644823400004939
979,3,303,8,1,3,1,1,88,1,3,1,1,4,1,8,4,2,8,0,6,0,5,0,6,1,8,2,159.378847967569,2,181.913043478261,6.80434782608696,26.7348242811502,.351003294153091, 
979,3,310,8,2,3,5,1,88,1,1,1,1,1,9,5,1,9,5,0,8,0,9,0,9,1,8,2,235.387222112981,4,181.913043478261,6.80434782608696,26.7348242811502,.351003294153091,1.03352045674453
979,3,312,8,2,3,6,1,88,1,1,1,1,1,5,7,1,4,7,0,7,0,9,0,8,1,8,2,241.135659344576,4,181.913043478261,6.80434782608696,26.7348242811502,.351003294153091,1.37210007122257
979,3,313,8,1,3,8,1,88,1,3,2,1,4,2,8,4,2,8,0,6,0,9,0,7,1,8,2,205.380081543092,3,181.913043478261,6.80434782608696,26.7348242811502,.351003294153091,-2.37248464690283
979,3,316,8,2,3,12,1,88,1,1,1,1,1,4,7,1,4,7,0,6,0,5,0,6,1,8,2,117.607181427271,1,181.913043478261,6.80434782608696,26.7348242811502,.351003294153091,-1.23569276176449
979,3,320,8,1,3,10,1,88,1,1,2,1,1,9,5,1,4,2,0,7,0,8,0,7,1,8,2,185.354812718047,2,181.913043478261,6.80434782608696,26.7348242811502,.351003294153091,.646420179327876
979,3,321,8,1,3,2,1,88,1,1,1,1,1,9,5,1,4,8,0,8,0,9,0,9,1,8,2,235.297042700082,4,181.913043478261,6.80434782608696,26.7348242811502,.351003294153091,1.69996342384489
979,3,325,8,1,3,10,1,88,1,1,1,1,1,9,5,1,4,7,0,7,0,8,0,7,1,8,2,194.977645031822,3,181.913043478261,6.80434782608696,26.7348242811502,.351003294153091,.705657104122204
979,3,326,8,2,3,3,1,88,1,1,1,1,1,9,5,1,4,7,0,8,0,8,0,7,1,8,2,228.179257960942,4,181.913043478261,6.80434782608696,26.7348242811502,.351003294153091,1.68704829892127
979,3,327,8,2,3,2,2,1,1,2,2,1,2,4,8,2,4,2,0,9,0,9,0,9,1,8,2,276.146213817371,5,181.913043478261,6.80434782608696,26.7348242811502,.351003294153091,-.920129149486334
979,3,328,8,1,3,3,2,8,1,2,2,2,2,4,6,2,4,2,0,5,0,7,0,8,1,8,2,190.032188866485,3,181.913043478261,6.80434782608696,26.7348242811502,.351003294153091,.41788851412153
979,3,329,8,1,4,1,1,88,1,1,2,1,1,4,7,1,4,7,0,8,0,9,0,8,1,8,2,240.914097848765,4,181.913043478261,6.80434782608696,26.7348242811502,.351003294153091,2.01491165154359
979,3,330,8,1,3,3,1,88,1,1,2,1,1,4,8,1,4,6,0,6,0,7,0,6,1,8,2,208.839444713797,3,181.913043478261,6.80434782608696,26.7348242811502,.351003294153091,1.02060533182091
979,3,331,8,1,3,2,1,88,1,1,1,1,1,9,5,1,4,6,0,7,0,8,0,6,1,8,2,218.084214589063,4,181.913043478261,6.80434782608696,26.7348242811502,.351003294153091,.869588780433365
979,3,332,8,2,3,9,1,88,1,3,2,1,2,4,6,3,4,2,0,7,0,5,0,6,1,8,2,176.929671662058,2,181.913043478261,6.80434782608696,26.7348242811502,.351003294153091,.705657104122204
979,3,333,8,2,3,6,1,88,1,1,1,1,1,4,7,1,5,7,0,7,0,9,0,7,1,8,2,194.342584619364,3,181.913043478261,6.80434782608696,26.7348242811502,.351003294153091,.214477459768176
979,3,3773,8,1,2,12,3,99,3,2,9,9,3,99,99,3,99,99,0,6,0,6,0,6,1,8,2,142.659010606489,1,181.913043478261,6.80434782608696,26.7348242811502,.351003294153091,-.730982607907387
979,3,3776,8,1,2,8,1,88,3,1,9,9,1,99,99,4,99,99,0,6,0,5,0,6,1,8,2,147.853408924887,1,181.913043478261,6.80434782608696,26.7348242811502,.351003294153091,.667527113930797
979,4,107,8,1,2,9,4,99,3,2,2,2,4,99,99,4,99,99,0,6,0,7,0,5,1,8,2,137.781134076624,1,181.913043478261,6.80434782608696,26.7348242811502,.217361712105037,-1.76089446564506
979,4,293,8,2,3,10,1,88,1,1,2,1,1,2,5,1,2,1,0,6,0,6,0,5,1,8,2,173.032778292153,2,181.913043478261,6.80434782608696,26.7348242811502,.217361712105037, 
979,4,294,8,1,3,8,1,88,1,1,1,1,1,3,7,1,9,3,0,8,0,7,0,8,1,8,2,217.72987054248,4,181.913043478261,6.80434782608696,26.7348242811502,.217361712105037, 
979,4,296,8,1,3,10,1,88,1,1,2,1,1,4,7,1,4,7,0,6,0,6,0,6,1,8,2,185.026078032774,2,181.913043478261,6.80434782608696,26.7348242811502,.217361712105037,-.101086152509983
979,4,297,8,1,3,2,1,88,1,1,1,1,1,9,5,1,9,7,0,8,0,7,0,8,1,8,2,208.04293484967,3,181.913043478261,6.80434782608696,26.7348242811502,.217361712105037,1.52531548567801
979,4,298,8,2,3,4,1,88,1,1,1,1,1,2,99,3,4,7,0,8,0,9,0,9,1,8,2,281.148790930594,5,181.913043478261,6.80434782608696,26.7348242811502,.217361712105037,.728140528664953
979,4,300,8,2,3,12,1,88,1,1,1,1,4,9,3,1,9,5,0,9,0,10,0,9,1,8,2,285.604888127589,5,181.913043478261,6.80434782608696,26.7348242811502,.217361712105037,1.38501519614619
979,4,304,8,1,4,4,1,88,1,1,1,1,1,4,7,1,4,7,0,7,0,6,0,8,1,8,2,204.020245222792,3,181.913043478261,6.80434782608696,26.7348242811502,.217361712105037,2.65657526962803
979,4,305,8,1,3,12,1,88,1,3,1,1,3,2,8,3,2,2,0,6,0,7,0,5,1,8,2,222.991135067186,4,181.913043478261,6.80434782608696,26.7348242811502,.217361712105037,-1.55064098946319
979,4,306,8,1,3,5,1,88,1,3,9,9,4,99,99,4,4,8,0,5,0,7,0,6,1,8,2,124.157727667937,1,181.913043478261,6.80434782608696,26.7348242811502,.217361712105037,.352578886232095
979,4,307,8,1,3,3,1,88,1,1,1,1,2,4,8,1,9,3,0,8,0,8,0,8,1,8,2,227.597808786292,4,181.913043478261,6.80434782608696,26.7348242811502,.217361712105037,.84437391516558
979,4,308,8,2,3,1,1,88,1,3,1,1,4,2,8,4,3,8,0,6,0,8,0,6,1,8,2,176.929671662058,2,181.913043478261,6.80434782608696,26.7348242811502,.217361712105037,-1.55064098946319
979,4,309,8,1,3,6,3,3,1,2,1,1,3,4,8,3,4,2,0,6,0,7,0,6,1,8,2,210.961577231955,3,181.913043478261,6.80434782608696,26.7348242811502,.217361712105037,-1.11808288532404
979,4,311,8,1,3,2,1,88,1,1,1,1,1,2,8,1,4,7,0,7,0,7,0,8,1,8,2,164.011619115489,2,181.913043478261,6.80434782608696,26.7348242811502,.217361712105037, 
979,4,314,8,2,4,2,1,88,1,1,1,1,1,4,7,1,4,7,0,8,0,9,0,9,1,8,2,222.714087874754,4,181.913043478261,6.80434782608696,26.7348242811502,.217361712105037,.0165237239304719
979,4,315,8,1,3,10,1,88,1,1,2,1,1,9,3,1,9,7,0,7,0,9,0,8,1,8,2,229.792059618547,4,181.913043478261,6.80434782608696,26.7348242811502,.217361712105037,1.52531548567801
979,4,317,8,1,3,2,1,88,1,1,1,1,1,9,3,1,4,7,0,7,0,7,0,7,1,8,2,230.051515206365,4,181.913043478261,6.80434782608696,26.7348242811502,.217361712105037,.909683543055015
979,4,318,8,1,3,8,1,88,1,1,1,1,1,4,6,1,4,7,0,6,0,6,0,5,1,8,2,207.890736844594,3,181.913043478261,6.80434782608696,26.7348242811502,.217361712105037,.732836741820232
979,4,319,8,2,3,8,1,88,1,3,1,1,4,2,8,4,2,2,0,5,0,6,0,6,1,8,2,154.240259186429,1,181.913043478261,6.80434782608696,26.7348242811502,.217361712105037,-.101086152509983
979,4,322,8,2,3,2,1,88,1,1,2,1,1,4,7,1,4,7,0,7,0,6,0,6,1,8,2,238.203453270138,4,181.913043478261,6.80434782608696,26.7348242811502,.217361712105037,-.730982607907387
979,4,323,8,2,3,9,1,88,1,1,1,1,1,4,7,1,4,7,0,8,0,9,0,8,1,8,2,212.753987203098,3,181.913043478261,6.80434782608696,26.7348242811502,.217361712105037,1.0865303442898
979,4,324,8,2,3,1,1,88,1,3,2,1,4,4,8,4,4,1,0,6,0,6,0,6,1,8,2,208.05360215879,3,181.913043478261,6.80434782608696,26.7348242811502,.217361712105037,-.212007941275874
979,4,2806,8,1,3,5,1,88,1,1,1,1,1,2,1,1,4,2,0,7,0,6,0,6,1,8,2,215.429021713273,4,181.913043478261,6.80434782608696,26.7348242811502,.217361712105037,-.29023269408893
1006,69,219,8,1,3,4,1,88,1,1,1,1,1,3,8,1,3,2,0,6,0,6,0,6,1,6,2,159.862796255237,2,229.525,3.95,58.1075949367089,-.0877593005151713,-.834585326163342
1006,69,1415,8,1,3,1,1,88,1,1,1,1,1,4,6,1,3,7,0,6,0,6,0,7,1,6,2,175.643834811389,2,229.525,3.95,58.1075949367089,-.0877593005151713,-.416034380208685
1006,69,1416,8,2,3,6,1,88,1,1,1,1,1,5,6,1,5,7,0,7,0,6,0,7,1,6,2,164.011619115489,2,229.525,3.95,58.1075949367089,-.0877593005151713,.528810302887421
1006,69,1419,8,1,3,3,1,88,1,1,1,1,1,99,6,1,3,7,0,5,0,5,0,5,1,6,2,233.241010383997,4,229.525,3.95,58.1075949367089,-.0877593005151713,-.29023269408893
1006,69,1420,8,2,3,11,1,88,1,1,2,1,1,4,6,1,4,2,0,5,0,5,0,6,1,6,2,194.342584619364,3,229.525,3.95,58.1075949367089,-.0877593005151713,-.101086152509983
1006,69,1421,8,1,3,3,1,88,1,3,2,1,3,2,8,3,4,2,0,7,0,9,0,7,1,6,2,198.566759630187,3,229.525,3.95,58.1075949367089,-.0877593005151713,-.403119255285064
1006,69,1422,8,2,3,4,1,88,1,1,2,1,1,3,7,1,2,8,0,7,0,7,0,7,1,6,2,180.805916253718,2,229.525,3.95,58.1075949367089,-.0877593005151713,-.920129149486334
1006,69,1423,8,2,3,9,1,88,1,1,2,1,1,9,5,3,9,2,0,6,0,7,0,9,1,6,2,218.084214589063,4,229.525,3.95,58.1075949367089,-.0877593005151713,.62788463571349
1006,69,1425,8,2,3,8,1,88,1,1,1,1,1,4,7,1,4,2,0,8,0,9,0,9,1,6,2,234.374353836785,4,229.525,3.95,58.1075949367089,-.0877593005151713,1.05600388128728
1006,69,1428,8,1,3,10,1,88,1,1,2,1,1,4,7,1,9,7,0,7,0,9,0,9,1,6,2,241.051579929341,4,229.525,3.95,58.1075949367089,-.0877593005151713,.804731436948272
1006,69,1430,8,1,3,10,1,88,1,1,1,1,9,99,99,1,4,8,0,5,0,5,0,7,1,6,2,162.744312572589,2,229.525,3.95,58.1075949367089,-.0877593005151713,-.224923066199495
1006,69,1431,8,1,3,8,1,88,1,1,1,1,1,9,6,1,4,5,0,6,0,6,0,7,1,6,2,210.911655914758,3,229.525,3.95,58.1075949367089,-.0877593005151713,.84437391516558
1006,69,1432,8,2,3,10,1,88,1,1,2,1,1,7,5,1,4,7,0,8,0,10,0,9,1,6,2,215.48914782235,4,229.525,3.95,58.1075949367089,-.0877593005151713,.578271939514002
1006,69,1434,8,1,3,5,1,88,1,3,2,1,4,99,8,4,99,2,0,5,0,6,0,5,1,6,2,174.908745715891,2,229.525,3.95,58.1075949367089,-.0877593005151713,-.920129149486334
1006,69,1436,8,2,3,10,1,88,1,1,2,1,1,4,6,1,9,6,0,8,0,9,0,8,1,6,2,184.818752225426,2,229.525,3.95,58.1075949367089,-.0877593005151713,.201562334844555
1006,69,1437,8,1,3,2,1,88,1,1,1,1,1,2,6,1,4,6,0,7,0,7,0,6,1,6,2,186.117187524687,3,229.525,3.95,58.1075949367089,-.0877593005151713,.469573378093093
1006,69,1438,8,2,3,10,1,88,1,3,1,1,2,2,8,2,4,99,0,8,0,9,0,9,1,6,2,200.894627797131,3,229.525,3.95,58.1075949367089,-.0877593005151713,-.539871293898197
1006,69,1440,8,2,3,4,3,99,1,2,2,1,3,3,8,3,3,2,0,6,0,5,0,7,1,6,2,199.275740666392,3,229.525,3.95,58.1075949367089,-.0877593005151713,-.730982607907387
1006,69,1444,8,1,2,1,4,99,3,2,1,1,4,4,8,4,2,1,0,6,0,5,0,6,1,6,2,173.032778292153,2,229.525,3.95,58.1075949367089,-.0877593005151713,-.730982607907387
1006,69,1445,8,2,3,11,1,88,1,1,1,1,1,4,6,1,4,5,0,6,0,4,0,5,1,6,2,213.604900789007,3,229.525,3.95,58.1075949367089,-.0877593005151713,-.920129149486334
1006,69,3188,8,2,3,8,1,88,1,1,2,1,1,2,5,1,2,8,0,5,0,4,0,5,1,6,2,190.003528473952,3,229.525,3.95,58.1075949367089,-.0877593005151713,-.7296332200566
1006,69,3757,8,1,3,10,1,88,1,1,1,1,1,4,7,1,4,7,0,6,0,7,0,7,1,6,2,176.929671662058,2,229.525,3.95,58.1075949367089,-.0877593005151713,.719921616896611
1006,70,38,8,1,2,11,1,88,3,3,2,2,2,3,8,2,3,8,0,6,0,6,0,7,1,6,2,218.519408574698,4,229.525,3.95,58.1075949367089,-.124874924935273,-1.11808288532404
1006,70,1409,8,1,3,3,1,88,1,1,1,1,1,9,6,1,9,99,0,8,0,9,0,10,1,6,2,287.280495944802,5,229.525,3.95,58.1075949367089,-.124874924935273,.541725427811042
1006,70,1410,8,1,3,7,1,88,1,1,1,1,1,4,4,1,4,2,0,6,0,6,0,6,1,6,2,137.781134076624,1,229.525,3.95,58.1075949367089,-.124874924935273,1.2117166458301
1006,70,1411,8,2,3,11,1,88,1,1,2,1,1,9,5,1,4,7,0,8,0,7,0,7,1,6,2,217.71879833412,4,229.525,3.95,58.1075949367089,-.124874924935273,.26687196273399
1006,70,1412,8,2,3,4,1,88,1,1,2,1,1,4,7,1,4,1,0,7,0,7,0,7,1,6,2,212.753987203098,3,229.525,3.95,58.1075949367089,-.124874924935273,-.0881710275863618
1006,70,1413,8,2,3,12,1,88,1,3,1,1,2,3,9,2,4,8,0,8,0,7,0,8,1,6,2,230.051515206365,4,229.525,3.95,58.1075949367089,-.124874924935273,-.86773464652052
1006,70,1414,8,2,3,5,1,88,1,1,1,1,1,2,8,1,6,7,0,8,0,8,0,9,1,6,2,261.497426747333,5,229.525,3.95,58.1075949367089,-.124874924935273,-.224923066199495
1006,70,1417,8,1,3,7,1,88,1,1,1,1,1,3,7,1,4,6,0,7,0,7,0,6,1,6,2,167.650059987158,2,229.525,3.95,58.1075949367089,-.124874924935273,-.416034380208685
1006,70,1418,8,1,3,9,1,88,1,1,1,1,1,2,8,1,4,7,0,6,0,8,0,7,1,6,2,195.039872279547,3,229.525,3.95,58.1075949367089,-.124874924935273,-1.10989107564474
1006,70,1424,8,2,3,9,1,88,1,1,2,1,1,2,5,1,7,5,0,6,0,5,0,6,1,6,2,186.194707339138,3,229.525,3.95,58.1075949367089,-.124874924935273,.404973389197909
1006,70,1426,8,1,3,11,1,88,1,1,1,1,1,10,5,1,9,5,0,7,0,6,0,7,1,6,2,181.006426826421,2,229.525,3.95,58.1075949367089,-.124874924935273,1.13821520826136
1006,70,1427,8,1,3,7,1,88,1,1,2,1,1,4,7,1,4,7,0,8,0,8,0,8,1,6,2,258.782824403423,5,229.525,3.95,58.1075949367089,-.124874924935273,-.224923066199495
1006,70,1429,8,2,3,7,1,88,1,3,2,1,4,99,6,4,99,2,0,6,0,6,0,8,1,6,2,117.607181427271,1,229.525,3.95,58.1075949367089,-.124874924935273,-1.11808288532404
1006,70,1433,8,2,3,12,1,88,1,1,1,1,1,2,5,1,4,5,0,7,0,7,0,8,1,6,2,229.792059618547,4,229.525,3.95,58.1075949367089,-.124874924935273,.250408586891679
1006,70,1435,8,2,3,12,1,88,1,1,2,1,1,4,8,1,11,7,0,10,0,9,0,10,1,6,2,316.795053212248,5,229.525,3.95,58.1075949367089,-.124874924935273,.804731436948272
1006,70,1439,8,2,3,11,1,88,1,1,2,1,1,2,6,2,4,2,0,7,0,8,0,7,1,6,2,191.991532943348,3,229.525,3.95,58.1075949367089,-.124874924935273,-.29023269408893
1006,70,1441,8,2,3,4,1,88,1,3,1,1,4,2,8,4,2,2,0,6,0,7,0,6,1,6,2,128.786200370524,1,229.525,3.95,58.1075949367089,-.124874924935273,-.920129149486334
1006,70,3823,8,1,1,9,3,99,3,9,1,1,9,99,99,3,2,99,0,6,0,5,0,5,1,6,2,149.890030227974,1,229.525,3.95,58.1075949367089,-.124874924935273,-.488186429926633
1007,71,222,8,2,3,7,1,88,1,1,2,1,1,2,8,1,2,8,0,6,0,4,0,5,1,6,2,164.011619115489,2,241.605263157895,4.21052631578947,57.38125,.497965342610639, 
1007,71,224,8,2,3,7,1,88,1,1,2,1,1,4,7,1,4,7,0,8,0,9,0,9,1,6,2,235.661670928186,4,241.605263157895,4.21052631578947,57.38125,.497965342610639,-.224923066199495
1007,71,225,8,2,3,7,1,88,1,1,2,1,1,3,8,1,2,8,0,8,0,9,0,6,1,6,2,213.286742768821,3,241.605263157895,4.21052631578947,57.38125,.497965342610639,.732836741820232
1007,71,230,8,1,3,7,1,88,1,1,1,1,1,9,5,1,9,6,0,7,0,8,0,7,1,6,2,240.914097848765,4,241.605263157895,4.21052631578947,57.38125,.497965342610639,1.22463177075372
1007,71,231,8,1,3,12,1,88,1,1,1,1,1,9,5,3,4,2,0,5,0,5,0,6,1,6,2,222.301402077163,4,241.605263157895,4.21052631578947,57.38125,.497965342610639,.942832863412192
1007,71,232,8,1,3,11,1,88,1,3,2,1,2,3,8,2,3,8,0,6,0,7,0,6,1,6,2,181.730551156553,2,241.605263157895,4.21052631578947,57.38125,.497965342610639,-.224923066199495
1007,71,235,8,2,3,4,1,88,1,1,2,1,1,4,7,1,4,7,0,8,0,8,0,7,1,6,2,245.186341948839,5,241.605263157895,4.21052631578947,57.38125,.497965342610639,.213862075188719
1007,71,236,8,2,3,10,1,88,1,1,1,1,1,7,7,1,7,1,0,8,0,8,0,7,1,6,2,220.02095391995,4,241.605263157895,4.21052631578947,57.38125,.497965342610639,.541725427811042
1007,71,243,8,1,3,10,1,88,1,1,1,1,1,4,5,1,4,7,0,7,0,7,0,6,1,6,2,212.997910158155,3,241.605263157895,4.21052631578947,57.38125,.497965342610639,-.057037059706496
1007,71,1407,8,1,3,10,1,88,1,1,1,1,1,9,5,1,2,1,0,6,0,5,0,5,1,6,2,153.752276880273,1,241.605263157895,4.21052631578947,57.38125,.497965342610639,.434757969226989
1007,71,1490,8,1,3,11,1,88,1,1,9,1,1,3,8,1,3,8,0,6,0,5,0,5,1,6,2,193.73738081401,3,241.605263157895,4.21052631578947,57.38125,.497965342610639,-.605796306367088
1007,71,1491,8,2,3,11,1,88,1,1,1,1,1,4,6,1,2,1,0,7,0,6,0,8,1,6,2,208.04293484967,3,241.605263157895,4.21052631578947,57.38125,.497965342610639,1.19525326998778
1007,71,1494,8,2,3,4,1,88,1,1,2,1,1,5,5,1,4,5,0,8,0,9,0,7,1,6,2,210.911655914758,3,241.605263157895,4.21052631578947,57.38125,.497965342610639,1.37210007122257
1007,71,1495,8,2,3,3,1,88,1,1,2,1,1,2,6,1,4,2,0,9,0,9,0,8,1,6,2,217.719568690296,4,241.605263157895,4.21052631578947,57.38125,.497965342610639,-.29023269408893
1007,71,1628,8,1,3,10,1,88,1,1,1,1,1,11,5,1,5,7,0,7,0,8,0,7,1,6,2,228.576352895939,4,241.605263157895,4.21052631578947,57.38125,.497965342610639,1.7164267996872
1007,72,217,8,1,3,6,1,88,1,1,2,1,1,4,7,1,6,7,0,5,0,5,0,4,1,6,2,159.378847967569,2,241.605263157895,4.21052631578947,57.38125,.100006313592882, 
1007,72,220,8,2,3,12,1,88,1,1,2,1,1,4,7,1,9,7,0,8,0,9,0,8,1,6,2,227.665111014356,4,241.605263157895,4.21052631578947,57.38125,.100006313592882,.804731436948272
1007,72,221,8,2,3,6,1,88,1,1,1,1,1,4,99,1,4,5,0,7,0,7,0,5,1,6,2,210.013605719334,3,241.605263157895,4.21052631578947,57.38125,.100006313592882,.404973389197909
1007,72,223,8,1,3,10,1,88,1,1,2,1,4,7,8,1,4,8,0,6,0,6,0,7,1,6,2,190.593814797016,3,241.605263157895,4.21052631578947,57.38125,.100006313592882, 
1007,72,226,8,2,3,2,1,88,1,1,2,1,1,4,8,1,7,2,0,9,0,9,0,9,1,6,2,280.802017463493,5,241.605263157895,4.21052631578947,57.38125,.100006313592882,-1.32974509542492
1007,72,227,8,2,3,1,1,88,1,1,2,1,1,2,8,1,3,2,0,5,0,6,0,6,1,6,2,219.838134859426,4,241.605263157895,4.21052631578947,57.38125,.100006313592882,.287106158167546
1007,72,228,8,2,3,4,1,88,1,1,1,9,1,4,5,1,4,7,0,6,0,6,0,5,1,6,2,168.067521177834,2,241.605263157895,4.21052631578947,57.38125,.100006313592882,.84437391516558
1007,72,229,8,1,3,7,1,88,1,1,1,1,1,4,4,1,3,7,0,6,0,8,0,5,1,6,2,212.753987203098,3,241.605263157895,4.21052631578947,57.38125,.100006313592882,.300021283091167
1007,72,233,8,1,3,1,1,88,1,1,2,1,1,99,99,1,4,5,0,5,0,6,0,6,1,6,2,173.032778292153,2,241.605263157895,4.21052631578947,57.38125,.100006313592882, 
1007,72,234,8,2,3,12,1,88,1,1,2,1,1,4,5,1,2,6,0,7,0,7,0,7,1,6,2,190.593814797016,3,241.605263157895,4.21052631578947,57.38125,.100006313592882, 
1007,72,237,8,2,3,2,4,5,1,1,2,1,1,4,5,1,4,7,0,6,0,5,0,6,1,6,2,190.593814797016,3,241.605263157895,4.21052631578947,57.38125,.100006313592882, 
1007,72,238,8,2,3,4,1,88,1,1,2,1,1,4,7,1,9,6,0,8,0,8,0,8,1,6,2,253.605626266903,5,241.605263157895,4.21052631578947,57.38125,.100006313592882,-.101086152509983
1007,72,239,8,2,3,8,1,88,1,1,2,1,1,2,4,1,4,7,0,7,0,6,0,6,1,6,2,178.524306474106,2,241.605263157895,4.21052631578947,57.38125,.100006313592882,-.416034380208685
1007,72,240,8,1,3,2,1,88,1,1,1,1,1,9,5,1,9,7,0,8,0,9,0,7,1,6,2,286.841061900894,5,241.605263157895,4.21052631578947,57.38125,.100006313592882,.732836741820232
1007,72,241,8,1,3,7,1,88,1,1,1,1,1,4,8,1,4,7,0,7,0,8,0,6,1,6,2,239.474218564776,4,241.605263157895,4.21052631578947,57.38125,.100006313592882,-.803134657625335
1007,72,242,8,2,3,11,1,88,1,1,1,1,1,9,5,1,9,3,0,8,0,8,0,9,1,6,2,220.467620281425,4,241.605263157895,4.21052631578947,57.38125,.100006313592882,.942832863412192
1007,72,244,8,2,3,11,1,88,1,1,1,1,1,4,7,1,4,7,0,8,0,9,0,8,1,6,2,245.262317881628,5,241.605263157895,4.21052631578947,57.38125,.100006313592882,-.416034380208685
1007,72,1442,8,1,3,2,1,88,1,1,1,1,1,4,5,1,9,7,0,8,0,9,0,7,1,6,2,217.72987054248,4,241.605263157895,4.21052631578947,57.38125,.100006313592882,1.69996342384489
1007,72,1443,8,1,4,1,1,88,1,1,1,1,1,7,5,1,7,5,0,7,0,8,0,7,1,6,2,199.624862841315,3,241.605263157895,4.21052631578947,57.38125,.100006313592882,.469573378093093
1007,72,1492,8,1,3,9,1,88,1,1,1,1,1,2,8,1,4,8,0,7,0,7,0,6,1,6,2,170.390988308622,2,241.605263157895,4.21052631578947,57.38125,.100006313592882,-.101086152509983
1007,72,1493,8,1,3,6,1,88,1,3,9,1,3,3,8,3,3,2,0,6,0,9,0,6,1,6,2,208.05360215879,3,241.605263157895,4.21052631578947,57.38125,.100006313592882,-1.44594623794636
1007,72,2464,8,2,3,8,1,88,1,3,1,1,4,4,8,4,2,8,0,5,0,7,0,6,1,6,2,173.032778292153,2,241.605263157895,4.21052631578947,57.38125,.100006313592882, 
1007,72,3849,8,1,5,3,1,88,1,3,1,1,3,2,7,3,2,8,0,6,0,5,0,7,1,6,2,203.069127843401,3,241.605263157895,4.21052631578947,57.38125,.100006313592882,-.173238202227931
1008,73,40,8,2,2,9,9,99,3,9,9,9,9,99,99,9,99,99,99,99,99,99,99,99,9,6,2,169.396317586781,2,191.270833333333,6.14583333333333,31.1220338983051,.481073957674506,.0900251614992073
1008,73,218,8,1,3,5,9,99,1,9,9,9,9,99,99,9,99,99,99,99,99,99,99,99,9,6,2,197.554199645746,3,191.270833333333,6.14583333333333,31.1220338983051,.481073957674506,1.74957612004438
1008,73,1446,8,2,3,12,9,99,1,9,9,9,9,99,99,9,99,99,99,99,99,99,99,99,9,6,2,234.374353836785,4,191.270833333333,6.14583333333333,31.1220338983051,.481073957674506,-.730982607907387
1008,73,1450,8,1,3,5,9,99,1,9,9,9,9,99,99,9,99,99,99,99,99,99,99,99,9,6,2,200.894627797131,3,191.270833333333,6.14583333333333,31.1220338983051,.481073957674506,.541725427811042
1008,73,1451,8,1,3,12,9,99,1,9,9,9,9,99,99,9,99,99,99,99,99,99,99,99,9,6,2,181.849967908796,2,191.270833333333,6.14583333333333,31.1220338983051,.481073957674506, 
1008,73,1452,8,2,3,5,9,99,1,9,9,9,9,99,99,9,99,99,99,99,99,99,99,99,9,6,2,217.719568690296,4,191.270833333333,6.14583333333333,31.1220338983051,.481073957674506,1.69996342384489
1008,73,1453,8,1,3,5,9,99,1,9,9,9,9,99,99,9,99,99,99,99,99,99,99,99,9,6,2,199.499180495072,3,191.270833333333,6.14583333333333,31.1220338983051,.481073957674506,1.37210007122257
1008,73,1454,8,1,3,11,9,99,1,9,9,9,9,99,99,9,99,99,99,99,99,99,99,99,9,6,2,229.999961992681,4,191.270833333333,6.14583333333333,31.1220338983051,.481073957674506,1.29652646588176
1008,73,1455,8,1,3,8,9,99,1,9,9,9,9,99,99,9,99,99,99,99,99,99,99,99,9,6,2,187.661055643711,3,191.270833333333,6.14583333333333,31.1220338983051,.481073957674506,.213862075188719
1008,73,1456,8,2,3,2,9,99,1,9,9,9,9,99,99,9,99,99,99,99,99,99,99,99,9,6,2,223.62328988025,4,191.270833333333,6.14583333333333,31.1220338983051,.481073957674506,-.29023269408893
1008,73,1457,8,2,3,2,9,99,1,9,9,9,9,99,99,9,99,99,99,99,99,99,99,99,9,6,2,227.85501070611,4,191.270833333333,6.14583333333333,31.1220338983051,.481073957674506,-.605180921787631
1008,73,1460,8,1,3,11,9,99,1,9,9,9,9,99,99,9,99,99,99,99,99,99,99,99,9,6,2,222.405814491397,4,191.270833333333,6.14583333333333,31.1220338983051,.481073957674506,.831458790241959
1008,73,1461,8,2,3,7,9,99,1,9,9,9,9,99,99,9,99,99,99,99,99,99,99,99,9,6,2,185.149106505654,2,191.270833333333,6.14583333333333,31.1220338983051,.481073957674506,.41788851412153
1008,73,1462,8,2,3,7,9,99,1,9,9,9,9,99,99,9,99,99,99,99,99,99,99,99,9,6,2,230.095334182086,4,191.270833333333,6.14583333333333,31.1220338983051,.481073957674506,-.0645396408070231
1008,73,1463,8,2,3,2,9,99,1,9,9,9,9,99,99,9,99,99,99,99,99,99,99,99,9,6,2,233.193320663199,4,191.270833333333,6.14583333333333,31.1220338983051,.481073957674506,-.29023269408893
1008,73,1465,8,1,3,8,9,99,1,9,9,9,9,99,99,9,99,99,99,99,99,99,99,99,9,6,2,281.297749278074,5,191.270833333333,6.14583333333333,31.1220338983051,.481073957674506,.567555677658284
1008,73,1468,8,1,3,5,9,99,1,9,9,9,9,99,99,9,99,99,99,99,99,99,99,99,9,6,2,217.72987054248,4,191.270833333333,6.14583333333333,31.1220338983051,.481073957674506,.300021283091167
1008,73,1470,8,1,3,1,9,99,1,9,9,9,9,99,99,9,99,99,99,99,99,99,99,99,9,6,2,227.665111014356,4,191.270833333333,6.14583333333333,31.1220338983051,.481073957674506,.705657104122204
1008,73,1472,8,2,3,9,9,99,1,9,9,9,9,99,99,9,99,99,99,99,99,99,99,99,9,6,2,168.556417885604,2,191.270833333333,6.14583333333333,31.1220338983051,.481073957674506, 
1008,73,1473,8,1,3,9,9,99,1,9,9,9,9,99,99,9,99,99,99,99,99,99,99,99,9,6,2,207.890736844594,3,191.270833333333,6.14583333333333,31.1220338983051,.481073957674506,1.19745213305569
1008,73,1475,8,1,3,10,9,99,1,9,9,9,9,99,99,9,99,99,99,99,99,99,99,99,9,6,2,139.467041250859,1,191.270833333333,6.14583333333333,31.1220338983051,.481073957674506, 
1008,73,1477,8,1,3,1,9,99,1,9,9,9,9,99,99,9,99,99,99,99,99,99,99,99,9,6,2,204.020245222792,3,191.270833333333,6.14583333333333,31.1220338983051,.481073957674506,.213862075188719
1008,73,1480,8,2,3,7,9,99,1,9,9,9,9,99,99,9,99,99,99,99,99,99,99,99,9,6,2,233.350991851138,4,191.270833333333,6.14583333333333,31.1220338983051,.481073957674506,.404973389197909
1008,73,1483,8,1,3,1,9,99,1,9,9,9,9,99,99,9,99,99,99,99,99,99,99,99,9,6,2,149.757714662002,1,191.270833333333,6.14583333333333,31.1220338983051,.481073957674506, 
1008,74,39,8,1,2,3,9,99,3,9,9,9,9,99,99,9,99,99,99,99,99,99,99,99,9,6,2,206.188152021854,3,191.270833333333,6.14583333333333,31.1220338983051,.57250691577925,-1.73978753104214
1008,74,1447,8,1,3,10,9,99,1,9,9,9,9,99,99,9,99,99,99,99,99,99,99,99,9,6,2,177.149041506335,2,191.270833333333,6.14583333333333,31.1220338983051,.57250691577925,.529425687466878
1008,74,1448,8,1,3,10,9,99,1,9,9,9,9,99,99,9,99,99,99,99,99,99,99,99,9,6,2,173.282938619151,2,191.270833333333,6.14583333333333,31.1220338983051,.57250691577925,.614969510789869
1008,74,1449,8,2,3,7,9,99,1,9,9,9,9,99,99,9,99,99,99,99,99,99,99,99,9,6,2,178.524306474106,2,191.270833333333,6.14583333333333,31.1220338983051,.57250691577925,-.0645396408070231
1008,74,1458,8,2,3,3,9,99,1,9,9,9,9,99,99,9,99,99,99,99,99,99,99,99,9,6,2,297.71782776479,5,191.270833333333,6.14583333333333,31.1220338983051,.57250691577925,1.22463177075372
1008,74,1459,8,1,3,1,9,99,1,9,9,9,9,99,99,9,99,99,99,99,99,99,99,99,9,6,2,217.72987054248,4,191.270833333333,6.14583333333333,31.1220338983051,.57250691577925,.896768418131394
1008,74,1464,8,1,3,8,9,99,1,9,9,9,9,99,99,9,99,99,99,99,99,99,99,99,9,6,2,245.622938215432,5,191.270833333333,6.14583333333333,31.1220338983051,.57250691577925,.0886757736484206
1008,74,1466,8,1,3,11,9,99,1,9,9,9,9,99,99,9,99,99,99,99,99,99,99,99,9,6,2,203.246705123247,3,191.270833333333,6.14583333333333,31.1220338983051,.57250691577925,1.86389510015605
1008,74,1467,8,1,3,11,9,99,1,9,9,9,9,99,99,9,99,99,99,99,99,99,99,99,9,6,2,189.740303136958,3,191.270833333333,6.14583333333333,31.1220338983051,.57250691577925,.403624001347123
1008,74,1469,8,1,3,6,9,99,1,9,9,9,9,99,99,9,99,99,99,99,99,99,99,99,9,6,2,181.730551156553,2,191.270833333333,6.14583333333333,31.1220338983051,.57250691577925,-.699848640027521
1008,74,1471,8,2,3,5,9,99,1,9,9,9,9,99,99,9,99,99,99,99,99,99,99,99,9,6,2,193.453985658946,3,191.270833333333,6.14583333333333,31.1220338983051,.57250691577925,.312936408014788
1008,74,1474,8,2,3,5,9,99,1,9,9,9,9,99,99,9,99,99,99,99,99,99,99,99,9,6,2,199.391543944644,3,191.270833333333,6.14583333333333,31.1220338983051,.57250691577925,.250408586891679
1008,74,1476,8,1,3,4,9,99,1,9,9,9,9,99,99,9,99,99,99,99,99,99,99,99,9,6,2,234.609075508831,4,191.270833333333,6.14583333333333,31.1220338983051,.57250691577925,-.29023269408893
1008,74,1478,8,2,3,8,9,99,1,9,9,9,9,99,99,9,99,99,99,99,99,99,99,99,9,6,2,149.757714662002,1,191.270833333333,6.14583333333333,31.1220338983051,.57250691577925, 
1008,74,1479,8,2,3,4,9,99,1,9,9,9,9,99,99,9,99,99,99,99,99,99,99,99,9,6,2,210.293848278452,3,191.270833333333,6.14583333333333,31.1220338983051,.57250691577925,.213862075188719
1008,74,1481,8,2,3,7,9,99,1,9,9,9,9,99,99,9,99,99,99,99,99,99,99,99,9,6,2,199.281873834937,3,191.270833333333,6.14583333333333,31.1220338983051,.57250691577925,2.66949039455165
1008,74,1482,8,2,3,10,9,99,1,9,9,9,9,99,99,9,99,99,99,99,99,99,99,99,9,6,2,149.757714662002,1,191.270833333333,6.14583333333333,31.1220338983051,.57250691577925, 
1008,74,1484,8,1,3,7,9,99,1,9,9,9,9,99,99,9,99,99,99,99,99,99,99,99,9,6,2,185.60899367712,3,191.270833333333,6.14583333333333,31.1220338983051,.57250691577925,1.37210007122257
1008,74,1485,8,1,3,8,9,99,1,9,9,9,9,99,99,9,99,99,99,99,99,99,99,99,9,6,2,203.852389044953,3,191.270833333333,6.14583333333333,31.1220338983051,.57250691577925, 
1008,74,1486,8,2,3,3,9,99,1,9,9,9,9,99,99,9,99,99,99,99,99,99,99,99,9,6,2,206.546924913207,3,191.270833333333,6.14583333333333,31.1220338983051,.57250691577925,1.69996342384489
1008,74,1487,8,2,3,8,9,99,1,9,9,9,9,99,99,9,99,99,99,99,99,99,99,99,9,6,2,222.826353379557,4,191.270833333333,6.14583333333333,31.1220338983051,.57250691577925,-.224923066199495
1008,74,1488,8,1,3,12,9,99,1,9,9,9,9,99,99,9,99,99,99,99,99,99,99,99,9,6,2,270.274178928929,5,191.270833333333,6.14583333333333,31.1220338983051,.57250691577925,1.2117166458301
1008,74,1489,8,1,3,12,9,99,1,9,9,9,9,99,99,9,99,99,99,99,99,99,99,99,9,6,2,219.656309142267,4,191.270833333333,6.14583333333333,31.1220338983051,.57250691577925,2.17769536561816
1008,74,3602,8,1,3,2,9,99,1,9,9,9,9,99,99,9,99,99,99,99,99,99,99,99,9,6,2,176.543810688997,2,191.270833333333,6.14583333333333,31.1220338983051,.57250691577925,-.488186429926633
1036,129,3,8,1,2,12,1,88,3,1,2,2,1,4,9,3,4,2,0,5,0,4,0,6,1,13,4,256.252069473569,5,63.4886363636364,3.72727272727273,17.0335365853659,-.291477676228368,-.329875172306237
1036,129,68,8,2,2,10,1,88,3,3,2,1,4,2,8,4,5,8,0,6,0,7,0,7,1,13,4,132.253659142741,1,63.4886363636364,3.72727272727273,17.0335365853659,-.291477676228368,-.027842069531156
1036,129,69,8,1,2,11,1,88,3,1,1,1,1,2,8,1,2,2,0,4,0,5,0,5,1,13,4,159.378847967569,2,63.4886363636364,3.72727272727273,17.0335365853659,-.291477676228368, 
1036,129,408,8,1,3,7,1,88,1,1,2,1,1,2,5,1,9,7,0,7,0,7,0,7,2,13,4,128.171023165298,1,63.4886363636364,3.72727272727273,17.0335365853659,-.291477676228368, 
1036,129,2493,8,2,3,7,1,88,1,1,2,1,1,4,6,1,6,7,0,6,0,6,0,8,1,13,4,217.770457921662,4,63.4886363636364,3.72727272727273,17.0335365853659,-.291477676228368,.312936408014788
1036,129,2494,8,2,3,4,1,88,1,1,1,1,1,4,6,1,4,6,0,9,0,9,0,10,1,13,4,270.480769904468,5,63.4886363636364,3.72727272727273,17.0335365853659,-.291477676228368,.0900251614992073
1036,129,2495,8,2,3,10,1,88,1,1,1,1,4,4,8,1,9,7,0,7,0,6,0,8,1,13,4,194.371783133947,3,63.4886363636364,3.72727272727273,17.0335365853659,-.291477676228368,.732836741820232
1036,129,2496,8,1,3,9,1,88,1,1,2,1,1,9,5,1,5,2,0,9,0,7,0,9,1,13,4,227.665111014356,4,63.4886363636364,3.72727272727273,17.0335365853659,-.291477676228368,.646420179327876
1036,129,2498,8,2,3,3,1,88,1,1,1,1,1,2,8,1,2,8,0,5,0,5,0,6,1,13,4,168.320450604413,2,63.4886363636364,3.72727272727273,17.0335365853659,-.291477676228368,-.290848078668386
1036,129,2500,8,2,3,3,1,88,1,1,1,1,1,4,8,1,4,8,0,6,0,6,0,8,1,13,4,201.983178523191,3,63.4886363636364,3.72727272727273,17.0335365853659,-.291477676228368,-1.32974509542492
1036,129,2501,8,2,3,8,1,88,1,1,1,1,4,4,8,1,4,6,0,6,0,6,0,7,1,13,4,217.78979051741,4,63.4886363636364,3.72727272727273,17.0335365853659,-.291477676228368,-1.65760844804725
1036,129,2505,8,2,3,4,1,88,1,1,2,1,3,4,8,1,5,8,0,8,0,7,0,9,1,13,4,245.009374777863,5,63.4886363636364,3.72727272727273,17.0335365853659,-.291477676228368,-.212007941275874
1036,129,2508,8,2,3,7,1,88,1,1,2,1,1,4,5,1,4,2,0,9,0,6,0,7,1,13,4,197.956724085216,3,63.4886363636364,3.72727272727273,17.0335365853659,-.291477676228368,.352578886232095
1036,129,2510,8,2,3,12,1,88,1,1,2,1,1,4,8,1,4,8,0,6,0,6,0,6,1,13,4,167.650059987158,2,63.4886363636364,3.72727272727273,17.0335365853659,-.291477676228368,-.920129149486334
1036,129,2512,8,1,3,11,1,88,1,1,2,1,9,4,99,1,4,2,0,8,0,8,0,8,1,13,4,168.556417885604,2,63.4886363636364,3.72727272727273,17.0335365853659,-.291477676228368,-.101086152509983
1036,129,2513,8,1,3,2,1,88,1,1,1,1,1,7,7,1,9,5,0,7,0,7,0,7,1,13,4,170.678433237597,2,63.4886363636364,3.72727272727273,17.0335365853659,-.291477676228368,-2.26151900966808
1036,129,2514,8,1,3,11,1,88,1,1,2,1,1,2,5,1,4,4,0,8,0,8,0,7,1,13,4,185.026078032774,2,63.4886363636364,3.72727272727273,17.0335365853659,-.291477676228368,.404973389197909
1036,129,2515,8,1,3,3,1,88,1,1,1,1,1,9,5,1,4,7,0,7,0,7,0,7,1,13,4,184.659671305641,2,63.4886363636364,3.72727272727273,17.0335365853659,-.291477676228368,.732836741820232
1036,129,2516,8,1,3,2,1,88,1,1,2,1,1,4,6,1,4,6,0,6,0,6,0,6,1,13,4,177.149041506335,2,63.4886363636364,3.72727272727273,17.0335365853659,-.291477676228368,-.618096046711253
1036,129,2517,8,1,3,4,1,88,1,1,2,1,1,7,8,1,9,6,0,7,0,8,0,9,1,13,4,245.262317881628,5,63.4886363636364,3.72727272727273,17.0335365853659,-.291477676228368,.201562334844555
1036,129,2519,8,2,4,2,1,88,1,1,2,2,1,2,8,1,2,2,0,7,0,5,0,8,1,13,4,207.662695152105,3,63.4886363636364,3.72727272727273,17.0335365853659,-.291477676228368,-1.359529675454
1036,129,2520,8,2,3,4,1,88,1,1,2,1,1,4,6,1,4,7,0,8,0,8,0,9,1,13,4,225.970337627724,4,63.4886363636364,3.72727272727273,17.0335365853659,-.291477676228368,-.730982607907387
1036,129,2528,8,2,3,4,1,88,1,1,2,1,2,4,4,1,4,2,0,6,0,4,0,6,1,13,4,164.972434481403,2,63.4886363636364,3.72727272727273,17.0335365853659,-.291477676228368,.339663761308474
1036,130,409,8,2,3,5,1,88,1,1,1,1,1,9,5,1,7,7,0,9,0,9,0,9,1,13,4,208.379985496099,3,63.4886363636364,3.72727272727273,17.0335365853659,.496997280311932,1.43462789234568
1036,130,410,8,2,3,10,1,88,1,1,2,1,1,4,8,1,9,7,0,9,0,9,0,9,1,13,4,241.646759574773,4,63.4886363636364,3.72727272727273,17.0335365853659,.496997280311932,.26687196273399
1036,130,2497,8,1,3,5,1,88,1,1,1,1,1,3,8,1,9,5,0,6,0,6,0,7,2,13,4,164.011619115489,2,63.4886363636364,3.72727272727273,17.0335365853659,.496997280311932, 
1036,130,2499,8,1,3,7,1,88,1,1,1,1,1,4,8,9,99,99,0,6,0,7,0,6,1,13,4,111.844850849614,1,63.4886363636364,3.72727272727273,17.0335365853659,.496997280311932,-.730982607907387
1036,130,2502,8,1,3,3,1,88,1,3,2,1,2,4,1,2,4,7,0,6,0,9,0,8,1,13,4,197.956724085216,3,63.4886363636364,3.72727272727273,17.0335365853659,.496997280311932,-.920129149486334
1036,130,2503,8,1,3,7,1,88,1,1,1,1,1,5,5,2,6,99,0,5,0,7,0,7,1,13,4,144.713610015379,1,63.4886363636364,3.72727272727273,17.0335365853659,.496997280311932, 
1036,130,2504,8,2,4,2,1,88,1,1,1,1,1,9,3,2,9,7,0,7,0,6,0,8,1,13,4,210.911655914758,3,63.4886363636364,3.72727272727273,17.0335365853659,.496997280311932,.581820190432692
1036,130,2506,8,1,3,9,1,88,1,1,1,1,1,5,8,1,4,8,0,6,0,5,0,8,1,13,4,139.467041250859,1,63.4886363636364,3.72727272727273,17.0335365853659,.496997280311932, 
1036,130,2507,8,1,3,6,1,88,1,1,1,1,1,4,7,1,9,7,0,8,0,9,0,9,1,13,4,198.566759630187,3,63.4886363636364,3.72727272727273,17.0335365853659,.496997280311932,.0247155336097724
1036,130,2509,8,1,3,6,1,88,1,1,2,1,1,2,8,1,9,7,0,6,0,7,0,6,1,13,4,207.842779127088,3,63.4886363636364,3.72727272727273,17.0335365853659,.496997280311932,.62788463571349
1036,130,2511,8,1,3,8,1,88,1,1,2,1,1,9,5,4,7,8,0,9,0,9,0,10,1,13,4,262.320447496938,5,63.4886363636364,3.72727272727273,17.0335365853659,.496997280311932,1.69996342384489
1036,130,2518,8,1,3,6,1,88,1,1,1,1,1,9,5,1,4,6,0,10,0,10,0,10,1,13,4,241.051579929341,4,63.4886363636364,3.72727272727273,17.0335365853659,.496997280311932,1.22463177075372
1036,130,2521,8,2,3,11,1,88,1,1,1,1,1,6,4,1,9,5,0,7,0,8,0,7,1,13,4,220.08352478628,4,63.4886363636364,3.72727272727273,17.0335365853659,.496997280311932,1.19745213305569
1036,130,2522,8,1,3,8,1,88,1,1,1,1,1,4,5,1,9,7,0,6,0,7,0,8,2,13,4,213.604900789007,3,63.4886363636364,3.72727272727273,17.0335365853659,.496997280311932,.732836741820232
1036,130,2523,8,2,3,11,1,88,1,1,2,1,1,4,7,1,4,7,0,8,0,8,0,7,1,13,4,214.76197012002,4,63.4886363636364,3.72727272727273,17.0335365853659,.496997280311932,.0900251614992073
1036,130,2524,8,2,3,12,1,88,1,3,1,1,4,2,8,4,2,8,0,7,0,6,0,9,1,13,4,212.807948766269,3,63.4886363636364,3.72727272727273,17.0335365853659,.496997280311932,-.730982607907387
1036,130,2525,8,2,3,11,1,88,1,1,2,1,1,2,8,1,4,7,0,7,0,7,0,7,1,13,4,186.751801862785,3,63.4886363636364,3.72727272727273,17.0335365853659,.496997280311932,-.730982607907387
1036,130,2526,8,2,3,2,1,88,1,1,2,1,1,9,5,1,9,5,0,10,0,10,0,9,1,13,4,241.135659344576,4,63.4886363636364,3.72727272727273,17.0335365853659,.496997280311932,1.43462789234568
1036,130,2527,8,2,3,12,1,88,1,1,1,1,1,4,7,1,9,6,0,10,0,9,0,9,1,13,4,258.782824403423,5,63.4886363636364,3.72727272727273,17.0335365853659,.496997280311932,1.74957612004438
1036,130,2534,8,1,3,3,1,88,1,1,2,1,4,2,8,1,9,7,0,8,0,8,0,8,1,13,4,203.852389044953,3,63.4886363636364,3.72727272727273,17.0335365853659,.496997280311932, 
1036,130,3770,8,2,4,1,1,88,1,1,1,1,1,9,3,1,4,7,0,7,0,8,0,7,1,13,4,181.849967908796,2,63.4886363636364,3.72727272727273,17.0335365853659,.496997280311932, 
1066,199,411,8,1,3,10,1,88,1,1,2,1,1,3,7,1,3,2,0,7,0,6,0,7,1,13,4,215.156173770726,4,69.8375,3.75,18.6233333333333,.396812602671505,.942832863412192
1066,199,2529,8,2,3,11,1,88,1,1,1,1,9,99,99,1,2,8,0,6,0,5,0,5,1,13,4,174.908745715891,2,69.8375,3.75,18.6233333333333,.396812602671505,-.488186429926633
1066,199,2531,8,1,4,1,1,88,1,1,2,1,1,4,8,1,4,2,0,6,0,6,0,9,1,13,4,203.766688723793,3,69.8375,3.75,18.6233333333333,.396812602671505,.529425687466878
1066,199,2532,8,1,3,12,1,88,1,3,2,1,3,2,8,3,2,8,0,5,0,5,0,6,1,13,4,194.342584619364,3,69.8375,3.75,18.6233333333333,.396812602671505,-1.73978753104214
1066,199,2533,8,1,3,12,1,88,1,1,1,1,1,2,5,1,4,1,0,6,0,6,0,6,1,13,4,176.543810688997,2,69.8375,3.75,18.6233333333333,.396812602671505,-1.11808288532404
1066,199,3572,8,2,3,6,1,88,1,1,2,1,1,9,5,1,9,5,0,9,0,9,0,9,1,13,4,244.456302896734,5,69.8375,3.75,18.6233333333333,.396812602671505,1.03352045674453
1066,199,3573,8,2,3,11,1,88,1,1,1,1,1,4,4,1,4,7,0,8,0,8,0,7,1,13,4,212.702072648694,3,69.8375,3.75,18.6233333333333,.396812602671505,-.488186429926633
1066,199,3574,8,1,3,7,1,88,1,1,1,1,1,4,7,1,4,7,0,7,0,6,0,7,1,13,4,173.032778292153,2,69.8375,3.75,18.6233333333333,.396812602671505, 
1066,199,3577,8,1,3,7,1,88,1,1,1,1,1,4,4,1,9,2,0,7,0,7,0,9,1,13,4,215.156173770726,4,69.8375,3.75,18.6233333333333,.396812602671505,1.42171276742206
1066,199,3580,8,2,3,2,1,88,1,1,2,1,1,4,6,1,4,6,0,9,0,9,0,9,1,13,4,248.112494556655,5,69.8375,3.75,18.6233333333333,.396812602671505,2.013763689307
1066,199,3581,8,1,3,3,1,88,1,1,1,1,1,4,8,1,4,2,0,6,0,5,0,5,1,13,4,153.472401744092,1,69.8375,3.75,18.6233333333333,.396812602671505,1.68704829892127
1066,199,3582,8,2,3,9,1,88,1,1,2,1,1,2,8,1,4,2,0,8,0,6,0,7,1,13,4,217.819842812645,4,69.8375,3.75,18.6233333333333,.396812602671505,.896768418131394
1066,199,3583,8,1,3,5,1,88,1,1,2,1,1,2,3,1,4,5,0,6,0,6,0,8,1,13,4,181.849967908796,2,69.8375,3.75,18.6233333333333,.396812602671505, 
1066,199,3584,8,2,3,3,1,88,1,1,2,1,1,3,99,3,3,99,0,8,0,9,0,9,1,13,4,199.499180495072,3,69.8375,3.75,18.6233333333333,.396812602671505,.427255388126461
1066,199,3585,8,1,3,2,1,88,1,1,2,1,1,2,7,1,4,7,0,5,0,5,0,7,1,13,4,163.899018251218,2,69.8375,3.75,18.6233333333333,.396812602671505,.339663761308474
1066,199,3587,8,2,3,6,1,88,1,1,1,1,1,1,8,1,2,8,0,7,0,7,0,7,1,13,4,220.161212943506,4,69.8375,3.75,18.6233333333333,.396812602671505,-.014926944607535
1066,199,3588,8,1,3,6,1,88,1,1,2,1,1,6,5,1,2,5,0,6,0,6,0,7,1,13,4,168.556417885604,2,69.8375,3.75,18.6233333333333,.396812602671505,.893220167212704
1066,199,3594,8,2,3,5,1,88,1,1,2,1,1,2,8,1,4,8,0,6,0,6,0,7,1,13,4,167.712259013376,2,69.8375,3.75,18.6233333333333,.396812602671505,.0886757736484206
1066,199,3595,8,1,3,3,1,88,1,1,9,1,1,4,5,1,4,5,0,6,0,6,0,8,1,13,4,158.921356723138,2,69.8375,3.75,18.6233333333333,.396812602671505,.300021283091167
1066,199,3723,8,2,3,12,1,88,1,3,2,1,2,4,6,2,6,6,0,7,0,7,0,8,1,13,4,176.811647048498,2,69.8375,3.75,18.6233333333333,.396812602671505,.41788851412153
1066,200,2530,8,2,4,1,1,88,1,1,2,1,1,2,8,1,4,6,0,8,0,7,0,6,1,13,4,231.847466827592,4,69.8375,3.75,18.6233333333333,-.122627376983915,-.101086152509983
1066,200,2591,8,1,3,10,1,88,1,1,1,1,1,4,5,1,7,2,0,7,0,6,0,6,1,13,4,139.467041250859,1,69.8375,3.75,18.6233333333333,-.122627376983915, 
1066,200,3571,8,2,3,2,1,88,1,1,2,1,2,4,6,1,9,6,0,9,0,9,0,9,1,13,4,262.549859094319,5,69.8375,3.75,18.6233333333333,-.122627376983915,2.17769536561816
1066,200,3575,8,1,3,11,1,88,1,1,1,1,1,2,6,1,3,7,0,6,0,6,0,6,1,13,4,173.997587355537,2,69.8375,3.75,18.6233333333333,-.122627376983915,.352578886232095
1066,200,3576,8,2,3,6,1,88,1,1,2,1,1,4,6,1,4,7,0,8,0,7,0,7,1,13,4,183.455402883722,2,69.8375,3.75,18.6233333333333,-.122627376983915,.0900251614992073
1066,200,3578,8,1,3,2,1,88,1,1,2,1,1,4,5,1,4,5,0,9,0,9,0,8,1,13,4,245.186341948839,5,69.8375,3.75,18.6233333333333,-.122627376983915,.719921616896611
1066,200,3579,8,1,3,8,1,88,1,1,1,1,1,2,5,1,2,4,0,6,0,6,0,6,1,13,4,154.63605073351,1,69.8375,3.75,18.6233333333333,-.122627376983915, 
1066,200,3586,8,1,3,3,1,88,1,1,1,1,1,2,8,1,3,2,0,7,0,7,0,6,1,13,4,190.872126369693,3,69.8375,3.75,18.6233333333333,-.122627376983915,-1.76089446564506
1066,200,3589,8,1,3,11,1,88,1,1,1,1,1,3,5,1,3,5,0,9,0,8,0,8,1,13,4,254.516602298788,5,69.8375,3.75,18.6233333333333,-.122627376983915,-.730982607907387
1066,200,3590,8,1,3,7,1,88,1,1,9,1,1,4,7,1,4,7,0,7,0,7,0,6,1,13,4,172.198447109038,2,69.8375,3.75,18.6233333333333,-.122627376983915,.318556826705553
1066,200,3591,8,1,3,9,1,88,1,1,2,1,1,3,6,1,2,8,0,7,0,7,0,6,1,13,4,168.302153357127,2,69.8375,3.75,18.6233333333333,-.122627376983915,-.699848640027521
1066,200,3592,8,2,3,12,1,88,1,1,2,1,1,2,6,1,2,2,0,9,0,9,0,8,1,13,4,217.71879833412,4,69.8375,3.75,18.6233333333333,-.122627376983915,-1.10989107564474
1066,200,3593,8,2,3,6,1,88,1,1,2,1,1,4,8,1,4,8,0,7,0,7,0,6,1,13,4,175.643834811389,2,69.8375,3.75,18.6233333333333,-.122627376983915,-.920129149486334
1066,200,3596,8,2,3,4,1,88,1,1,2,1,1,4,5,9,99,99,0,9,0,9,0,8,1,13,4,204.189105685062,3,69.8375,3.75,18.6233333333333,-.122627376983915,1.69996342384489
1066,200,3597,8,2,3,3,1,88,1,1,2,1,1,6,7,1,4,7,0,7,0,6,0,7,1,13,4,199.391543944644,3,69.8375,3.75,18.6233333333333,-.122627376983915, 
1066,200,3598,8,2,3,10,1,88,1,1,1,1,9,4,5,1,9,7,0,9,0,9,0,7,1,13,4,245.009374777863,5,69.8375,3.75,18.6233333333333,-.122627376983915,.214477459768176
1066,200,3599,8,1,3,7,1,88,1,1,1,1,1,2,8,1,4,99,0,8,0,8,0,6,1,13,4,185.60899367712,3,69.8375,3.75,18.6233333333333,-.122627376983915,-.803134657625335
1066,200,3600,8,2,3,7,1,88,1,1,1,1,1,2,8,1,4,99,0,9,0,8,0,7,1,13,4,217.243809417857,4,69.8375,3.75,18.6233333333333,-.122627376983915,-.416034380208685
1066,200,3601,8,1,3,9,1,88,1,1,2,1,1,4,8,2,4,8,0,6,0,6,0,8,1,13,4,177.149041506335,2,69.8375,3.75,18.6233333333333,-.122627376983915,-.730982607907387
1066,200,3715,8,2,2,10,1,88,3,1,2,1,1,99,99,1,4,2,0,7,0,7,0,6,1,13,4,193.995481072455,3,69.8375,3.75,18.6233333333333,-.122627376983915,-.384900412328819
1024,105,2056,8,2,3,3,1,88,1,1,2,1,1,2,7,1,2,2,0,8,0,7,0,7,1,10,3,190.593814797016,3,53.3263888888889,2.11111111111111,25.2598684210526,-.366966642916754, 
1024,105,2059,8,2,4,2,1,88,1,1,2,1,1,2,8,1,4,7,0,7,0,7,0,6,1,10,3,201.841492220508,3,53.3263888888889,2.11111111111111,25.2598684210526,-.366966642916754,-.920129149486334
1024,105,2060,8,2,3,7,3,5,1,2,2,1,3,2,8,3,2,5,0,9,0,8,0,7,1,10,3,204.020245222792,3,53.3263888888889,2.11111111111111,25.2598684210526,-.366966642916754,.469573378093093
1024,105,2063,8,1,3,9,1,88,1,1,2,1,1,4,8,1,4,8,0,8,0,7,0,8,1,10,3,241.051579929341,4,53.3263888888889,2.11111111111111,25.2598684210526,-.366966642916754,-.920129149486334
1024,105,2064,8,2,3,12,1,88,1,1,2,1,1,3,8,1,9,5,0,9,0,8,0,7,1,10,3,222.301402077163,4,53.3263888888889,2.11111111111111,25.2598684210526,-.366966642916754,.791816312024651
1024,105,2066,8,2,3,9,1,88,1,9,1,1,9,99,99,4,3,4,0,9,0,9,0,8,1,10,3,210.961577231955,3,53.3263888888889,2.11111111111111,25.2598684210526,-.366966642916754,.602054385866248
1024,105,2067,8,1,3,12,1,88,1,1,2,1,1,4,8,1,4,8,0,8,0,8,0,7,1,10,3,195.119607886796,3,53.3263888888889,2.11111111111111,25.2598684210526,-.366966642916754,-.920129149486334
1024,105,2069,8,2,3,7,1,88,1,1,2,1,9,99,99,1,4,8,0,9,0,8,0,8,1,10,3,210.293848278452,3,53.3263888888889,2.11111111111111,25.2598684210526,-.366966642916754,-.539871293898197
1024,105,2070,8,2,4,2,1,88,1,3,2,1,4,4,6,4,4,2,0,10,0,9,0,8,2,10,3,224.736723184685,4,53.3263888888889,2.11111111111111,25.2598684210526,-.366966642916754,-.101086152509983
1024,105,2074,8,1,3,10,1,88,1,1,2,1,1,6,7,2,4,7,0,9,0,8,0,7,2,10,3,238.522154952741,4,53.3263888888889,2.11111111111111,25.2598684210526,-.366966642916754, 
1024,105,2075,8,1,3,10,1,88,1,1,2,1,1,4,3,1,9,3,0,9,0,7,0,9,1,10,3,235.297042700082,4,53.3263888888889,2.11111111111111,25.2598684210526,-.366966642916754,1.03352045674453
1024,105,2076,8,1,3,10,1,88,1,1,2,1,1,4,1,1,4,8,0,7,0,7,0,6,1,10,3,173.032778292153,2,53.3263888888889,2.11111111111111,25.2598684210526,-.366966642916754, 
1024,105,2081,8,1,3,10,1,88,1,1,2,1,1,2,8,3,2,8,0,8,0,7,0,6,1,10,3,177.458445054569,2,53.3263888888889,2.11111111111111,25.2598684210526,-.366966642916754,-1.73978753104214
1024,105,2082,8,1,3,6,1,88,1,1,2,1,1,4,5,1,4,2,0,6,0,6,0,7,1,10,3,190.003528473952,3,53.3263888888889,2.11111111111111,25.2598684210526,-.366966642916754,-.488186429926633
1024,105,2083,8,1,3,3,1,88,1,3,2,1,4,2,8,4,2,2,0,7,0,6,0,6,1,10,3,198.364787101001,3,53.3263888888889,2.11111111111111,25.2598684210526,-.366966642916754,-1.11808288532404
1024,105,2084,8,1,3,5,1,88,1,3,2,1,3,4,6,3,4,2,0,6,0,7,0,6,1,10,3,176.929671662058,2,53.3263888888889,2.11111111111111,25.2598684210526,-.366966642916754,-.920129149486334
1024,105,3854,8,1,2,3,1,88,3,3,2,1,4,2,6,4,2,2,0,7,0,6,0,5,1,10,3,154.636050733511,1,53.3263888888889,2.11111111111111,25.2598684210526,-.366966642916754, 
1024,106,2016,8,2,3,9,1,88,1,1,1,1,1,9,7,1,4,2,0,9,0,9,0,9,2,10,3,225.970337627724,4,53.3263888888889,2.11111111111111,25.2598684210526,.0270638641225694,.403624001347123
1024,106,2030,8,1,3,1,1,88,1,1,1,1,1,2,9,1,7,7,0,8,0,9,0,8,1,10,3,195.039872279547,3,53.3263888888889,2.11111111111111,25.2598684210526,.0270638641225694,-.730982607907387
1024,106,2055,8,1,3,11,1,88,1,1,1,1,1,3,8,1,4,6,0,7,0,7,0,6,1,10,3,190.450593717614,3,53.3263888888889,2.11111111111111,25.2598684210526,.0270638641225694,-.920129149486334
1024,106,2057,8,2,3,4,1,88,1,1,2,1,1,4,8,1,4,7,0,8,0,8,0,8,1,10,3,195.119607886796,3,53.3263888888889,2.11111111111111,25.2598684210526,.0270638641225694,-.730982607907387
1024,106,2058,8,2,4,4,4,1,1,9,1,1,9,99,99,4,2,8,0,8,0,7,0,8,2,10,3,168.556417885604,2,53.3263888888889,2.11111111111111,25.2598684210526,.0270638641225694, 
1024,106,2061,8,2,3,8,4,7,1,9,2,1,9,99,99,4,2,2,0,8,0,7,0,9,1,10,3,180.54704763707,2,53.3263888888889,2.11111111111111,25.2598684210526,.0270638641225694,-1.67447790315271
1024,106,2062,8,2,2,10,1,88,3,3,2,1,4,2,4,4,3,2,0,8,0,6,0,7,1,10,3,172.144467657483,2,53.3263888888889,2.11111111111111,25.2598684210526,.0270638641225694,.667527113930797
1024,106,2065,8,2,3,8,1,88,1,1,2,1,1,2,8,1,2,6,0,7,0,8,0,7,1,10,3,173.032778292153,2,53.3263888888889,2.11111111111111,25.2598684210526,.0270638641225694, 
1024,106,2068,8,1,3,6,1,88,1,1,1,1,1,2,8,1,9,5,0,7,0,6,0,7,1,10,3,190.872126369693,3,53.3263888888889,2.11111111111111,25.2598684210526,.0270638641225694,.614969510789869
1024,106,2071,8,2,4,2,1,88,1,3,2,1,4,4,6,4,4,2,0,8,0,8,0,8,2,10,3,223.078265484136,4,53.3263888888889,2.11111111111111,25.2598684210526,.0270638641225694,-.539871293898197
1024,106,2072,8,2,3,1,1,88,1,3,2,1,3,2,8,3,4,2,0,10,0,8,0,9,1,10,3,213.604900789007,3,53.3263888888889,2.11111111111111,25.2598684210526,.0270638641225694,-.101086152509983
1024,106,2073,8,2,3,11,1,88,1,1,2,1,1,7,7,1,4,8,0,10,0,8,0,8,2,10,3,233.838858808275,4,53.3263888888889,2.11111111111111,25.2598684210526,.0270638641225694,1.23399864475865
1024,106,2077,8,2,3,11,1,88,1,1,2,1,1,2,6,1,4,6,0,9,0,9,0,9,1,10,3,224.736723184685,4,53.3263888888889,2.11111111111111,25.2598684210526,.0270638641225694,.0900251614992073
1024,106,2078,8,1,3,1,1,88,1,1,2,1,9,99,99,1,4,6,0,8,0,6,0,8,1,10,3,217.72987054248,4,53.3263888888889,2.11111111111111,25.2598684210526,.0270638641225694,.529425687466878
1024,106,2079,8,2,3,9,1,88,1,1,2,1,1,7,7,1,4,7,0,9,0,9,0,10,1,10,3,245.622938215432,5,53.3263888888889,2.11111111111111,25.2598684210526,.0270638641225694,-.539871293898197
1024,106,2080,8,1,3,8,1,88,1,1,1,1,1,4,6,1,4,8,0,7,0,6,0,7,1,10,3,208.05360215879,3,53.3263888888889,2.11111111111111,25.2598684210526,.0270638641225694,.0900251614992073
1024,106,3718,8,1,3,8,1,88,1,1,1,1,1,4,8,1,4,8,0,8,0,9,0,8,1,10,3,173.032778292153,2,53.3263888888889,2.11111111111111,25.2598684210526,.0270638641225694, 
1024,106,3741,8,2,4,1,1,88,1,3,1,1,4,4,8,4,4,7,0,7,0,7,0,8,2,10,3,212.377384947866,3,53.3263888888889,2.11111111111111,25.2598684210526,.0270638641225694,2.013763689307
1024,106,3817,8,1,2,6,4,10,3,2,2,2,4,2,8,4,2,8,0,7,0,7,0,9,1,10,3,186.223210868742,3,53.3263888888889,2.11111111111111,25.2598684210526,.0270638641225694, 
1023,103,2017,8,2,3,9,1,88,1,1,9,9,1,4,7,1,4,8,0,6,0,5,0,5,1,10,3,196.395065752615,3,45.7083333333333,2.5,18.2833333333333,-.300309502359651,-.539871293898197
1023,103,2021,8,1,3,2,1,88,1,3,9,9,2,2,6,2,4,2,0,7,0,6,0,5,1,10,3,186.117187524687,3,45.7083333333333,2.5,18.2833333333333,-.300309502359651,-.730982607907387
1023,103,2024,8,1,3,7,1,88,1,1,9,9,1,1,8,1,2,8,0,6,0,5,0,5,1,10,3,149.395129631806,1,45.7083333333333,2.5,18.2833333333333,-.300309502359651,-1.30784481148244
1023,103,2025,8,2,3,4,1,88,1,1,9,9,1,4,6,1,6,7,0,7,0,7,0,9,1,10,3,240.987975091199,4,45.7083333333333,2.5,18.2833333333333,-.300309502359651,1.37564832214126
1023,103,2027,8,2,3,6,1,88,1,1,9,9,1,4,6,1,4,1,0,7,0,7,0,6,1,10,3,228.170685931063,4,45.7083333333333,2.5,18.2833333333333,-.300309502359651,.732836741820232
1023,103,2029,8,2,3,8,1,88,1,1,9,9,1,2,8,1,2,8,0,6,0,6,0,6,1,10,3,163.469151865825,2,45.7083333333333,2.5,18.2833333333333,-.300309502359651,-1.359529675454
1023,103,2032,8,1,3,11,1,88,1,3,9,9,4,1,1,2,7,8,0,7,0,6,0,9,1,10,3,212.753987203098,3,45.7083333333333,2.5,18.2833333333333,-.300309502359651,-1.14953355386204
1023,103,2034,8,1,3,3,1,88,1,1,9,9,1,4,6,1,4,6,0,8,0,8,0,8,1,10,3,224.736723184685,4,45.7083333333333,2.5,18.2833333333333,-.300309502359651,-.101086152509983
1023,103,2035,8,1,3,3,1,88,1,1,9,9,1,6,6,1,6,7,0,7,0,6,0,7,1,10,3,201.841492220508,3,45.7083333333333,2.5,18.2833333333333,-.300309502359651,.84437391516558
1023,103,2036,8,2,4,3,1,88,1,1,9,9,1,2,8,9,7,99,0,7,0,6,0,7,1,10,3,190.032188866485,3,45.7083333333333,2.5,18.2833333333333,-.300309502359651,-.416034380208685
1023,103,2037,8,2,3,5,1,88,1,1,9,9,2,4,8,1,4,8,0,8,0,9,0,9,1,10,3,212.702072648694,3,45.7083333333333,2.5,18.2833333333333,-.300309502359651,-1.11808288532404
1023,103,2038,8,1,3,5,1,88,1,1,9,9,1,4,7,1,6,6,0,7,0,6,0,6,1,10,3,194.977645031822,3,45.7083333333333,2.5,18.2833333333333,-.300309502359651,.578271939514002
1023,103,2039,8,2,3,10,1,88,1,1,9,9,1,4,6,1,4,8,0,6,0,7,0,7,1,10,3,186.751801862785,3,45.7083333333333,2.5,18.2833333333333,-.300309502359651,-.224923066199495
1023,103,2040,8,1,3,5,1,88,1,3,9,9,4,4,8,4,4,1,0,6,0,6,0,5,1,10,3,159.370812299182,2,45.7083333333333,2.5,18.2833333333333,-.300309502359651,-1.11808288532404
1023,103,2042,8,2,3,3,1,88,1,1,9,9,1,4,1,1,2,1,0,8,0,7,0,7,1,10,3,206.188152021854,3,45.7083333333333,2.5,18.2833333333333,-.300309502359651,-.329875172306237
1023,103,2043,8,2,3,6,1,88,1,1,9,9,1,4,8,1,6,6,0,6,0,6,0,6,1,10,3,128.171023165298,1,45.7083333333333,2.5,18.2833333333333,-.300309502359651, 
1023,103,2049,8,1,3,4,1,88,1,1,9,9,1,6,7,4,6,7,0,8,0,9,0,9,1,10,3,230.095334182086,4,45.7083333333333,2.5,18.2833333333333,-.300309502359651,-.224923066199495
1023,103,2050,8,1,3,9,1,88,1,1,9,9,2,4,8,1,6,7,0,6,0,5,0,6,1,10,3,186.066148174969,3,45.7083333333333,2.5,18.2833333333333,-.300309502359651,.594735315356313
1023,103,2051,8,1,3,2,1,88,1,1,9,9,1,4,8,1,2,8,0,7,0,7,0,6,1,10,3,194.977645031822,3,45.7083333333333,2.5,18.2833333333333,-.300309502359651, 
1023,103,2052,8,1,3,9,1,88,1,1,9,9,1,2,6,1,2,2,0,6,0,8,0,7,1,10,3,203.423890304769,3,45.7083333333333,2.5,18.2833333333333,-.300309502359651,-1.10989107564474
1023,103,2053,8,1,3,3,1,88,1,1,9,9,1,2,6,1,2,2,0,7,0,7,0,6,1,10,3,168.556417885604,2,45.7083333333333,2.5,18.2833333333333,-.300309502359651, 
1023,103,2054,8,2,3,6,1,88,1,1,9,9,4,2,6,1,4,8,0,7,0,7,0,7,1,10,3,200.894627797131,3,45.7083333333333,2.5,18.2833333333333,-.300309502359651,-.101086152509983
1023,104,2014,8,1,3,6,1,88,1,1,9,9,1,7,1,2,7,1,0,7,0,8,0,9,1,10,3,232.950779570475,4,45.7083333333333,2.5,18.2833333333333,-.0778495534210677,-.730982607907387
1023,104,2015,8,1,3,12,1,88,1,1,1,1,1,2,8,1,4,7,6,6,6,6,5,6,1,10,3,173.032778292153,2,45.7083333333333,2.5,18.2833333333333,-.0778495534210677, 
1023,104,2018,8,1,3,5,1,88,1,1,9,9,1,6,3,1,6,7,0,8,0,8,0,8,1,10,3,234.562126743377,4,45.7083333333333,2.5,18.2833333333333,-.0778495534210677,1.65111717179777
1023,104,2019,8,2,3,9,1,88,1,9,9,9,4,1,8,9,7,99,0,7,0,5,0,8,1,10,3,161.964592966565,2,45.7083333333333,2.5,18.2833333333333,-.0778495534210677,-.920129149486334
1023,104,2020,8,2,3,9,1,88,1,9,9,9,4,1,8,9,7,99,0,6,0,5,0,8,1,10,3,163.224331480197,2,45.7083333333333,2.5,18.2833333333333,-.0778495534210677,-.329875172306237
1023,104,2022,8,1,3,5,1,88,1,1,9,9,1,4,6,1,6,7,0,8,0,7,0,7,1,10,3,181.849967908796,2,45.7083333333333,2.5,18.2833333333333,-.0778495534210677, 
1023,104,2023,8,2,3,12,1,88,1,1,9,9,1,6,7,1,4,7,0,9,0,8,0,9,1,10,3,255.210011576571,5,45.7083333333333,2.5,18.2833333333333,-.0778495534210677,-.416034380208685
1023,104,2026,8,2,3,8,1,88,1,3,9,9,2,4,8,2,4,8,0,8,0,8,0,9,1,10,3,230.051515206365,4,45.7083333333333,2.5,18.2833333333333,-.0778495534210677,-.920129149486334
1023,104,2028,8,2,3,3,1,88,1,3,9,9,2,7,1,2,4,1,0,8,0,7,0,8,1,10,3,238.203453270138,4,45.7083333333333,2.5,18.2833333333333,-.0778495534210677,.41788851412153
1023,104,2031,8,1,3,10,1,88,1,1,9,9,1,2,7,1,4,8,0,7,0,7,0,6,1,10,3,212.377384947866,3,45.7083333333333,2.5,18.2833333333333,-.0778495534210677,-.920129149486334
1023,104,2033,8,1,3,12,1,88,1,3,9,9,2,2,8,2,4,7,0,8,0,7,0,8,1,10,3,153.472401744092,1,45.7083333333333,2.5,18.2833333333333,-.0778495534210677,1.34846868444323
1023,104,2041,8,2,3,10,1,88,1,1,9,9,1,4,6,1,2,6,0,7,0,6,0,6,1,10,3,202.164670218052,3,45.7083333333333,2.5,18.2833333333333,-.0778495534210677,-.51963709846464
1023,104,2044,8,1,3,7,1,88,1,1,9,9,1,2,8,1,4,8,0,7,0,7,0,7,1,10,3,172.815196660325,2,45.7083333333333,2.5,18.2833333333333,-.0778495534210677,-.920129149486334
1023,104,2045,8,1,3,12,1,88,1,1,9,9,1,4,6,1,4,7,0,6,0,7,0,8,1,10,3,212.631247293932,3,45.7083333333333,2.5,18.2833333333333,-.0778495534210677,-.539871293898197
1023,104,2046,8,1,3,1,1,88,1,1,9,9,1,6,6,1,6,6,0,8,0,9,0,8,1,10,3,247.140943268616,5,45.7083333333333,2.5,18.2833333333333,-.0778495534210677,1.33616894409906
1023,104,2047,8,2,3,5,1,88,1,1,9,9,1,4,6,1,4,6,0,7,0,5,0,6,1,10,3,178.580804180801,2,45.7083333333333,2.5,18.2833333333333,-.0778495534210677,.352578886232095
1023,104,2048,8,1,3,11,1,88,1,1,9,9,1,2,8,1,4,8,0,7,0,6,0,6,1,10,3,199.391543944644,3,45.7083333333333,2.5,18.2833333333333,-.0778495534210677, 
1023,104,2085,8,1,3,3,1,88,1,1,9,9,1,4,8,1,4,8,0,8,0,7,0,7,1,10,3,213.604900789007,3,45.7083333333333,2.5,18.2833333333333,-.0778495534210677,-.539871293898197
1023,104,2086,8,2,3,12,1,88,1,3,9,9,4,7,1,4,7,1,0,8,0,7,0,8,1,10,3,185.60899367712,3,45.7083333333333,2.5,18.2833333333333,-.0778495534210677,.404973389197909
1023,104,3742,8,2,3,9,1,88,1,3,9,9,4,2,8,4,4,8,0,7,0,5,0,8,1,10,3,159.378847967569,2,45.7083333333333,2.5,18.2833333333333,-.0778495534210677, 
980,5,2,8,2,2,5,1,88,3,3,2,1,4,99,6,4,99,6,6,6,8,8,6,6,1,10,3,159.378847967569,2,45.7083333333333,6.47619047619048,7.05790441176471,.153794365081682, 
980,5,344,8,2,3,10,1,88,1,1,1,1,1,4,6,1,6,7,9,9,10,10,9,9,1,10,3,217.719568690296,4,45.7083333333333,6.47619047619048,7.05790441176471,.153794365081682,.541725427811042
980,5,345,8,2,3,3,1,88,1,1,2,1,1,6,5,1,6,5,10,10,10,10,8,8,1,10,3,223.078265484136,4,45.7083333333333,6.47619047619048,7.05790441176471,.153794365081682,1.43462789234568
980,5,356,8,1,3,6,1,88,1,1,2,1,1,4,6,4,2,2,6,6,8,8,7,7,1,10,3,212.997910158155,3,45.7083333333333,6.47619047619048,7.05790441176471,.153794365081682,-1.14953355386204
980,5,357,8,2,3,11,1,88,1,1,2,1,1,4,8,1,4,8,8,8,8,8,9,9,1,10,3,222.606703967896,4,45.7083333333333,6.47619047619048,7.05790441176471,.153794365081682,-.618096046711253
980,5,358,8,2,3,6,1,88,1,1,2,1,1,4,5,1,4,5,6,6,5,5,6,6,1,10,3,144.713610015379,1,45.7083333333333,6.47619047619048,7.05790441176471,.153794365081682, 
980,5,359,8,2,3,3,1,88,1,1,1,1,1,2,8,1,4,8,9,9,9,9,8,8,1,10,3,186.194707339138,3,45.7083333333333,6.47619047619048,7.05790441176471,.153794365081682,.141710025470771
980,5,360,8,2,3,1,1,88,1,1,1,1,1,6,5,1,6,5,8,8,8,8,8,8,1,10,3,197.554199645746,3,45.7083333333333,6.47619047619048,7.05790441176471,.153794365081682,1.43462789234568
980,5,361,8,2,3,2,1,88,1,1,2,1,1,6,3,1,4,3,8,8,9,9,7,7,1,10,3,185.026078032774,2,45.7083333333333,6.47619047619048,7.05790441176471,.153794365081682,1.22463177075372
980,5,362,8,2,3,12,1,88,1,1,2,1,1,1,8,1,3,6,7,7,8,8,7,7,1,10,3,168.556417885604,2,45.7083333333333,6.47619047619048,7.05790441176471,.153794365081682, 
980,5,363,8,2,3,11,1,88,1,1,2,1,1,4,5,1,6,5,8,8,8,8,10,10,1,10,3,220.467620281425,4,45.7083333333333,6.47619047619048,7.05790441176471,.153794365081682,-.539871293898197
980,5,365,8,2,3,9,1,88,1,3,1,1,4,6,8,2,4,8,8,8,8,8,9,9,1,10,3,190.450593717614,3,45.7083333333333,6.47619047619048,7.05790441176471,.153794365081682,-.00201181968391406
980,5,374,8,1,3,2,1,88,1,1,2,1,1,4,7,1,4,7,9,9,9,9,9,9,1,10,3,230.095334182086,4,45.7083333333333,6.47619047619048,7.05790441176471,.153794365081682,-.539871293898197
980,5,375,8,2,3,6,1,88,1,1,2,1,1,4,8,1,6,7,8,8,8,8,7,7,1,10,3,196.340823620549,3,45.7083333333333,6.47619047619048,7.05790441176471,.153794365081682,.594735315356313
980,5,376,8,1,3,12,1,88,1,1,2,1,1,4,5,1,2,8,7,7,8,8,8,8,1,10,3,180.54704763707,2,45.7083333333333,6.47619047619048,7.05790441176471,.153794365081682,-1.11808288532404
980,5,377,8,2,3,12,1,88,1,1,2,1,1,4,6,1,6,7,8,8,6,6,8,8,1,10,3,181.218531792574,2,45.7083333333333,6.47619047619048,7.05790441176471,.153794365081682,.594735315356313
980,5,379,8,1,3,9,1,88,1,1,2,1,1,2,8,1,4,8,6,6,6,6,6,6,1,10,3,159.378847967569,2,45.7083333333333,6.47619047619048,7.05790441176471,.153794365081682, 
980,5,381,8,1,3,10,1,88,1,3,2,1,4,2,8,4,2,2,5,5,6,6,7,7,1,10,3,173.032778292153,2,45.7083333333333,6.47619047619048,7.05790441176471,.153794365081682, 
980,5,3847,8,2,3,6,3,99,1,2,2,2,2,99,99,3,99,99,7,7,8,8,7,7,1,10,3,133.972325842708,1,45.7083333333333,6.47619047619048,7.05790441176471,.153794365081682, 
980,6,346,8,1,3,12,1,88,1,1,2,1,1,2,99,1,1,8,8,8,8,8,7,7,1,10,3,173.032778292153,2,45.7083333333333,6.47619047619048,7.05790441176471,.3189278381511, 
980,6,347,8,2,3,5,1,88,1,1,2,1,1,4,7,1,4,7,7,7,7,7,7,7,1,10,3,222.606703967896,4,45.7083333333333,6.47619047619048,7.05790441176471,.3189278381511, 
980,6,348,8,2,3,6,1,88,1,1,1,1,1,3,4,1,3,4,6,6,5,5,7,7,1,10,3,168.556417885604,2,45.7083333333333,6.47619047619048,7.05790441176471,.3189278381511, 
980,6,349,8,1,3,9,1,88,1,1,1,1,1,6,5,1,4,3,8,8,10,10,8,8,1,10,3,204.189105685062,3,45.7083333333333,6.47619047619048,7.05790441176471,.3189278381511,-.416034380208685
980,6,350,8,1,3,10,1,88,1,1,1,1,1,5,6,3,4,7,7,7,8,8,8,8,1,10,3,204.189105685062,3,45.7083333333333,6.47619047619048,7.05790441176471,.3189278381511,-.29023269408893
980,6,351,8,1,3,5,1,88,1,1,1,1,1,4,5,1,6,5,8,8,8,8,8,8,1,10,3,190.567628810498,3,45.7083333333333,6.47619047619048,7.05790441176471,.3189278381511,.856673655509744
980,6,352,8,1,3,9,1,88,1,1,1,1,1,3,6,1,6,6,8,8,9,9,8,8,1,10,3,222.714087874754,4,45.7083333333333,6.47619047619048,7.05790441176471,.3189278381511,.0900251614992073
980,6,353,8,1,3,10,1,88,1,3,2,1,4,4,8,4,2,8,6,6,5,5,5,5,1,10,3,173.997587355537,2,45.7083333333333,6.47619047619048,7.05790441176471,.3189278381511,-2.05473575874084
980,6,354,8,1,3,9,1,88,1,1,1,1,1,3,8,1,6,7,6,6,6,6,8,8,1,10,3,217.403714843654,4,45.7083333333333,6.47619047619048,7.05790441176471,.3189278381511,1.59855956865684
980,6,355,8,2,3,1,1,88,1,1,2,1,1,4,6,1,2,4,6,6,6,6,6,6,1,10,3,121.986922678729,1,45.7083333333333,6.47619047619048,7.05790441176471,.3189278381511, 
980,6,364,8,1,3,8,1,88,1,1,1,1,1,6,3,1,4,3,7,7,6,6,7,7,1,10,3,215.156173770726,4,45.7083333333333,6.47619047619048,7.05790441176471,.3189278381511,2.17769536561816
980,6,366,8,2,3,3,1,88,1,1,1,1,1,6,7,1,6,7,9,9,10,10,9,9,1,10,3,254.17035275903,5,45.7083333333333,6.47619047619048,7.05790441176471,.3189278381511,.403624001347123
980,6,367,8,1,3,10,1,88,1,1,2,1,1,6,5,1,6,5,7,7,8,8,7,7,1,10,3,196.395065752615,3,45.7083333333333,6.47619047619048,7.05790441176471,.3189278381511,1.69996342384489
980,6,368,8,2,3,10,1,88,1,1,1,1,1,4,6,1,6,6,8,8,9,9,8,8,1,10,3,217.71879833412,4,45.7083333333333,6.47619047619048,7.05790441176471,.3189278381511,1.03352045674453
980,6,369,8,1,3,11,1,88,1,1,1,1,1,4,1,1,4,1,8,8,9,9,9,9,1,10,3,202.219074029995,3,45.7083333333333,6.47619047619048,7.05790441176471,.3189278381511,.213862075188719
980,6,370,8,2,3,3,1,88,1,1,1,1,1,4,4,1,6,4,7,7,9,9,9,9,1,10,3,232.950779570475,4,45.7083333333333,6.47619047619048,7.05790441176471,.3189278381511, 
980,6,371,8,1,3,11,1,88,1,1,2,1,1,4,6,1,4,6,7,7,8,8,8,8,1,10,3,212.377384947866,3,45.7083333333333,6.47619047619048,7.05790441176471,.3189278381511,1.19525326998778
980,6,372,8,2,3,4,1,88,1,1,2,1,1,2,6,1,4,6,8,8,8,8,8,8,1,10,3,190.567628810498,3,45.7083333333333,6.47619047619048,7.05790441176471,.3189278381511,-1.10989107564474
980,6,373,8,1,3,10,1,88,1,3,2,1,3,99,99,3,99,99,8,8,8,8,7,7,1,10,3,199.391543944644,3,45.7083333333333,6.47619047619048,7.05790441176471,.3189278381511,-.428949505132306
980,6,378,8,1,3,12,1,88,1,1,2,1,1,4,8,1,4,2,8,8,9,9,8,8,1,10,3,196.340823620549,3,45.7083333333333,6.47619047619048,7.05790441176471,.3189278381511,.213862075188719
980,6,380,8,2,3,2,1,88,1,1,2,1,1,4,5,1,4,5,9,9,10,10,9,9,1,10,3,220.08352478628,4,45.7083333333333,6.47619047619048,7.05790441176471,.3189278381511,.528810302887421
980,6,382,8,2,3,2,1,88,1,1,2,1,1,2,6,1,4,1,8,8,6,6,7,7,1,10,3,215.261800084824,4,45.7083333333333,6.47619047619048,7.05790441176471,.3189278381511,-.29023269408893
980,6,3848,8,1,2,7,4,99,3,2,2,2,4,99,99,4,99,99,5,5,5,5,5,5,1,10,3,115.315912484084,1,45.7083333333333,6.47619047619048,7.05790441176471,.3189278381511, 
1020,97,53,8,1,2,10,1,88,3,1,9,1,1,2,8,1,2,7,0,6,0,5,0,5,1,9,3,173.032778292153,2,153.148837209302,2.65116279069767,57.7666666666667,.224556399358462, 
1020,97,55,8,1,2,5,1,88,3,1,9,1,1,2,8,1,2,8,0,6,0,5,0,5,1,9,3,199.499180495072,3,153.148837209302,2.65116279069767,57.7666666666667,.224556399358462,-.605796306367088
1020,97,56,8,2,2,5,1,88,3,3,9,9,2,1,8,2,99,2,0,6,0,4,0,4,1,9,3,144.713610015379,1,153.148837209302,2.65116279069767,57.7666666666667,.224556399358462, 
1020,97,1900,8,2,3,5,1,88,1,1,9,1,1,2,8,1,4,7,0,6,0,7,0,7,1,9,3,193.73738081401,3,153.148837209302,2.65116279069767,57.7666666666667,.224556399358462,.0900251614992073
1020,97,1901,8,2,4,1,1,88,1,1,9,1,1,4,7,1,4,7,0,8,0,7,0,5,1,9,3,173.032778292153,2,153.148837209302,2.65116279069767,57.7666666666667,.224556399358462, 
1020,97,1906,8,2,3,5,1,88,1,1,9,1,1,2,99,1,9,5,0,7,0,6,0,8,1,9,3,223.078265484136,4,153.148837209302,2.65116279069767,57.7666666666667,.224556399358462,2.013763689307
1020,97,1907,8,2,3,9,1,88,1,1,9,1,1,4,6,1,4,6,0,7,0,5,0,6,1,9,3,172.367499295602,2,153.148837209302,2.65116279069767,57.7666666666667,.224556399358462,-.29023269408893
1020,97,1910,8,1,3,9,1,88,1,1,9,9,1,99,99,3,99,99,0,6,0,5,0,7,1,9,3,229.999961992681,4,153.148837209302,2.65116279069767,57.7666666666667,.224556399358462,-1.11808288532404
1020,97,1912,8,2,3,7,1,88,1,1,9,1,1,4,8,1,4,8,0,7,0,7,0,6,1,9,3,181.730551156553,2,153.148837209302,2.65116279069767,57.7666666666667,.224556399358462,-1.32974509542492
1020,97,1914,8,1,3,12,1,88,1,1,9,1,1,2,7,1,99,99,0,8,0,7,0,8,1,9,3,245.186341948839,5,153.148837209302,2.65116279069767,57.7666666666667,.224556399358462,.929917738488571
1020,97,1915,8,1,3,1,1,88,1,1,9,1,1,2,8,1,4,2,0,7,0,5,0,6,1,9,3,176.929671662058,2,153.148837209302,2.65116279069767,57.7666666666667,.224556399358462,-1.55064098946319
1020,97,1916,8,1,3,12,1,88,1,1,9,1,1,2,5,1,4,99,0,7,0,5,0,6,1,9,3,149.757714662002,1,153.148837209302,2.65116279069767,57.7666666666667,.224556399358462, 
1020,97,1917,8,1,3,1,1,88,1,1,9,1,1,4,5,1,4,5,0,9,0,10,0,9,1,9,3,307.082047427679,5,153.148837209302,2.65116279069767,57.7666666666667,.224556399358462,.213862075188719
1020,97,1921,8,1,3,5,1,88,1,1,9,1,1,4,8,1,9,7,0,8,0,8,0,9,1,9,3,241.051579929341,4,153.148837209302,2.65116279069767,57.7666666666667,.224556399358462,1.74957612004438
1020,97,1922,8,2,3,5,1,88,1,1,9,1,1,4,5,1,4,2,0,9,0,9,0,10,1,9,3,270.480769904468,5,153.148837209302,2.65116279069767,57.7666666666667,.224556399358462,.0900251614992073
1020,97,1923,8,1,3,4,1,88,1,1,9,1,1,2,9,1,9,5,0,8,0,8,0,8,1,9,3,213.286742768821,3,153.148837209302,2.65116279069767,57.7666666666667,.224556399358462,1.22463177075372
1020,97,1924,8,2,3,8,1,88,1,1,9,1,1,4,5,1,4,7,0,7,0,7,0,8,1,9,3,227.665111014356,4,153.148837209302,2.65116279069767,57.7666666666667,.224556399358462,.667527113930797
1020,97,1929,8,2,3,6,1,88,1,1,9,1,1,2,8,1,2,7,0,7,0,6,0,6,1,9,3,161.964592966565,2,153.148837209302,2.65116279069767,57.7666666666667,.224556399358462,-.605180921787631
1020,97,1930,8,2,3,1,1,88,1,1,9,1,1,4,5,1,9,99,0,7,0,6,0,6,1,9,3,205.380081543092,3,153.148837209302,2.65116279069767,57.7666666666667,.224556399358462,.48978320924957
1020,97,1934,8,2,3,8,1,88,1,1,9,1,1,9,7,1,4,2,0,7,0,9,0,8,1,9,3,250.855950814698,5,153.148837209302,2.65116279069767,57.7666666666667,.224556399358462,.594735315356313
1020,97,1935,8,2,3,4,1,88,1,1,9,1,1,4,5,1,9,7,0,8,0,7,0,8,1,9,3,253.95583235175,5,153.148837209302,2.65116279069767,57.7666666666667,.224556399358462,.434757969226989
1020,97,1936,8,2,3,11,1,88,1,1,9,1,1,4,6,1,4,2,0,7,0,5,0,6,1,9,3,212.377384947866,3,153.148837209302,2.65116279069767,57.7666666666667,.224556399358462,1.04308875636366
1020,97,3778,8,1,3,5,4,99,1,9,9,9,9,2,8,9,1,2,0,7,0,5,0,4,1,9,3,154.63605073351,1,153.148837209302,2.65116279069767,57.7666666666667,.224556399358462, 
1020,98,54,8,1,2,9,1,88,3,1,9,1,1,99,99,1,99,99,0,6,0,5,0,6,1,9,3,212.702072648694,3,153.148837209302,2.65116279069767,57.7666666666667,.284108710253111,1.37095210898598
1020,98,335,8,2,3,10,1,88,1,1,9,1,9,99,99,1,9,7,0,8,0,9,0,9,1,9,3,231.847466827592,4,153.148837209302,2.65116279069767,57.7666666666667,.284108710253111,1.43462789234568
1020,98,1902,8,2,3,6,1,88,1,1,9,1,1,4,8,1,99,99,0,7,0,7,0,7,1,9,3,190.872126369693,3,153.148837209302,2.65116279069767,57.7666666666667,.284108710253111,-.539871293898197
1020,98,1903,8,1,3,5,1,88,1,1,9,1,1,2,8,1,99,99,0,6,0,5,0,6,1,9,3,177.23634866773,2,153.148837209302,2.65116279069767,57.7666666666667,.284108710253111,-.86773464652052
1020,98,1904,8,2,3,7,1,88,1,1,9,1,1,4,99,1,9,2,0,6,0,6,0,7,1,9,3,168.556417885604,2,153.148837209302,2.65116279069767,57.7666666666667,.284108710253111, 
1020,98,1905,8,2,3,5,1,88,1,1,9,1,1,4,8,1,4,2,0,9,0,9,0,9,1,9,3,238.932699694153,4,153.148837209302,2.65116279069767,57.7666666666667,.284108710253111,.719921616896611
1020,98,1908,8,2,3,6,1,88,1,1,9,1,1,4,7,1,9,7,0,8,0,7,0,8,1,9,3,214.76197012002,4,153.148837209302,2.65116279069767,57.7666666666667,.284108710253111,.718572229045825
1020,98,1909,8,1,3,5,1,88,1,1,9,9,1,99,99,1,99,99,0,7,0,8,0,8,1,9,3,283.334869145567,5,153.148837209302,2.65116279069767,57.7666666666667,.284108710253111,.541725427811042
1020,98,1911,8,1,3,3,1,88,1,1,9,1,1,2,5,1,4,1,0,5,0,7,0,8,1,9,3,190.450593717614,3,153.148837209302,2.65116279069767,57.7666666666667,.284108710253111,-.173238202227931
1020,98,1913,8,2,3,2,1,88,1,1,9,1,1,2,5,1,4,7,0,8,0,6,0,8,1,9,3,257.870056916923,5,153.148837209302,2.65116279069767,57.7666666666667,.284108710253111,.0900251614992073
1020,98,1918,8,2,3,6,1,88,1,1,9,9,1,9,7,1,9,5,0,8,0,10,0,9,1,9,3,228.170685931063,4,153.148837209302,2.65116279069767,57.7666666666667,.284108710253111,1.69996342384489
1020,98,1919,8,1,3,8,1,88,1,1,9,1,1,2,7,1,4,7,0,6,0,5,0,5,1,9,3,176.622278965223,2,153.148837209302,2.65116279069767,57.7666666666667,.284108710253111,-.605180921787631
1020,98,1920,8,1,3,12,1,88,1,1,9,1,1,2,8,1,4,99,0,6,0,6,0,6,1,9,3,186.223210868742,3,153.148837209302,2.65116279069767,57.7666666666667,.284108710253111, 
1020,98,1925,8,1,3,11,1,88,1,1,9,1,1,2,8,1,9,7,0,6,0,6,0,6,1,9,3,202.164670218052,3,153.148837209302,2.65116279069767,57.7666666666667,.284108710253111,1.06070009444256
1020,98,1926,8,2,3,12,1,88,1,1,9,1,1,2,1,1,99,99,0,6,0,5,0,7,1,9,3,173.997587355537,2,153.148837209302,2.65116279069767,57.7666666666667,.284108710253111,-.539871293898197
1020,98,1927,8,1,3,1,1,88,1,1,9,1,1,4,7,1,4,2,0,7,0,7,0,7,1,9,3,186.223210868742,3,153.148837209302,2.65116279069767,57.7666666666667,.284108710253111, 
1020,98,1928,8,1,3,7,1,88,1,1,9,1,1,2,8,1,4,8,0,6,0,6,0,8,1,9,3,208.839444713797,3,153.148837209302,2.65116279069767,57.7666666666667,.284108710253111,-.920129149486334
1020,98,1931,8,1,3,9,1,88,1,1,9,1,1,4,7,1,4,7,0,8,0,8,0,8,1,9,3,229.964604589847,4,153.148837209302,2.65116279069767,57.7666666666667,.284108710253111,1.22463177075372
1020,98,1932,8,2,3,11,1,88,1,1,9,1,1,4,5,1,9,7,0,6,0,7,0,6,1,9,3,198.889302334715,3,153.148837209302,2.65116279069767,57.7666666666667,.284108710253111,.41788851412153
1020,98,1933,8,2,3,11,1,88,1,1,9,1,1,4,7,1,4,7,0,6,0,6,0,7,1,9,3,202.219074029995,3,153.148837209302,2.65116279069767,57.7666666666667,.284108710253111,-.803134657625335
1012,81,1590,8,1,4,2,1,88,1,1,2,1,1,7,7,1,7,7,7,7,7,7,8,8,1,7,2,215.325339123759,4,63.75625,3.15,20.2400793650794,-.17816829408171,.352578886232095
1012,81,1592,8,2,3,9,1,88,1,1,2,1,1,4,8,1,7,7,8,8,9,9,8,8,1,7,2,212.377384947866,3,63.75625,3.15,20.2400793650794,-.17816829408171,-.224923066199495
1012,81,1593,8,2,3,10,1,88,1,3,2,1,4,1,6,4,4,6,6,6,6,6,6,6,1,7,2,185.788650440114,3,63.75625,3.15,20.2400793650794,-.17816829408171,-.488186429926633
1012,81,1595,8,2,3,3,1,88,1,1,2,1,1,2,99,1,4,8,6,6,8,8,8,8,1,7,2,159.003058341781,2,63.75625,3.15,20.2400793650794,-.17816829408171,-.29023269408893
1012,81,1597,8,2,3,3,1,88,1,1,1,1,1,99,9,4,4,8,6,6,7,7,7,7,1,7,2,186.223210868742,3,63.75625,3.15,20.2400793650794,-.17816829408171, 
1012,81,1599,8,2,3,9,1,88,1,1,2,1,1,7,6,1,7,6,7,7,6,6,8,8,1,7,2,220.467620281425,4,63.75625,3.15,20.2400793650794,-.17816829408171,-.0480762649647124
1012,81,1600,8,2,3,5,1,88,1,3,1,1,2,2,8,2,2,8,6,6,6,6,6,6,1,7,2,149.757714662002,1,63.75625,3.15,20.2400793650794,-.17816829408171, 
1012,81,1601,8,2,3,10,1,88,1,1,2,1,1,4,6,1,5,6,9,9,9,9,10,10,1,7,2,233.838858808275,4,63.75625,3.15,20.2400793650794,-.17816829408171,.0900251614992073
1012,81,1603,8,2,3,9,1,88,1,1,2,1,1,4,8,1,4,7,8,8,9,9,9,9,1,7,2,235.661670928186,4,63.75625,3.15,20.2400793650794,-.17816829408171,-1.32974509542492
1012,81,1604,8,1,3,9,1,88,1,1,1,1,1,4,6,1,4,7,6,6,6,6,6,6,1,7,2,164.011619115489,2,63.75625,3.15,20.2400793650794,-.17816829408171, 
1012,81,1606,8,2,3,4,1,88,1,1,2,1,1,3,8,1,4,8,6,6,7,7,7,7,1,7,2,173.032778292153,2,63.75625,3.15,20.2400793650794,-.17816829408171, 
1012,81,1609,8,2,3,12,1,88,1,1,1,1,1,3,5,2,7,5,8,8,8,8,9,9,1,7,2,238.522154952741,4,63.75625,3.15,20.2400793650794,-.17816829408171,-.0480762649647124
1012,81,1610,8,1,3,9,1,88,1,1,2,1,1,2,8,1,6,2,6,6,6,6,7,7,1,7,2,198.364787101001,3,63.75625,3.15,20.2400793650794,-.17816829408171,-.100470767930526
1012,81,1612,8,2,3,1,1,88,1,1,2,1,1,2,8,3,5,8,7,7,6,6,7,7,1,7,2,193.301721135549,3,63.75625,3.15,20.2400793650794,-.17816829408171,-.403119255285064
1012,81,1614,8,1,3,2,1,88,1,1,1,1,1,4,5,1,4,7,8,8,9,9,8,8,1,7,2,247.14680845765,5,63.75625,3.15,20.2400793650794,-.17816829408171,.880305042289083
1012,81,1616,8,1,3,5,1,88,1,3,2,1,4,2,8,4,2,2,7,7,6,6,7,7,1,7,2,167.957790341578,2,63.75625,3.15,20.2400793650794,-.17816829408171,-1.24799250210866
1012,81,1617,8,1,3,8,3,99,1,2,2,1,3,9,8,3,9,2,7,7,9,9,9,9,1,7,2,197.696847883919,3,63.75625,3.15,20.2400793650794,-.17816829408171,.541725427811042
1012,81,1624,8,1,3,3,1,88,1,1,1,1,1,2,8,1,4,8,6,6,7,7,6,6,1,7,2,173.032778292153,2,63.75625,3.15,20.2400793650794,-.17816829408171, 
1012,81,3785,8,2,2,8,3,2,3,2,2,1,3,6,8,3,6,8,7,7,7,7,7,7,1,7,2,149.757714662002,1,63.75625,3.15,20.2400793650794,-.17816829408171, 
1012,82,1591,8,2,3,4,1,88,1,1,2,1,1,99,99,1,3,7,7,7,7,7,7,7,1,7,2,199.275740666392,3,63.75625,3.15,20.2400793650794,-.203104844688278,-.86773464652052
1012,82,1594,8,2,3,5,1,88,1,1,2,1,9,99,99,1,4,8,7,7,7,7,8,8,1,7,2,235.661670928186,4,63.75625,3.15,20.2400793650794,-.203104844688278,-.428949505132306
1012,82,1596,8,1,3,7,1,88,1,1,2,1,1,5,7,1,4,7,9,9,8,8,9,9,1,7,2,233.241010383997,4,63.75625,3.15,20.2400793650794,-.203104844688278,-.0881710275863618
1012,82,1598,8,1,3,1,1,88,1,1,1,1,1,2,8,1,2,8,6,6,6,6,5,5,1,7,2,142.385729934988,1,63.75625,3.15,20.2400793650794,-.203104844688278,-1.55064098946319
1012,82,1602,8,2,3,9,1,88,1,1,2,1,1,5,3,1,3,8,7,7,7,7,5,5,1,7,2,167.957790341578,2,63.75625,3.15,20.2400793650794,-.203104844688278,-.416034380208685
1012,82,1605,8,1,3,4,1,88,1,3,2,1,2,3,8,2,2,2,7,7,7,7,8,8,1,7,2,181.650828368601,2,63.75625,3.15,20.2400793650794,-.203104844688278,-1.65760844804725
1012,82,1607,8,2,3,3,1,88,1,3,2,1,2,4,8,2,4,1,8,8,8,8,8,8,1,7,2,215.429021713273,4,63.75625,3.15,20.2400793650794,-.203104844688278,.41788851412153
1012,82,1608,8,2,3,3,1,88,1,3,2,1,2,4,8,2,4,1,9,9,9,9,9,9,1,7,2,252.712238433168,5,63.75625,3.15,20.2400793650794,-.203104844688278,-.101086152509983
1012,82,1611,8,1,3,12,1,88,1,1,1,1,1,3,6,1,4,7,8,8,9,9,7,7,1,7,2,215.429021713273,4,63.75625,3.15,20.2400793650794,-.203104844688278,.300021283091167
1012,82,1613,8,1,3,12,1,88,1,1,1,1,1,4,7,1,4,7,7,7,7,7,6,6,1,7,2,189.186418087186,3,63.75625,3.15,20.2400793650794,-.203104844688278,1.19525326998778
1012,82,1615,8,1,3,5,1,88,1,1,2,1,1,4,8,1,4,8,7,7,6,6,5,5,1,7,2,194.131377576185,3,63.75625,3.15,20.2400793650794,-.203104844688278,.0900251614992073
1012,82,1618,8,1,3,8,1,88,1,1,2,1,2,2,8,1,2,2,6,6,6,6,5,5,1,7,2,181.849967908796,2,63.75625,3.15,20.2400793650794,-.203104844688278, 
1012,82,1619,8,2,3,8,1,88,1,1,2,1,1,4,8,1,4,7,8,8,8,8,6,6,1,7,2,228.576352895939,4,63.75625,3.15,20.2400793650794,-.203104844688278,-1.11808288532404
1012,82,1620,8,1,3,2,1,88,1,1,2,1,1,6,6,1,7,7,6,6,6,6,6,6,1,7,2,166.428912817978,2,63.75625,3.15,20.2400793650794,-.203104844688278,1.68704829892127
1012,82,1621,8,2,3,8,1,88,1,1,1,1,1,4,8,1,3,7,8,8,7,7,7,7,1,7,2,208.04293484967,3,63.75625,3.15,20.2400793650794,-.203104844688278,-.920129149486334
1012,82,1622,8,1,3,11,1,88,1,9,2,1,9,99,99,2,4,8,7,7,7,7,6,6,1,7,2,172.367499295602,2,63.75625,3.15,20.2400793650794,-.203104844688278,-.488186429926633
1012,82,1623,8,2,3,1,1,88,1,1,2,1,1,9,5,1,6,2,10,10,9,9,9,9,1,7,2,276.146213817371,5,63.75625,3.15,20.2400793650794,-.203104844688278,2.34162704192933
1012,82,1625,8,1,3,10,2,99,1,1,2,1,1,99,99,2,99,99,6,6,7,7,6,6,1,7,2,177.458445054569,2,63.75625,3.15,20.2400793650794,-.203104844688278, 
1012,82,1626,8,1,3,9,1,88,1,3,2,1,2,3,8,2,4,2,9,9,9,9,9,9,1,7,2,212.807948766269,3,63.75625,3.15,20.2400793650794,-.203104844688278,-1.24799250210866
1012,82,1627,8,2,3,5,1,88,1,3,2,1,3,4,8,3,2,8,7,7,7,7,8,8,1,7,2,199.624862841315,3,63.75625,3.15,20.2400793650794,-.203104844688278,-.803134657625335
1012,82,3604,8,1,2,10,9,6,3,9,2,2,3,1,9,3,2,2,6,6,6,6,4,4,1,7,2,154.63605073351,1,63.75625,3.15,20.2400793650794,-.203104844688278, 
1021,99,57,8,1,2,6,1,88,3,3,2,2,4,99,8,4,99,8,0,6,0,6,0,5,1,9,3,109.983260712557,1,149.668181818182,4.79545454545455,31.2104265402844,.223582687427998,-.101086152509983
1021,99,336,8,2,3,11,1,88,1,3,9,1,4,2,6,4,2,6,0,7,0,9,0,8,1,9,3,162.744312572589,2,149.668181818182,4.79545454545455,31.2104265402844,.223582687427998,.41788851412153
1021,99,337,8,2,3,5,1,88,1,1,1,1,1,4,5,1,4,4,0,7,0,7,0,8,1,9,3,195.039872279547,3,149.668181818182,4.79545454545455,31.2104265402844,.223582687427998,1.2117166458301
1021,99,338,8,2,4,1,1,88,1,1,2,1,1,4,8,1,4,7,0,7,0,7,0,8,1,9,3,201.841492220508,3,149.668181818182,4.79545454545455,31.2104265402844,.223582687427998,.476868084325949
1021,99,341,8,1,3,10,1,88,1,1,2,1,1,4,7,1,4,7,0,6,0,6,0,7,1,9,3,222.991135067186,4,149.668181818182,4.79545454545455,31.2104265402844,.223582687427998,-.29023269408893
1021,99,1937,8,1,3,4,1,88,1,1,9,9,1,9,5,1,2,4,0,6,0,5,0,6,1,9,3,158.489739673132,2,149.668181818182,4.79545454545455,31.2104265402844,.223582687427998,-1.74258819150543
1021,99,1938,8,2,2,7,4,9,3,2,1,2,4,2,1,4,7,6,0,8,0,9,0,8,1,9,3,208.608015416367,3,149.668181818182,4.79545454545455,31.2104265402844,.223582687427998,.896768418131394
1021,99,1939,8,2,4,1,1,88,1,1,2,1,1,4,6,1,4,2,0,7,0,7,0,7,1,9,3,189.397180287251,3,149.668181818182,4.79545454545455,31.2104265402844,.223582687427998,.41788851412153
1021,99,1946,8,1,3,1,1,88,1,1,2,1,9,2,99,1,2,99,0,5,0,6,0,6,1,9,3,133.972325842708,1,149.668181818182,4.79545454545455,31.2104265402844,.223582687427998, 
1021,99,1949,8,1,3,10,1,88,1,1,2,1,1,2,9,1,3,5,0,5,0,5,0,5,1,9,3,168.320450604413,2,149.668181818182,4.79545454545455,31.2104265402844,.223582687427998,-.403119255285064
1021,99,1951,8,2,3,6,1,88,1,1,2,1,1,2,8,1,4,2,0,9,0,9,0,9,1,9,3,254.17035275903,5,149.668181818182,4.79545454545455,31.2104265402844,.223582687427998,.413192300966251
1021,99,1952,8,1,3,10,2,1,1,1,1,1,1,10,7,2,10,99,0,8,0,9,0,9,1,9,3,225.014629750171,4,149.668181818182,4.79545454545455,31.2104265402844,.223582687427998,1.02060533182091
1021,99,1953,8,2,3,9,1,88,1,1,2,1,1,4,5,1,9,3,0,7,0,8,0,9,1,9,3,217.72987054248,4,149.668181818182,4.79545454545455,31.2104265402844,.223582687427998, 
1021,99,1954,8,2,4,2,1,88,1,1,2,1,1,4,4,4,4,7,0,6,0,6,0,8,1,9,3,212.753987203098,3,149.668181818182,4.79545454545455,31.2104265402844,.223582687427998,.0376306585333934
1021,99,1957,8,1,3,1,1,88,1,1,1,1,1,2,8,1,4,7,0,6,0,7,0,6,1,9,3,186.223210868742,3,149.668181818182,4.79545454545455,31.2104265402844,.223582687427998, 
1021,99,1961,8,1,3,1,1,88,1,1,1,1,1,3,6,1,5,7,0,6,0,6,0,6,1,9,3,190.593814797016,3,149.668181818182,4.79545454545455,31.2104265402844,.223582687427998, 
1021,99,1962,8,1,3,7,1,88,1,1,1,1,1,4,7,1,9,3,0,6,0,6,0,6,1,9,3,139.467041250859,1,149.668181818182,4.79545454545455,31.2104265402844,.223582687427998,.804731436948272
1021,99,1963,8,1,3,9,1,88,1,1,1,1,1,9,3,1,9,7,0,6,0,6,0,7,1,9,3,198.889302334715,3,149.668181818182,4.79545454545455,31.2104265402844,.223582687427998,.804731436948272
1021,99,1965,8,2,3,12,1,88,1,1,1,1,1,4,7,9,7,5,0,8,0,8,0,9,1,9,3,194.342584619365,3,149.668181818182,4.79545454545455,31.2104265402844,.223582687427998,-.539871293898197
1021,99,1966,8,2,3,7,1,88,1,1,1,1,1,4,7,1,4,7,0,7,0,7,0,8,1,9,3,247.347448737358,5,149.668181818182,4.79545454545455,31.2104265402844,.223582687427998,.614969510789869
1021,99,3740,8,2,3,7,4,2,1,2,2,2,4,2,6,4,2,2,0,8,0,8,0,8,1,9,3,212.753987203098,3,149.668181818182,4.79545454545455,31.2104265402844,.223582687427998,-.239187578973902
1021,100,339,8,1,3,6,1,88,1,1,9,9,1,11,5,1,9,5,0,6,0,6,0,6,1,9,3,185.354812718047,2,149.668181818182,4.79545454545455,31.2104265402844,-.230030548784477,1.33616894409906
1021,100,340,8,1,3,2,1,88,1,3,2,1,4,2,4,4,2,8,0,8,0,9,0,8,1,9,3,181.730551156553,2,149.668181818182,4.79545454545455,31.2104265402844,-.230030548784477,-2.61013002557309
1021,100,1940,8,2,3,12,1,88,1,1,1,1,1,4,6,4,2,2,0,7,0,7,0,6,1,9,3,212.377384947866,3,149.668181818182,4.79545454545455,31.2104265402844,-.230030548784477,-.224923066199495
1021,100,1941,8,2,3,4,1,88,1,1,1,1,1,4,4,1,4,7,0,8,0,9,0,8,1,9,3,206.188152021854,3,149.668181818182,4.79545454545455,31.2104265402844,-.230030548784477,.300021283091167
1021,100,1942,8,1,3,2,1,88,1,3,1,1,4,7,99,4,7,99,0,8,0,10,0,8,1,9,3,253.903853844894,5,149.668181818182,4.79545454545455,31.2104265402844,-.230030548784477,1.37210007122257
1021,100,1943,8,1,3,9,1,88,1,3,1,1,4,4,8,4,4,8,0,7,0,8,0,6,1,9,3,186.223210868742,3,149.668181818182,4.79545454545455,31.2104265402844,-.230030548784477,-2.26151900966808
1021,100,1944,8,1,3,10,1,88,1,1,1,1,1,7,7,1,7,5,0,7,0,7,0,7,1,9,3,208.05360215879,3,149.668181818182,4.79545454545455,31.2104265402844,-.230030548784477,-.311339628691851
1021,100,1945,8,1,3,1,1,88,1,1,2,1,1,4,7,1,4,1,0,8,0,9,0,7,1,9,3,217.71879833412,4,149.668181818182,4.79545454545455,31.2104265402844,-.230030548784477,-.0645396408070231
1021,100,1947,8,1,3,6,4,6,1,2,2,1,4,10,7,4,10,7,0,6,0,8,0,8,1,9,3,163.224331480197,2,149.668181818182,4.79545454545455,31.2104265402844,-.230030548784477,.667527113930797
1021,100,1948,8,2,3,8,2,1,1,1,2,1,4,4,4,1,9,5,0,8,0,8,0,9,1,9,3,214.76197012002,4,149.668181818182,4.79545454545455,31.2104265402844,-.230030548784477,1.02060533182091
1021,100,1950,8,1,3,3,1,88,1,1,2,1,1,4,3,3,4,7,0,9,0,8,0,8,1,9,3,247.214771332034,5,149.668181818182,4.79545454545455,31.2104265402844,-.230030548784477,-.224923066199495
1021,100,1955,8,2,3,11,1,88,1,1,2,1,1,2,7,1,9,7,0,8,0,9,0,8,1,9,3,199.275740666392,3,149.668181818182,4.79545454545455,31.2104265402844,-.230030548784477,.0757606487247996
1021,100,1956,8,2,3,11,1,88,1,3,2,1,4,4,6,4,7,5,0,7,0,7,0,6,1,9,3,149.757714662002,1,149.668181818182,4.79545454545455,31.2104265402844,-.230030548784477,-.799049047791251
1021,100,1958,8,1,3,10,1,88,1,3,2,1,4,99,6,4,99,2,0,5,0,6,0,5,1,9,3,149.757714662002,1,149.668181818182,4.79545454545455,31.2104265402844,-.230030548784477,-2.26151900966808
1021,100,1959,8,2,3,6,1,88,1,1,2,1,1,6,5,2,7,7,0,9,0,9,0,8,1,9,3,247.14680845765,5,149.668181818182,4.79545454545455,31.2104265402844,-.230030548784477,-.416034380208685
1021,100,1960,8,2,3,3,1,88,1,3,1,1,4,4,8,4,4,2,0,7,0,9,0,7,1,9,3,200.894627797131,3,149.668181818182,4.79545454545455,31.2104265402844,-.230030548784477,-1.11808288532404
1021,100,1964,8,2,3,3,1,88,1,1,1,1,1,4,7,4,9,7,0,8,0,8,0,8,1,9,3,257.870056916923,5,149.668181818182,4.79545454545455,31.2104265402844,-.230030548784477,.312936408014788
1021,100,1967,8,2,3,4,1,88,1,1,1,1,1,4,6,3,4,7,0,8,0,9,0,8,1,9,3,261.497426747333,5,149.668181818182,4.79545454545455,31.2104265402844,-.230030548784477,-.101086152509983
1021,100,1968,8,1,3,12,1,88,1,1,2,1,1,4,7,1,2,99,0,7,0,9,0,7,1,9,3,220.467620281425,4,149.668181818182,4.79545454545455,31.2104265402844,-.230030548784477,-.0645396408070231
1021,100,1969,8,1,3,7,1,88,1,1,1,1,1,2,5,1,1,99,0,6,0,6,0,6,1,9,3,194.849426856076,3,149.668181818182,4.79545454545455,31.2104265402844,-.230030548784477,-.29023269408893
1021,100,1970,8,1,3,3,1,88,1,3,1,1,4,2,8,4,2,8,0,6,0,7,0,5,1,9,3,123.627724799995,1,149.668181818182,4.79545454545455,31.2104265402844,-.230030548784477,-.101086152509983
1021,100,3739,8,2,3,7,1,88,1,3,1,1,4,99,99,4,99,99,0,6,0,6,0,5,1,9,3,147.81591617045,1,149.668181818182,4.79545454545455,31.2104265402844,-.230030548784477,-.488186429926633
1021,100,3864,8,1,3,4,1,88,1,1,1,1,1,9,5,1,4,2,0,7,0,7,0,8,1,9,3,205.380081543092,3,149.668181818182,4.79545454545455,31.2104265402844,-.230030548784477,.961368407026578
1027,111,62,8,1,2,11,1,88,3,1,2,1,1,2,6,2,2,2,0,6,0,6,0,5,1,11,3,168.556417885604,2,79.3313953488372,2.67441860465116,29.6630434782609,.0123129236795651, 
1027,111,435,8,2,3,11,1,88,1,1,1,1,1,3,8,1,2,2,0,6,0,5,0,5,1,11,3,142.681343445079,1,79.3313953488372,2.67441860465116,29.6630434782609,.0123129236795651,-1.51950702158333
1027,111,2149,8,1,3,11,1,88,1,1,2,1,1,2,8,1,3,6,0,7,0,6,0,7,1,11,3,208.05360215879,3,79.3313953488372,2.67441860465116,29.6630434782609,.0123129236795651,-.618096046711253
1027,111,2150,8,1,3,2,1,88,1,1,2,1,1,8,7,1,7,2,0,8,0,7,0,8,1,11,3,245.186341948839,5,79.3313953488372,2.67441860465116,29.6630434782609,.0123129236795651,-.29023269408893
1027,111,2151,8,1,3,3,1,88,1,1,1,1,1,2,8,1,2,8,0,6,0,6,0,5,1,11,3,193.453985658946,3,79.3313953488372,2.67441860465116,29.6630434782609,.0123129236795651,-.7296332200566
1027,111,2153,8,2,4,1,1,88,1,1,2,1,1,9,5,1,4,8,0,9,0,9,0,8,1,11,3,219.656309142267,4,79.3313953488372,2.67441860465116,29.6630434782609,.0123129236795651,1.37210007122257
1027,111,2154,8,2,3,8,1,88,1,1,2,1,1,4,6,1,4,1,0,8,0,7,0,7,1,11,3,199.391543944644,3,79.3313953488372,2.67441860465116,29.6630434782609,.0123129236795651, 
1027,111,2155,8,1,3,6,1,88,1,1,2,1,1,4,6,1,2,2,0,8,0,8,0,8,1,11,3,208.325994839857,3,79.3313953488372,2.67441860465116,29.6630434782609,.0123129236795651,-.488186429926633
1027,111,2156,8,1,3,8,1,88,1,1,2,1,1,4,8,1,4,7,0,7,0,6,0,7,1,11,3,208.379985496099,3,79.3313953488372,2.67441860465116,29.6630434782609,.0123129236795651,.0900251614992073
1027,111,2157,8,1,3,1,1,88,1,1,2,1,1,8,4,1,4,7,0,9,0,9,0,9,1,11,3,240.914097848765,4,79.3313953488372,2.67441860465116,29.6630434782609,.0123129236795651,1.18453700813207
1027,111,2158,8,2,3,9,1,88,1,1,2,1,1,2,8,1,4,7,0,9,0,9,0,9,1,11,3,201.841492220508,3,79.3313953488372,2.67441860465116,29.6630434782609,.0123129236795651,-.803134657625335
1027,111,2160,8,1,3,6,1,88,1,3,2,1,4,3,8,4,2,2,0,7,0,8,0,8,1,11,3,212.997910158155,3,79.3313953488372,2.67441860465116,29.6630434782609,.0123129236795651, 
1027,111,2164,8,2,3,10,1,88,1,1,2,1,1,4,6,1,2,8,0,7,0,6,0,6,1,11,3,190.650482815879,3,79.3313953488372,2.67441860465116,29.6630434782609,.0123129236795651,.591187064437623
1027,111,2165,8,2,3,6,1,88,1,1,1,1,1,2,3,1,4,3,0,8,0,7,0,8,1,11,3,199.281873834937,3,79.3313953488372,2.67441860465116,29.6630434782609,.0123129236795651,-1.61870742934706
1027,111,2167,8,2,3,3,1,88,1,1,2,1,1,4,8,1,4,8,0,6,0,5,0,7,1,11,3,199.391543944644,3,79.3313953488372,2.67441860465116,29.6630434782609,.0123129236795651, 
1027,111,2170,8,2,3,6,1,88,1,1,1,1,1,11,5,4,4,2,0,9,0,8,0,9,1,11,3,228.578242484582,4,79.3313953488372,2.67441860465116,29.6630434782609,.0123129236795651,1.52531548567801
1027,111,2172,8,2,3,9,1,88,1,1,2,1,1,4,5,1,7,5,0,8,0,7,0,9,1,11,3,217.719568690296,4,79.3313953488372,2.67441860465116,29.6630434782609,.0123129236795651,.115855411346449
1027,111,2175,8,1,3,11,1,88,1,1,1,1,1,4,3,1,4,7,0,7,0,9,0,7,1,11,3,193.453985658946,3,79.3313953488372,2.67441860465116,29.6630434782609,.0123129236795651,-.101086152509983
1027,111,2176,8,1,3,3,1,88,1,1,1,1,1,4,7,1,4,7,0,8,0,8,0,8,1,11,3,222.606703967896,4,79.3313953488372,2.67441860465116,29.6630434782609,.0123129236795651,-.173238202227931
1027,111,2177,8,2,4,2,1,88,1,1,1,1,1,9,5,1,10,99,0,8,0,6,0,6,1,11,3,173.032778292153,2,79.3313953488372,2.67441860465116,29.6630434782609,.0123129236795651, 
1027,111,2178,8,2,3,7,1,88,1,1,2,1,3,2,8,1,4,7,0,8,0,7,0,8,1,11,3,217.72987054248,4,79.3313953488372,2.67441860465116,29.6630434782609,.0123129236795651, 
1027,111,2180,8,2,3,9,1,88,1,1,1,1,1,4,7,1,9,7,0,9,0,10,0,9,1,11,3,230.095334182086,4,79.3313953488372,2.67441860465116,29.6630434782609,.0123129236795651,1.37210007122257
1027,111,2182,8,1,3,6,1,88,1,1,2,1,1,4,5,1,4,7,0,7,0,8,0,8,1,11,3,190.567628810498,3,79.3313953488372,2.67441860465116,29.6630434782609,.0123129236795651,.300021283091167
1027,112,2148,8,1,3,4,2,3,1,2,2,1,2,4,99,2,5,6,0,8,0,9,0,9,1,11,3,234.562126743377,4,79.3313953488372,2.67441860465116,29.6630434782609,-.293238265130722,-.920129149486334
1027,112,2152,8,2,3,12,1,88,1,1,1,1,1,4,7,1,4,7,0,9,0,9,0,9,1,11,3,273.119928120151,5,79.3313953488372,2.67441860465116,29.6630434782609,-.293238265130722,.250408586891679
1027,112,2159,8,2,3,6,1,88,1,1,1,1,1,4,5,1,4,2,0,7,0,7,0,7,1,11,3,235.387222112981,4,79.3313953488372,2.67441860465116,29.6630434782609,-.293238265130722,.213862075188719
1027,112,2161,8,1,3,9,1,88,1,1,1,1,1,4,8,1,2,8,0,9,0,9,0,9,1,11,3,270.480769904468,5,79.3313953488372,2.67441860465116,29.6630434782609,-.293238265130722,.213862075188719
1027,112,2162,8,1,3,1,1,88,1,3,1,1,3,2,1,3,4,8,0,6,0,7,0,9,1,11,3,199.391543944644,3,79.3313953488372,2.67441860465116,29.6630434782609,-.293238265130722, 
1027,112,2163,8,2,3,9,1,88,1,3,2,1,3,2,8,3,4,2,0,8,0,8,0,9,1,11,3,229.999961992681,4,79.3313953488372,2.67441860465116,29.6630434782609,-.293238265130722,-.730982607907387
1027,112,2166,8,1,3,10,1,88,1,1,2,1,1,2,6,1,4,6,0,6,0,7,0,7,1,11,3,223.032697784688,4,79.3313953488372,2.67441860465116,29.6630434782609,-.293238265130722,1.42171276742206
1027,112,2168,8,1,3,5,1,88,1,3,2,1,4,2,8,4,2,8,0,6,0,8,0,6,1,11,3,177.267067596363,2,79.3313953488372,2.67441860465116,29.6630434782609,-.293238265130722,-2.05753641920413
1027,112,2169,8,2,3,4,3,6,1,2,2,1,3,5,4,3,7,8,0,6,0,6,0,6,1,11,3,166.247244242638,2,79.3313953488372,2.67441860465116,29.6630434782609,-.293238265130722,.41788851412153
1027,112,2171,8,2,3,1,1,88,1,3,2,1,3,4,8,3,4,8,0,8,0,7,0,9,1,11,3,228.965826975384,4,79.3313953488372,2.67441860465116,29.6630434782609,-.293238265130722,-.86773464652052
1027,112,2173,8,1,3,1,1,88,1,1,2,1,1,4,8,2,7,7,0,8,0,7,0,8,1,11,3,223.62328988025,4,79.3313953488372,2.67441860465116,29.6630434782609,-.293238265130722,.742203615825163
1027,112,2174,8,1,3,6,1,88,1,1,1,1,1,4,6,2,4,6,0,6,0,6,0,7,1,11,3,173.032778292153,2,79.3313953488372,2.67441860465116,29.6630434782609,-.293238265130722, 
1027,112,2179,8,1,3,12,1,88,1,1,2,1,1,2,6,1,2,6,0,9,0,9,0,8,1,11,3,241.191130706368,4,79.3313953488372,2.67441860465116,29.6630434782609,-.293238265130722,-1.30784481148244
1027,112,2181,8,2,3,8,1,88,1,1,2,1,1,4,3,1,7,5,0,8,0,7,0,8,1,11,3,233.193320663199,4,79.3313953488372,2.67441860465116,29.6630434782609,-.293238265130722,.942832863412192
1027,112,2183,8,2,3,8,1,88,1,1,2,1,1,3,6,1,4,6,0,8,0,7,0,7,1,11,3,206.49960639662,3,79.3313953488372,2.67441860465116,29.6630434782609,-.293238265130722,.0900251614992073
1027,112,2184,8,1,2,12,1,88,3,1,2,1,2,3,8,1,4,99,0,7,0,6,0,8,1,11,3,208.379985496099,3,79.3313953488372,2.67441860465116,29.6630434782609,-.293238265130722, 
1027,112,3711,8,2,3,9,2,2,1,2,2,1,2,2,8,2,2,1,0,6,0,5,0,6,1,11,3,179.138083787906,2,79.3313953488372,2.67441860465116,29.6630434782609,-.293238265130722,-.65773852492856
1027,112,3769,8,1,4,2,1,88,1,1,9,1,1,2,8,1,2,1,0,7,0,7,0,7,1,11,3,227.597808786292,4,79.3313953488372,2.67441860465116,29.6630434782609,-.293238265130722,-2.14940347698073
1027,112,3788,8,2,3,1,2,9,1,9,1,2,9,2,7,9,4,7,0,6,0,8,0,6,1,11,3,108.009965898631,1,79.3313953488372,2.67441860465116,29.6630434782609,-.293238265130722, 
1027,112,3846,8, ,9, ,9,99, , ,9,9,9,99,99,9,99,99, , , , , , , ,11,3,194.977645031822,3,79.3313953488372,2.67441860465116,29.6630434782609,-.293238265130722, 
1022,101,342,8,1,3,2,1,88,1,1,9,9,1,99,99,1,99,99,0,8,0,8,0,9,1,9,3,217.403714843654,4,140.114893617021,2.97872340425532,47.0385714285714,.57898377631942,-.101086152509983
1022,101,343,8,2,3,12,1,88,1,1,9,9,1,99,99,1,99,99,0,5,0,6,0,6,1,9,3,189.063446186676,3,140.114893617021,2.97872340425532,47.0385714285714,.57898377631942,-.920129149486334
1022,101,1899,8,2,3,10,1,88,1,1,9,9,1,99,99,1,99,99,0,7,0,8,0,7,1,9,3,239.216603753825,4,140.114893617021,2.97872340425532,47.0385714285714,.57898377631942,1.29652646588176
1022,101,1972,8,2,3,1,1,88,1,1,9,9,1,99,99,9,99,99,0,6,0,6,0,6,1,9,3,169.135959932024,2,140.114893617021,2.97872340425532,47.0385714285714,.57898377631942,-.730982607907387
1022,101,1973,8,2,3,8,1,88,1,9,9,9,9,99,99,9,99,99,0,7,0,6,0,7,1,9,3,144.71361001538,1,140.114893617021,2.97872340425532,47.0385714285714,.57898377631942, 
1022,101,1974,8,2,3,12,1,88,1,1,9,9,1,99,99,1,99,99,0,7,0,6,0,7,1,9,3,247.140943268616,5,140.114893617021,2.97872340425532,47.0385714285714,.57898377631942,-.605180921787631
1022,101,1975,8,2,3,5,1,88,1,1,9,9,9,99,99,1,99,99,0,6,0,6,0,5,1,9,3,176.929671662058,2,140.114893617021,2.97872340425532,47.0385714285714,.57898377631942,.62788463571349
1022,101,1980,8,1,3,6,1,88,1,1,9,9,1,99,99,1,99,99,0,9,0,9,0,9,1,9,3,206.546924913207,3,140.114893617021,2.97872340425532,47.0385714285714,.57898377631942,1.22463177075372
1022,101,1981,8,1,3,9,1,88,1,1,9,9,1,99,99,1,99,99,0,7,0,7,0,7,1,9,3,220.467620281425,4,140.114893617021,2.97872340425532,47.0385714285714,.57898377631942,.895419030280607
1022,101,1985,8,1,3,3,1,88,1,1,9,9,1,99,99,9,99,99,0,7,0,8,0,6,1,9,3,207.842779127088,3,140.114893617021,2.97872340425532,47.0385714285714,.57898377631942,-.837950066491441
1022,101,1986,8,1,3,7,1,88,1,1,9,9,1,99,99,1,99,99,0,8,0,10,0,7,1,9,3,235.170474129191,4,140.114893617021,2.97872340425532,47.0385714285714,.57898377631942,1.7164267996872
1022,101,1991,8,1,3,4,1,88,1,1,9,9,1,99,99,1,99,99,0,9,0,10,0,8,1,9,3,261.823968119911,5,140.114893617021,2.97872340425532,47.0385714285714,.57898377631942,2.34162704192933
1022,101,1992,8,1,3,7,1,88,1,1,9,9,1,99,99,1,99,99,0,7,0,9,0,8,1,9,3,222.714087874754,4,140.114893617021,2.97872340425532,47.0385714285714,.57898377631942,1.15932214286428
1022,101,1994,8,1,3,8,1,88,1,1,9,9,1,99,99,1,99,99,0,6,0,7,0,7,1,9,3,204.189105685062,3,140.114893617021,2.97872340425532,47.0385714285714,.57898377631942,1.72464571145554
1022,101,2002,8,1,3,9,1,88,1,1,9,9,1,99,99,1,99,99,0,8,0,9,0,8,1,9,3,241.646759574773,4,140.114893617021,2.97872340425532,47.0385714285714,.57898377631942,.0757606487247996
1022,101,2003,8,2,3,10,1,88,1,1,9,9,1,99,99,1,99,99,0,9,0,9,0,9,1,9,3,245.186341948839,5,140.114893617021,2.97872340425532,47.0385714285714,.57898377631942,1.43462789234568
1022,101,2006,8,2,3,12,1,88,1,1,9,9,1,99,99,1,99,99,0,9,0,9,0,10,1,9,3,235.387222112981,4,140.114893617021,2.97872340425532,47.0385714285714,.57898377631942,.430803639045151
1022,101,2007,8,2,3,4,1,88,1,1,9,9,1,99,99,1,99,99,0,8,0,8,0,9,1,9,3,222.991135067186,4,140.114893617021,2.97872340425532,47.0385714285714,.57898377631942,.880305042289083
1022,101,2008,8,2,3,12,1,88,1,1,9,9,1,99,99,1,99,99,0,8,0,7,0,8,1,9,3,245.262317881628,5,140.114893617021,2.97872340425532,47.0385714285714,.57898377631942,.640799760637111
1022,101,2009,8,1,3,5,1,88,1,9,9,9,9,99,99,9,99,99,0,7,0,7,0,7,1,9,3,203.852389044953,3,140.114893617021,2.97872340425532,47.0385714285714,.57898377631942, 
1022,101,2010,8,1,3,3,1,88,1,1,9,9,1,99,99,1,99,99,0,7,0,8,0,8,1,9,3,186.223210868742,3,140.114893617021,2.97872340425532,47.0385714285714,.57898377631942, 
1022,101,2011,8,1,3,12,1,88,1,1,9,9,1,99,99,1,99,99,0,7,0,9,0,8,1,9,3,234.374353836785,4,140.114893617021,2.97872340425532,47.0385714285714,.57898377631942,-.920129149486334
1022,101,2012,8,1,3,4,1,88,1,1,9,9,1,99,99,1,99,99,0,7,0,9,0,9,1,9,3,246.42339179765,5,140.114893617021,2.97872340425532,47.0385714285714,.57898377631942,.476868084325949
1022,101,2013,8,1,3,5,1,88,1,1,9,9,1,99,99,1,99,99,0,7,0,8,0,8,1,9,3,233.193320663199,4,140.114893617021,2.97872340425532,47.0385714285714,.57898377631942,1.34846868444323
1022,102,58,8,1,2,5,1,88,3,1,9,9,1,99,99,9,99,99,0,6,0,5,0,7,1,9,3,159.378847967569,2,140.114893617021,2.97872340425532,47.0385714285714,.332853859679923, 
1022,102,1971,8,2,3,4,1,88,1,9,9,9,9,99,99,9,99,99,0,7,0,5,0,7,1,9,3,181.849967908796,2,140.114893617021,2.97872340425532,47.0385714285714,.332853859679923, 
1022,102,1976,8,2,3,9,1,88,1,1,9,9,1,99,7,1,99,7,0,9,0,9,0,9,1,9,3,261.623119072376,5,140.114893617021,2.97872340425532,47.0385714285714,.332853859679923,1.2117166458301
1022,102,1977,8,2,3,10,1,88,1,1,9,9,1,99,99,1,99,99,0,9,0,9,0,9,1,9,3,240.633756872642,4,140.114893617021,2.97872340425532,47.0385714285714,.332853859679923,.300021283091167
1022,102,1978,8,2,3,5,1,88,1,1,9,9,1,99,99,1,99,99,0,8,0,10,0,9,1,9,3,227.597808786292,4,140.114893617021,2.97872340425532,47.0385714285714,.332853859679923,1.0865303442898
1022,102,1979,8,2,3,6,1,88,1,1,9,9,1,99,99,1,99,99,0,8,0,9,0,7,1,9,3,222.606703967896,4,140.114893617021,2.97872340425532,47.0385714285714,.332853859679923,-.488186429926633
1022,102,1982,8,2,3,6,1,88,1,1,9,9,1,99,99,1,99,99,0,8,0,8,0,9,1,9,3,222.714087874754,4,140.114893617021,2.97872340425532,47.0385714285714,.332853859679923,.718572229045825
1022,102,1983,8,2,3,8,1,88,1,1,9,9,1,99,99,1,99,99,0,8,0,9,0,8,1,9,3,202.219074029995,3,140.114893617021,2.97872340425532,47.0385714285714,.332853859679923,-.605180921787631
1022,102,1984,8,2,3,7,1,88,1,1,9,9,1,99,99,1,99,99,0,9,0,8,0,8,1,9,3,233.54541226449,4,140.114893617021,2.97872340425532,47.0385714285714,.332853859679923,.476868084325949
1022,102,1987,8,1,3,12,1,88,1,1,9,9,1,99,99,1,99,99,0,5,0,5,0,4,1,9,3,223.62328988025,4,140.114893617021,2.97872340425532,47.0385714285714,.332853859679923,-1.98023357017568
1022,102,1988,8,1,3,2,1,88,1,1,9,9,1,99,99,1,99,99,0,8,0,8,0,9,1,9,3,240.551706237635,4,140.114893617021,2.97872340425532,47.0385714285714,.332853859679923,.0247155336097724
1022,102,1989,8,2,3,12,1,88,1,1,9,9,1,99,99,1,99,99,0,8,0,7,0,9,1,9,3,217.719568690296,4,140.114893617021,2.97872340425532,47.0385714285714,.332853859679923,.312936408014788
1022,102,1990,8,2,3,11,1,88,1,9,9,9,9,99,99,9,99,99,0,7,0,7,0,5,1,9,3,194.342584619365,3,140.114893617021,2.97872340425532,47.0385714285714,.332853859679923,-.29023269408893
1022,102,1993,8,2,3,12,1,88,1,1,9,9,9,99,99,1,99,99,0,9,0,8,0,7,1,9,3,231.847466827592,4,140.114893617021,2.97872340425532,47.0385714285714,.332853859679923,1.43462789234568
1022,102,1995,8,1,3,10,1,88,1,1,9,9,1,99,99,1,99,99,0,8,0,8,0,8,1,9,3,191.886966072245,3,140.114893617021,2.97872340425532,47.0385714285714,.332853859679923,.718572229045825
1022,102,1996,8,2,3,11,1,88,1,1,9,9,1,99,99,1,99,99,0,9,0,9,0,9,1,9,3,235.387222112981,4,140.114893617021,2.97872340425532,47.0385714285714,.332853859679923,1.10676453972335
1022,102,1997,8,1,3,6,1,88,1,1,9,9,1,99,99,1,99,99,0,7,0,9,0,7,1,9,3,222.826353379557,4,140.114893617021,2.97872340425532,47.0385714285714,.332853859679923,-.311339628691851
1022,102,1998,8,1,3,5,1,88,1,1,9,9,1,99,99,1,99,99,0,8,0,8,0,7,1,9,3,193.453985658946,3,140.114893617021,2.97872340425532,47.0385714285714,.332853859679923,1.43462789234568
1022,102,1999,8,2,3,10,1,88,1,1,9,9,1,99,99,9,99,99,0,10,0,9,0,10,1,9,3,240.987975091199,4,140.114893617021,2.97872340425532,47.0385714285714,.332853859679923,-.488186429926633
1022,102,2000,8,2,3,3,1,88,1,1,9,9,1,99,99,9,99,99,0,7,0,8,0,9,1,9,3,245.622938215432,5,140.114893617021,2.97872340425532,47.0385714285714,.332853859679923,.732836741820232
1022,102,2001,8,2,3,3,1,88,1,1,9,9,1,99,99,9,99,99,0,6,0,6,0,6,1,9,3,203.852389044953,3,140.114893617021,2.97872340425532,47.0385714285714,.332853859679923,.856673655509744
1022,102,2004,8,1,3,12,1,88,1,1,9,9,1,99,99,1,99,99,0,7,0,7,0,7,1,9,3,227.665111014356,4,140.114893617021,2.97872340425532,47.0385714285714,.332853859679923, 
1022,102,2005,8,2,3,7,1,88,1,1,9,9,1,99,99,1,99,99,0,8,0,8,0,9,1,9,3,230.051515206365,4,140.114893617021,2.97872340425532,47.0385714285714,.332853859679923,.404973389197909
410,163,3030,8,1,3,6,1,88,1,1,9,1,1,2,8,1,2,2,0,6,0,5,0,4,1,17,5,193.748615361374,3,38.1896551724138,2.27586206896552,16.780303030303,-.481462690886145,-2.14940347698073
410,163,3031,8,2,3,5,1,88,1,1,9,1,1,2,8,1,2,8,0,7,0,6,0,4,1,17,5,208.325994839857,3,38.1896551724138,2.27586206896552,16.780303030303,-.481462690886145,-.290848078668386
410,163,3032,8,2,4,1,1,88,1,1,9,1,1,2,8,9,4,2,0,6,0,6,0,6,1,17,5,227.665111014356,4,38.1896551724138,2.27586206896552,16.780303030303,-.481462690886145,-.933044274409955
410,163,3033,8,1,3,10,1,88,1,1,9,1,1,2,8,1,2,2,0,5,0,5,0,5,1,17,5,195.039872279547,3,38.1896551724138,2.27586206896552,16.780303030303,-.481462690886145,-.730982607907387
410,163,3034,8,1,4,3,1,88,1,1,9,1,1,2,8,1,9,99,0,6,0,5,0,4,1,17,5,166.347549103271,2,38.1896551724138,2.27586206896552,16.780303030303,-.481462690886145,-.699848640027521
410,163,3035,8,1,3,11,1,88,1,1,9,1,1,3,8,1,3,2,0,6,0,5,0,4,1,17,5,177.23634866773,2,38.1896551724138,2.27586206896552,16.780303030303,-.481462690886145,-.730982607907387
410,163,3036,8,2,3,10,1,88,1,1,9,1,1,4,7,1,4,6,0,7,0,6,0,5,1,17,5,208.05360215879,3,38.1896551724138,2.27586206896552,16.780303030303,-.481462690886145,.141710025470771
410,163,3037,8,2,3,9,1,88,1,1,9,1,1,2,8,1,3,2,0,6,0,5,0,5,1,17,5,170.686076646964,2,38.1896551724138,2.27586206896552,16.780303030303,-.481462690886145,-1.65760844804725
410,163,3038,8,2,3,2,1,88,1,1,9,1,1,2,6,1,4,2,0,8,0,7,0,7,1,17,5,276.794990920994,5,38.1896551724138,2.27586206896552,16.780303030303,-.481462690886145,1.19525326998778
410,163,3039,8,2,3,4,1,88,1,1,9,1,1,2,8,1,4,99,0,7,0,6,0,5,1,17,5,196.395065752615,3,38.1896551724138,2.27586206896552,16.780303030303,-.481462690886145,-.730982607907387
410,163,3040,8,1,4,1,1,88,1,1,9,1,1,4,7,1,4,2,0,8,0,6,0,6,1,17,5,220.08352478628,4,38.1896551724138,2.27586206896552,16.780303030303,-.481462690886145,-.620896707174539
410,163,3041,8,2,3,6,1,88,1,1,9,1,1,4,6,1,4,7,0,8,0,6,0,6,1,17,5,210.61621849589,3,38.1896551724138,2.27586206896552,16.780303030303,-.481462690886145,.929917738488571
410,163,3056,8,2,4,2,1,88,1,1,9,1,1,2,7,1,3,1,0,8,0,7,0,8,1,17,5,255.210011576571,5,38.1896551724138,2.27586206896552,16.780303030303,-.481462690886145,-.552786418821818
410,163,3057,8,2,3,12,1,88,1,1,9,1,1,4,6,1,2,2,0,8,0,8,0,6,1,17,5,190.567628810498,3,38.1896551724138,2.27586206896552,16.780303030303,-.481462690886145,.0900251614992073
410,164,3042,8,2,3,9,1,88,1,1,9,1,1,4,8,1,4,99,0,7,0,7,0,6,1,17,5,174.908745715891,2,38.1896551724138,2.27586206896552,16.780303030303,-.0103167921247394,.528810302887421
410,164,3043,8,1,4,3,1,88,1,1,9,1,1,4,4,1,2,2,0,6,0,5,0,5,1,17,5,136.881807562573,1,38.1896551724138,2.27586206896552,16.780303030303,-.0103167921247394,-.539871293898197
410,164,3044,8,1,4,2,1,88,1,1,9,1,1,4,5,1,7,7,0,8,0,9,0,9,1,17,5,240.914097848765,4,38.1896551724138,2.27586206896552,16.780303030303,-.0103167921247394,.791816312024651
410,164,3045,8,1,3,10,1,88,1,1,9,1,1,4,7,1,9,7,0,7,0,5,0,7,1,17,5,199.499180495072,3,38.1896551724138,2.27586206896552,16.780303030303,-.0103167921247394,.594735315356313
410,164,3046,8,1,3,11,1,88,1,1,9,1,1,2,8,1,2,99,0,5,0,5,0,5,1,17,5,123.491306315219,1,38.1896551724138,2.27586206896552,16.780303030303,-.0103167921247394,.516510562543257
410,164,3047,8,2,3,12,1,88,1,1,9,1,1,4,6,1,5,5,0,7,0,6,0,6,1,17,5,165.718556147089,2,38.1896551724138,2.27586206896552,16.780303030303,-.0103167921247394,-1.93365565704576
410,164,3048,8,1,3,7,1,88,1,1,9,1,3,4,99,1,2,2,0,7,0,7,0,9,1,17,5,206.335043167921,3,38.1896551724138,2.27586206896552,16.780303030303,-.0103167921247394,.528810302887421
410,164,3049,8,1,3,9,1,88,1,1,9,1,1,4,8,1,99,99,0,5,0,5,0,5,1,17,5,172.266093160242,2,38.1896551724138,2.27586206896552,16.780303030303,-.0103167921247394,-.114001277433604
410,164,3050,8,2,3,9,1,88,1,1,9,1,1,4,6,1,7,7,0,7,0,5,0,7,1,17,5,186.751801862785,3,38.1896551724138,2.27586206896552,16.780303030303,-.0103167921247394,.41788851412153
410,164,3051,8,2,3,11,1,88,1,1,9,1,1,2,8,1,3,8,0,8,0,8,0,8,1,17,5,219.656309142267,4,38.1896551724138,2.27586206896552,16.780303030303,-.0103167921247394,-1.93774126687984
410,164,3052,8,1,3,10,1,88,1,1,9,1,1,4,8,1,2,8,0,6,0,6,0,7,1,17,5,208.325994839857,3,38.1896551724138,2.27586206896552,16.780303030303,-.0103167921247394,-1.93774126687984
410,164,3053,8,1,3,10,1,88,1,1,9,1,1,7,7,1,8,7,0,8,0,7,0,7,1,17,5,230.095334182086,4,38.1896551724138,2.27586206896552,16.780303030303,-.0103167921247394,1.37210007122257
410,164,3054,8,2,3,3,1,88,1,9,9,1,9,99,99,2,3,2,0,7,0,6,0,9,1,17,5,212.377384947866,3,38.1896551724138,2.27586206896552,16.780303030303,-.0103167921247394,-.933044274409955
410,164,3055,8,1,3,6,1,88,1,1,9,1,1,4,8,1,4,8,0,9,0,8,0,7,1,17,5,217.71879833412,4,38.1896551724138,2.27586206896552,16.780303030303,-.0103167921247394,.942832863412192
410,164,3746,8,2,4,1,1,88,1,1,9,1,1,4,5,1,6,7,0,8,0,8,0,8,1,17,5,254.300701306042,5,38.1896551724138,2.27586206896552,16.780303030303,-.0103167921247394,1.54779891022076
1051,165,3058,8,1,4,1,1,88,1,1,1,1,1,3,8,1,4,7,0,6,0,5,0,7,1,17,5,178.524306474106,2,42.5961538461538,1.53846153846154,27.6875,.427677756127157,.831458790241959
1051,165,3059,8,1,4,2,1,88,1,3,2,1,2,4,6,2,3,6,0,8,0,7,0,8,1,17,5,178.580804180801,2,42.5961538461538,1.53846153846154,27.6875,.427677756127157,.745751866743853
1051,165,3060,8,1,3,10,1,88,1,1,1,1,1,4,7,1,9,7,0,7,0,7,0,8,1,17,5,151.979097329416,1,42.5961538461538,1.53846153846154,27.6875,.427677756127157,.214477459768176
1051,165,3061,8,1,3,12,1,88,1,1,2,1,1,4,7,2,4,8,0,9,0,9,0,10,1,17,5,254.300701306042,5,42.5961538461538,1.53846153846154,27.6875,.427677756127157,-.730982607907387
1051,165,3062,8,1,3,10,1,88,1,1,2,1,1,4,9,1,2,2,0,5,0,5,0,6,1,17,5,144.713610015379,1,42.5961538461538,1.53846153846154,27.6875,.427677756127157, 
1051,165,3063,8,1,3,10,4,1,1,2,2,1,3,1,6,4,4,2,0,6,0,5,0,6,1,17,5,144.713610015379,1,42.5961538461538,1.53846153846154,27.6875,.427677756127157, 
1051,165,3064,8,2,3,5,1,88,1,1,2,1,1,4,8,1,4,2,0,8,0,8,0,8,1,17,5,170.678433237597,2,42.5961538461538,1.53846153846154,27.6875,.427677756127157,-.730982607907387
1051,165,3065,8,2,4,2,1,99,1,1,2,1,1,9,7,1,4,2,0,9,0,9,0,10,1,17,5,233.193320663199,4,42.5961538461538,1.53846153846154,27.6875,.427677756127157,.403624001347123
1051,165,3066,8,1,3,6,1,88,1,1,1,1,1,4,6,1,4,6,0,8,0,8,0,9,1,17,5,190.450593717614,3,42.5961538461538,1.53846153846154,27.6875,.427677756127157,.41788851412153
1051,165,3067,8,1,3,12,1,88,1,1,2,1,1,2,8,1,4,6,0,6,0,6,0,6,1,17,5,158.268359807713,2,42.5961538461538,1.53846153846154,27.6875,.427677756127157,1.68704829892127
1051,165,3068,8,1,4,1,1,88,1,1,2,1,2,2,6,1,2,2,0,8,0,8,0,9,1,17,5,240.914097848765,4,42.5961538461538,1.53846153846154,27.6875,.427677756127157,.732836741820232
1051,165,3069,8,2,3,12,1,88,1,1,2,1,1,7,6,1,7,5,0,9,0,6,0,9,1,17,5,239.885047406076,4,42.5961538461538,1.53846153846154,27.6875,.427677756127157,.705657104122204
1051,166,3070,8,2,3,9,1,88,1,1,2,1,1,4,7,1,2,8,0,8,0,9,0,9,1,17,5,195.021578005022,3,42.5961538461538,1.53846153846154,27.6875,-.377456402783363,-.803134657625335
1051,166,3071,8,2,4,1,1,88,1,1,2,1,1,9,3,1,9,7,0,9,0,8,0,10,1,17,5,294.875097197188,5,42.5961538461538,1.53846153846154,27.6875,-.377456402783363,1.53957999845242
1051,166,3072,8,1,3,10,1,88,1,1,2,1,3,2,8,1,2,4,0,8,0,10,0,10,1,17,5,193.748615361374,3,42.5961538461538,1.53846153846154,27.6875,-.377456402783363,-1.24799250210866
1051,166,3073,8,1,3,11,1,88,1,1,2,1,1,2,5,1,2,2,0,7,0,8,0,9,1,17,5,190.650482815879,3,42.5961538461538,1.53846153846154,27.6875,-.377456402783363,-.730982607907387
1051,166,3074,8,1,3,7,1,88,1,1,2,1,1,3,6,1,4,2,0,5,0,6,0,6,1,17,5,189.236329322732,3,42.5961538461538,1.53846153846154,27.6875,-.377456402783363,-.539871293898197
1051,166,3075,8,2,3,11,1,88,1,1,2,1,1,9,7,1,10,7,0,8,0,9,0,10,1,17,5,234.562126743377,4,42.5961538461538,1.53846153846154,27.6875,-.377456402783363,.180455400241633
1051,166,3076,8,2,4,1,1,88,1,1,2,1,1,4,5,1,4,4,0,8,0,10,0,8,1,17,5,215.325339123759,4,42.5961538461538,1.53846153846154,27.6875,-.377456402783363,-.6869335151039
1051,166,3077,8,1,3,9,1,88,1,1,9,9,1,99,99,1,2,1,0,8,0,9,0,10,1,17,5,212.807948766269,3,42.5961538461538,1.53846153846154,27.6875,-.377456402783363,-1.55064098946319
1051,166,3078,8,2,3,10,1,88,1,3,2,1,3,3,9,2,2,2,0,9,0,8,0,10,1,17,5,261.835482092312,5,42.5961538461538,1.53846153846154,27.6875,-.377456402783363,-.539871293898197
1051,166,3079,8,1,2,6,9,99,3,9,9,9,9,99,9,9,99,99,0,6,0,8,0,7,1,17,5,154.63605073351,1,42.5961538461538,1.53846153846154,27.6875,-.377456402783363, 
1051,166,3080,8,2,3,4,1,88,1,1,2,1,1,4,8,1,2,2,0,8,0,7,0,10,1,17,5,238.932699694153,4,42.5961538461538,1.53846153846154,27.6875,-.377456402783363,.469573378093093
1051,166,3750,8,2,3,4,1,88,1,1,2,1,1,2,4,1,2,2,0,6,0,6,0,6,1,17,5,187.447191002204,3,42.5961538461538,1.53846153846154,27.6875,-.377456402783363,-.479994620247333
1051,166,3751,8,1,3,10,1,88,1,1,2,1,1,2,4,1,4,2,0,8,0,9,0,9,1,17,5,220.467620281425,4,42.5961538461538,1.53846153846154,27.6875,-.377456402783363,.856673655509744
1051,166,3752,8,2,3,5,1,88,1,1,2,1,1,99,5,1,4,99,0,6,0,6,0,6,1,17,5,194.977645031822,3,42.5961538461538,1.53846153846154,27.6875,-.377456402783363,-1.37379418822841
1017,91,1783,8,1,3,10,1,88,1,1,1,1,1,4,7,1,4,2,0,6,0,6,0,6,1,8,2,168.556417885604,2,214.564102564103,2.23076923076923,96.183908045977,-.202077918683417,.141710025470771
1017,91,1788,8,2,3,4,1,88,1,1,1,1,1,4,6,1,4,8,0,10,0,10,0,9,1,8,2,247.347448737358,5,214.564102564103,2.23076923076923,96.183908045977,-.202077918683417,.22677720011234
1017,91,1789,8,1,3,7,2,99,1,2,1,2,2,1,4,2,1,4,0,5,0,5,0,6,1,8,2,186.223210868742,3,214.564102564103,2.23076923076923,96.183908045977,-.202077918683417, 
1017,91,1790,8,2,3,12,1,88,1,1,1,1,1,4,8,4,4,5,0,7,0,6,0,7,1,8,2,196.340823620549,3,214.564102564103,2.23076923076923,96.183908045977,-.202077918683417,-.329875172306237
1017,91,1791,8,1,3,7,1,88,1,1,1,1,1,2,6,1,4,6,0,7,0,6,0,7,1,8,2,203.246705123247,3,214.564102564103,2.23076923076923,96.183908045977,-.202077918683417,-.173238202227931
1017,91,1793,8,1,3,12,1,88,1,3,1,1,2,4,6,2,99,99,0,6,0,5,0,7,1,8,2,186.223210868742,3,214.564102564103,2.23076923076923,96.183908045977,-.202077918683417, 
1017,91,1794,8,2,3,11,1,88,1,3,1,1,4,6,6,4,4,8,0,8,0,6,0,8,1,8,2,212.997910158155,3,214.564102564103,2.23076923076923,96.183908045977,-.202077918683417, 
1017,91,1795,8,2,3,7,1,88,1,3,2,1,4,2,8,4,1,8,0,7,0,6,0,9,1,8,2,189.186418087186,3,214.564102564103,2.23076923076923,96.183908045977,-.202077918683417,-1.73978753104214
1017,91,1796,8,2,3,1,1,88,1,1,1,1,1,2,7,1,4,7,0,8,0,8,0,8,1,8,2,227.597808786292,4,214.564102564103,2.23076923076923,96.183908045977,-.202077918683417,.404973389197909
1017,91,1797,8,1,3,7,1,88,1,3,2,1,2,7,8,2,7,8,0,8,0,8,0,9,1,8,2,218.519408574698,4,214.564102564103,2.23076923076923,96.183908045977,-.202077918683417,-.539871293898197
1017,91,1799,8,2,3,7,1,88,1,1,1,1,2,2,4,1,4,2,0,7,0,7,0,7,1,8,2,154.636050733511,1,214.564102564103,2.23076923076923,96.183908045977,-.202077918683417, 
1017,91,1801,8,1,3,8,1,88,1,3,9,1,3,99,99,3,4,8,0,7,0,7,0,7,1,8,2,164.011619115489,2,214.564102564103,2.23076923076923,96.183908045977,-.202077918683417, 
1017,91,1802,8,1,3,7,1,88,1,3,2,1,2,3,8,2,4,8,0,7,0,6,0,7,1,8,2,215.156173770726,4,214.564102564103,2.23076923076923,96.183908045977,-.202077918683417,-1.73978753104214
1017,91,1803,8,2,3,10,1,88,1,1,1,1,1,2,5,1,4,4,0,8,0,9,0,8,1,8,2,281.148790930594,5,214.564102564103,2.23076923076923,96.183908045977,-.202077918683417,.404973389197909
1017,91,1805,8,1,4,2,1,88,1,1,1,1,1,7,5,1,4,2,0,7,0,7,0,7,1,8,2,213.286742768821,3,214.564102564103,2.23076923076923,96.183908045977,-.202077918683417,.352578886232095
1017,91,1806,8,1,3,4,1,88,1,1,2,1,1,7,5,1,4,2,0,7,0,6,0,8,1,8,2,154.63605073351,1,214.564102564103,2.23076923076923,96.183908045977,-.202077918683417, 
1017,91,1807,8,1,4,1,1,88,1,1,2,1,1,4,4,1,2,8,0,7,0,7,0,8,1,8,2,210.911655914758,3,214.564102564103,2.23076923076923,96.183908045977,-.202077918683417,-.290848078668386
1017,91,1808,8,1,3,11,1,88,1,1,2,9,1,4,6,1,4,6,0,8,0,8,0,8,1,8,2,203.423890304769,3,214.564102564103,2.23076923076923,96.183908045977,-.202077918683417,.565356814590381
1017,91,1809,8,1,3,11,1,88,1,1,2,1,1,2,8,1,2,8,0,6,0,6,0,6,1,8,2,177.267067596363,2,214.564102564103,2.23076923076923,96.183908045977,-.202077918683417,.0900251614992073
1017,91,3829,8,1,3,12,4,10,1,2,2,1,4,3,8,4,4,8,0,7,0,8,0,7,1,8,2,144.713610015379,1,214.564102564103,2.23076923076923,96.183908045977,-.202077918683417, 
1017,92,51,8,1,2,4,1,88,3,3,2,1,2,99,8,2,2,2,0,5,0,6,0,6,1,8,2,154.63605073351,1,214.564102564103,2.23076923076923,96.183908045977,-.105691671003223, 
1017,92,52,8,1,2,6,2,4,3,2,2,1,2,1,8,2,1,8,0,5,0,5,0,6,1,8,2,128.171023165298,1,214.564102564103,2.23076923076923,96.183908045977,-.105691671003223, 
1017,92,1778,8,1,3,5,1,88,1,1,1,1,1,2,8,1,4,8,0,6,0,5,0,6,1,8,2,175.643834811389,2,214.564102564103,2.23076923076923,96.183908045977,-.105691671003223,-.488186429926633
1017,92,1779,8,1,3,7,1,88,1,1,2,1,1,9,99,4,9,5,0,8,0,8,0,8,1,8,2,239.885047406076,4,214.564102564103,2.23076923076923,96.183908045977,-.105691671003223,1.32325381917544
1017,92,1780,8,2,3,6,1,88,1,1,2,1,1,1,8,2,9,6,0,5,0,5,0,6,1,8,2,199.391543944644,3,214.564102564103,2.23076923076923,96.183908045977,-.105691671003223,-1.37599305129631
1017,92,1781,8,2,3,10,1,88,1,3,2,1,3,4,8,2,2,8,0,6,0,8,0,7,1,8,2,153.316726275745,1,214.564102564103,2.23076923076923,96.183908045977,-.105691671003223,-.92074453406579
1017,92,1782,8,2,3,3,1,88,1,1,2,1,1,2,8,2,4,7,0,7,0,6,0,7,1,8,2,159.378847967569,2,214.564102564103,2.23076923076923,96.183908045977,-.105691671003223, 
1017,92,1784,8,2,3,6,1,88,1,1,2,1,1,2,5,1,4,9,0,9,0,8,0,9,1,8,2,223.032697784688,4,214.564102564103,2.23076923076923,96.183908045977,-.105691671003223,.213862075188719
1017,92,1785,8,1,3,4,1,88,1,1,1,1,4,4,7,1,4,7,0,8,0,9,0,9,1,8,2,225.970337627724,4,214.564102564103,2.23076923076923,96.183908045977,-.105691671003223,-.224923066199495
1017,92,1786,8,1,3,2,1,88,1,1,1,1,1,3,5,1,4,2,0,7,0,9,0,8,1,8,2,213.286742768821,3,214.564102564103,2.23076923076923,96.183908045977,-.105691671003223,-.605180921787631
1017,92,1787,8,2,3,2,1,88,1,1,1,1,1,4,9,1,9,5,0,9,0,9,0,9,1,8,2,215.261800084824,4,214.564102564103,2.23076923076923,96.183908045977,-.105691671003223,1.43462789234568
1017,92,1792,8,2,3,2,1,88,1,1,2,1,1,4,7,1,4,7,0,9,0,8,0,8,1,8,2,222.301402077163,4,214.564102564103,2.23076923076923,96.183908045977,-.105691671003223,-.014926944607535
1017,92,1798,8,2,2,9,1,88,3,3,1,1,3,2,4,3,2,8,0,7,0,6,0,6,1,8,2,181.730551156553,2,214.564102564103,2.23076923076923,96.183908045977,-.105691671003223,-1.42763996380672
1017,92,1800,8,2,3,11,1,88,1,1,2,1,1,4,99,1,2,2,0,9,0,8,0,8,1,8,2,189.186418087186,3,214.564102564103,2.23076923076923,96.183908045977,-.105691671003223,.541725427811042
1017,92,1804,8,1,2,7,2,8,3,2,1,1,2,4,8,2,4,8,0,8,0,9,0,8,1,8,2,203.600791430613,3,214.564102564103,2.23076923076923,96.183908045977,-.105691671003223,-1.11808288532404
1017,92,1810,8,2,3,5,1,88,1,3,2,1,4,3,8,4,7,8,0,9,0,10,0,10,1,8,2,258.782824403423,5,214.564102564103,2.23076923076923,96.183908045977,-.105691671003223,.705657104122204
1017,92,1811,8,2,3,9,1,88,1,1,2,1,1,4,8,3,9,7,0,9,0,8,0,9,1,8,2,222.405814491397,4,214.564102564103,2.23076923076923,96.183908045977,-.105691671003223,.476868084325949
1017,92,3790,8,1,2,10,4,3,3,2,1,9,4,99,99,4,99,99,0,6,0,5,0,5,1,8,2,128.171023165298,1,214.564102564103,2.23076923076923,96.183908045977,-.105691671003223, 
1017,92,3815,8,2,2,8,4,99,3,2,2,2,4,1,8,4,2,8,0,8,0,7,0,7,1,8,2,149.757714662002,1,214.564102564103,2.23076923076923,96.183908045977,-.105691671003223, 
1054,171,3152,8,1,3,12,1,88,1,1,2,1,1,4,8,1,4,7,0,5,0,5,0,5,1,18,5,41.2417843027699,1,100.933333333333,2.96969696969697,33.9877551020408,.0176956311342719,-1.32974509542492
1054,171,3153,8,1,3,10,1,88,1,1,2,1,3,4,5,1,3,2,0,5,0,4,0,6,1,18,5,158.921356723138,2,100.933333333333,2.96969696969697,33.9877551020408,.0176956311342719,.0247155336097724
1054,171,3154,8,1,2,12,4,7,3,2,2,2,4,99,8,4,99,2,0,6,0,5,0,9,1,18,5,158.450255093829,2,100.933333333333,2.96969696969697,33.9877551020408,.0176956311342719,-1.97255667574595
1054,171,3155,8,1,3,1,1,88,1,1,1,1,1,9,5,2,9,7,0,9,0,9,0,10,1,18,5,222.606703967896,4,100.933333333333,2.96969696969697,33.9877551020408,.0176956311342719,.352578886232095
1054,171,3156,8,2,3,6,1,88,1,1,2,1,1,2,8,1,2,8,0,8,0,7,0,8,1,18,5,217.719568690296,4,100.933333333333,2.96969696969697,33.9877551020408,.0176956311342719,-1.62279303918114
1054,171,3157,8,1,3,11,1,88,1,1,2,1,1,4,7,1,4,2,0,7,0,6,0,7,1,18,5,177.267067596363,2,100.933333333333,2.96969696969697,33.9877551020408,.0176956311342719,.755118740748784
1054,171,3158,8,1,3,6,1,88,1,1,2,1,1,8,5,1,8,5,0,8,0,8,0,10,1,18,5,240.551706237635,4,100.933333333333,2.96969696969697,33.9877551020408,.0176956311342719,1.59855956865684
1054,171,3159,8,2,3,9,1,88,1,9,9,1,9,99,99,2,2,8,0,7,0,6,0,9,1,18,5,177.149041506335,2,100.933333333333,2.96969696969697,33.9877551020408,.0176956311342719,-1.76089446564506
1054,171,3160,8,1,3,6,1,88,1,1,2,1,1,2,1,1,2,8,0,5,0,5,0,5,1,18,5,138.048184228598,1,100.933333333333,2.96969696969697,33.9877551020408,.0176956311342719,-.539871293898197
1054,171,3161,8,1,3,1,1,88,1,1,9,1,1,2,8,1,2,1,0,6,0,6,0,8,1,18,5,194.342584619365,3,100.933333333333,2.96969696969697,33.9877551020408,.0176956311342719,-.920129149486334
1054,171,3162,8,2,3,8,1,88,1,1,2,1,1,4,7,1,2,4,0,7,0,8,0,9,1,18,5,206.546924913207,3,100.933333333333,2.96969696969697,33.9877551020408,.0176956311342719,.339663761308474
1054,171,3163,8,1,3,11,1,88,1,1,2,1,1,2,4,1,5,4,0,5,0,5,0,5,1,18,5,154.240259186429,1,100.933333333333,2.96969696969697,33.9877551020408,.0176956311342719,.633505054404255
1054,171,3164,8,2,3,1,1,88,1,1,9,1,1,2,6,1,4,8,0,6,0,6,0,8,1,18,5,177.23634866773,2,100.933333333333,2.96969696969697,33.9877551020408,.0176956311342719,-.29023269408893
1054,171,3165,8,2,4,1,1,88,1,1,9,1,1,2,8,1,4,8,0,7,0,6,0,7,1,18,5,159.378847967569,2,100.933333333333,2.96969696969697,33.9877551020408,.0176956311342719,-.539871293898197
1054,171,3166,8,1,3,12,1,88,1,1,2,1,1,2,9,2,3,8,0,4,0,4,0,4,1,18,5,98.3170995044737,1,100.933333333333,2.96969696969697,33.9877551020408,.0176956311342719,-.920129149486334
1054,171,3167,8,1,3,6,1,88,1,1,2,1,1,3,8,1,5,5,0,8,0,8,0,8,1,18,5,191.886966072245,3,100.933333333333,2.96969696969697,33.9877551020408,.0176956311342719,2.65657526962803
1054,171,3168,8,1,3,6,1,88,1,1,2,1,1,9,5,1,10,3,0,6,0,6,0,7,1,18,5,190.872126369693,3,100.933333333333,2.96969696969697,33.9877551020408,.0176956311342719,2.34162704192933
1054,171,3603,8,2,3,6,4,8,1,2,2,1,4,10,7,4,10,7,0,7,0,7,0,9,1,18,5,193.635732672075,3,100.933333333333,2.96969696969697,33.9877551020408,.0176956311342719,1.51240036075439
1054,171,3843,8,1,2,10,4,99,3,9,9,1,9,99,99,4,7,1,0,6,0,6,0,9,4,18,5,128.171023165298,1,100.933333333333,2.96969696969697,33.9877551020408,.0176956311342719, 
1054,172,3169,8,2,3,4,1,88,1,1,2,1,1,2,8,1,99,99,66,7,66,4,66,7,1,18,5,159.136337656068,2,100.933333333333,2.96969696969697,33.9877551020408,-.632926126873785,-3.38321049399897
1054,172,3170,8,1,3,11,1,88,1,1,2,1,1,4,6,1,6,5,66,9,66,9,66,9,1,18,5,280.854160293805,5,100.933333333333,2.96969696969697,33.9877551020408,-.632926126873785,.22677720011234
1054,172,3171,8,2,3,7,1,88,1,1,2,1,1,10,5,1,10,7,66,7,66,7,66,7,1,18,5,210.013605719334,3,100.933333333333,2.96969696969697,33.9877551020408,-.632926126873785,.434757969226989
1054,172,3172,8,1,3,7,1,88,1,1,2,1,1,5,6,1,10,5,66,8,66,8,66,7,1,18,5,231.701926489084,4,100.933333333333,2.96969696969697,33.9877551020408,-.632926126873785,1.10676453972335
1054,172,3173,8,2,3,9,1,88,1,1,2,1,1,4,6,1,9,7,66,7,66,7,66,7,1,18,5,136.999155936233,1,100.933333333333,2.96969696969697,33.9877551020408,-.632926126873785,-.329875172306237
1054,172,3174,8,2,3,11,1,88,1,1,2,1,1,5,6,1,2,6,66,7,66,5,66,5,1,18,5,130.826232939001,1,100.933333333333,2.96969696969697,33.9877551020408,-.632926126873785,-.699848640027521
1054,172,3175,8,1,4,3,1,88,1,1,2,1,1,4,8,1,2,2,66,6,66,5,66,5,1,18,5,153.408743320895,1,100.933333333333,2.96969696969697,33.9877551020408,-.632926126873785,-.816049782548956
1054,172,3176,8,2,4,2,1,88,1,1,2,1,1,5,6,1,2,6,66,8,66,6,66,6,1,18,5,198.566759630187,3,100.933333333333,2.96969696969697,33.9877551020408,-.632926126873785,.22677720011234
1054,172,3177,8,2,3,10,4,1,1,2,2,9,4,99,1,4,99,2,66,7,66,5,66,7,1,18,5,138.048184228598,1,100.933333333333,2.96969696969697,33.9877551020408,-.632926126873785,-1.44594623794636
1054,172,3178,8,2,3,7,1,88,1,1,2,1,1,4,6,2,3,2,66,9,66,8,66,8,1,18,5,219.656309142267,4,100.933333333333,2.96969696969697,33.9877551020408,-.632926126873785,.719921616896611
1054,172,3179,8,2,3,12,1,88,1,1,9,1,1,2,8,1,2,2,66,5,66,4,66,4,1,18,5,142.681343445079,1,100.933333333333,2.96969696969697,33.9877551020408,-.632926126873785,-1.65760844804725
1054,172,3180,8,2,3,7,1,88,1,1,9,1,1,2,8,1,2,2,66,5,66,4,66,4,1,18,5,124.565566961219,1,100.933333333333,2.96969696969697,33.9877551020408,-.632926126873785,-.7296332200566
1054,172,3181,8,1,3,6,3,6,1,2,2,2,3,99,1,3,99,2,66,5,66,4,66,4,1,18,5,115.954661990658,1,100.933333333333,2.96969696969697,33.9877551020408,-.632926126873785,-1.10989107564474
1054,172,3804,8,2,1,8,4,10,3,2,9,9,4,99,1,4,99,2,66,7,66,9,66,8,1,18,5,163.138871339838,2,100.933333333333,2.96969696969697,33.9877551020408,-.632926126873785,-2.05473575874084
1055,173,3143,8,2,3,9,1,10,1,1,2,1,1,9,7,1,9,5,0,9,0,7,0,9,1,18,5,224.913155021663,4,81.2390243902439,4.36585365853659,18.6078212290503,.337947105710294,1.43462789234568
1055,173,3144,8,2,3,11,1,10,1,1,2,1,1,4,7,1,4,2,0,7,0,6,0,7,1,18,5,203.852389044953,3,81.2390243902439,4.36585365853659,18.6078212290503,.337947105710294,-.416034380208685
1055,173,3148,8,2,4,4,1,10,1,1,2,1,1,4,5,1,4,7,0,9,0,8,0,9,1,18,5,219.838134859426,4,81.2390243902439,4.36585365853659,18.6078212290503,.337947105710294,-.501101554850254
1055,173,3149,8,1,3,9,1,10,1,1,1,1,1,2,8,1,4,1,0,8,0,6,0,7,1,18,5,177.267067596363,2,81.2390243902439,4.36585365853659,18.6078212290503,.337947105710294,-.0645396408070231
1055,173,3182,8,2,3,10,1,10,1,1,2,1,1,4,8,1,4,8,0,6,0,4,0,4,1,18,5,156.531432132322,1,81.2390243902439,4.36585365853659,18.6078212290503,.337947105710294,-.101086152509983
1055,173,3183,8,1,2,2,4,2,3,2,9,1,4,2,8,4,2,7,0,6,0,5,0,5,1,18,5,139.622778657666,1,81.2390243902439,4.36585365853659,18.6078212290503,.337947105710294,-.854819521596899
1055,173,3184,8,2,3,7,1,10,1,9,9,9,9,99,99,9,99,99,0,7,0,6,0,6,1,18,5,190.032188866485,3,81.2390243902439,4.36585365853659,18.6078212290503,.337947105710294,.719921616896611
1055,173,3185,8,1,3,8,1,10,1,9,9,9,9,99,99,9,99,99,0,6,0,5,0,5,1,18,5,132.238090449328,1,81.2390243902439,4.36585365853659,18.6078212290503,.337947105710294,1.22463177075372
1055,173,3186,8,1,4,1,1,10,1,9,9,9,9,99,99,9,99,99,0,6,0,6,0,6,1,18,5,154.240259186429,1,81.2390243902439,4.36585365853659,18.6078212290503,.337947105710294,-.0259685793653666
1055,173,3187,8,2,3,1,4,6,1,2,2,2,4,99,1,4,99,6,0,7,0,5,0,5,1,18,5,187.661055643711,3,81.2390243902439,4.36585365853659,18.6078212290503,.337947105710294,-1.88068961796935
1055,173,3189,8,1,3,5,1,10,1,1,1,1,1,9,5,1,9,7,0,8,0,6,0,6,1,18,5,180.151034229859,2,81.2390243902439,4.36585365853659,18.6078212290503,.337947105710294,1.53488378529714
1055,173,3190,8,1,3,11,1,10,1,1,1,1,1,99,4,1,99,5,0,9,0,8,0,8,1,18,5,254.300701306042,5,81.2390243902439,4.36585365853659,18.6078212290503,.337947105710294,2.17769536561816
1055,173,3191,8,1,3,2,1,10,1,1,1,1,1,99,5,1,99,5,0,8,0,6,0,7,1,18,5,164.694518237865,2,81.2390243902439,4.36585365853659,18.6078212290503,.337947105710294,.84437391516558
1055,173,3192,8,1,4,1,1,10,1,1,1,1,1,99,5,1,99,7,0,9,0,7,0,9,1,18,5,208.608015416367,3,81.2390243902439,4.36585365853659,18.6078212290503,.337947105710294,1.42171276742206
1055,173,3193,8,1,3,5,1,10,1,1,2,1,1,4,7,1,9,7,0,8,0,7,0,7,1,18,5,220.02095391995,4,81.2390243902439,4.36585365853659,18.6078212290503,.337947105710294,-.173238202227931
1055,173,3194,8,2,3,5,1,10,1,1,2,1,1,2,8,1,9,7,0,8,0,7,0,7,1,18,5,184.818752225426,2,81.2390243902439,4.36585365853659,18.6078212290503,.337947105710294,.578271939514002
1055,173,3201,8,2,4,4,1,10,1,1,2,1,1,2,8,1,2,2,0,7,0,6,0,6,1,18,5,208.379985496099,3,81.2390243902439,4.36585365853659,18.6078212290503,.337947105710294,-1.359529675454
1055,173,3202,8,2,3,10,1,10,1,1,2,1,1,2,7,1,4,6,0,6,0,6,0,7,1,18,5,163.899018251218,2,81.2390243902439,4.36585365853659,18.6078212290503,.337947105710294,.565356814590381
1055,173,3203,8,2,3,9,1,10,1,1,2,1,1,9,5,1,9,5,0,9,0,8,0,8,1,18,5,199.391543944644,3,81.2390243902439,4.36585365853659,18.6078212290503,.337947105710294, 
1055,173,3210,8,1,3,7,1,10,1,1,2,1,1,4,7,1,9,5,0,9,0,8,0,9,1,18,5,217.403714843654,4,81.2390243902439,4.36585365853659,18.6078212290503,.337947105710294,1.29652646588176
1055,174,531,8,1,4,6,1,1,1,1,2,1,1,9,5,1,9,5,0,6,0,6,0,7,1,18,5,189.397180287251,3,81.2390243902439,4.36585365853659,18.6078212290503,1.3083890378384,1.92642292127916
1055,174,3142,8,2,3,10,1,1,1,1,1,1,1,4,7,1,4,7,0,7,0,7,0,8,1,18,5,235.297042700082,4,81.2390243902439,4.36585365853659,18.6078212290503,1.3083890378384,.893220167212704
1055,174,3145,8,1,3,10,1,1,1,1,1,1,1,4,5,1,9,2,0,8,0,8,0,8,1,18,5,251.575241889783,5,81.2390243902439,4.36585365853659,18.6078212290503,1.3083890378384,1.74957612004438
1055,174,3146,8,1,3,5,1,1,1,1,1,1,1,9,5,1,9,7,0,7,0,8,0,8,1,18,5,229.792059618547,4,81.2390243902439,4.36585365853659,18.6078212290503,1.3083890378384,1.68704829892127
1055,174,3147,8,1,3,6,1,1,1,1,2,1,1,9,5,1,9,5,0,6,0,7,0,7,1,18,5,186.117187524687,3,81.2390243902439,4.36585365853659,18.6078212290503,1.3083890378384,1.29652646588176
1055,174,3151,8,1,4,4,1,1,1,1,1,1,1,9,3,1,4,4,0,6,0,6,0,8,1,18,5,212.985383349306,3,81.2390243902439,4.36585365853659,18.6078212290503,1.3083890378384,1.58564444373322
1055,174,3195,8,1,3,12,1,1,1,1,1,1,1,4,6,1,9,7,0,8,0,7,0,8,1,18,5,217.819842812645,4,81.2390243902439,4.36585365853659,18.6078212290503,1.3083890378384,1.59855956865684
1055,174,3196,8,2,3,11,1,1,1,1,2,1,1,9,5,1,9,7,0,7,0,6,0,8,1,18,5,246.42339179765,5,81.2390243902439,4.36585365853659,18.6078212290503,1.3083890378384,2.17769536561816
1055,174,3197,8,1,3,6,1,1,1,1,2,1,1,9,5,1,9,7,0,6,0,6,0,7,1,18,5,190.003528473952,3,81.2390243902439,4.36585365853659,18.6078212290503,1.3083890378384,1.22463177075372
1055,174,3198,8,1,4,1,1,1,1,1,1,1,1,4,6,1,9,7,0,6,0,5,0,6,1,18,5,164.011619115489,2,81.2390243902439,4.36585365853659,18.6078212290503,1.3083890378384, 
1055,174,3199,8,1,3,4,1,1,1,1,1,1,1,9,5,1,9,7,0,6,0,6,0,6,1,18,5,212.631247293932,3,81.2390243902439,4.36585365853659,18.6078212290503,1.3083890378384,.84437391516558
1055,174,3200,8,1,3,5,1,1,1,1,2,1,1,9,5,9,99,99,0,7,0,7,0,8,1,18,5,139.467041250859,1,81.2390243902439,4.36585365853659,18.6078212290503,1.3083890378384, 
1055,174,3204,8,2,4,1,1,1,1,1,1,1,1,9,3,1,4,7,0,7,0,8,0,8,1,18,5,227.695959022804,4,81.2390243902439,4.36585365853659,18.6078212290503,1.3083890378384,1.92642292127916
1055,174,3205,8,2,3,11,1,1,1,1,2,1,1,9,3,1,9,3,0,7,0,6,0,9,1,18,5,280.802017463493,5,81.2390243902439,4.36585365853659,18.6078212290503,1.3083890378384,1.34846868444323
1055,174,3206,8,2,3,3,1,1,1,3,2,1,2,4,8,2,4,4,0,7,0,6,0,8,1,18,5,213.286742768821,3,81.2390243902439,4.36585365853659,18.6078212290503,1.3083890378384,.719921616896611
1055,174,3207,8,2,3,10,1,1,1,1,2,1,1,9,5,1,9,5,0,6,0,6,0,8,1,18,5,248.112494556655,5,81.2390243902439,4.36585365853659,18.6078212290503,1.3083890378384,2.17769536561816
1055,174,3208,8,2,3,4,1,1,1,1,2,1,1,9,7,1,9,7,0,7,0,8,0,8,1,18,5,262.051349493034,5,81.2390243902439,4.36585365853659,18.6078212290503,1.3083890378384,.214477459768176
1055,174,3209,8,2,3,6,1,1,1,1,2,1,1,9,5,1,9,7,0,9,0,9,0,9,1,18,5,271.563460212923,5,81.2390243902439,4.36585365853659,18.6078212290503,1.3083890378384,1.43462789234568
1055,174,3211,8,2,3,12,1,1,1,1,1,1,1,9,5,1,9,5,0,7,0,6,0,8,1,18,5,208.839444713797,3,81.2390243902439,4.36585365853659,18.6078212290503,1.3083890378384,1.43462789234568
1055,174,3768,8,2,4,3,1,1,1,1,1,1,1,4,6,3,4,2,0,6,0,5,0,6,1,18,5,214.76197012002,4,81.2390243902439,4.36585365853659,18.6078212290503,1.3083890378384,-.605180921787631
1055,174,3802,8,1,3,5,3,2,1,2,2,1,3,4,6,3,9,8,0,5,0,6,0,8,1,18,5,158.450255093829,2,81.2390243902439,4.36585365853659,18.6078212290503,1.3083890378384,1.22463177075372
1033,123,2384,8,2,3,9,1,88,1,1,2,1,1,4,7,2,2,2,8,8,8,7,9,9,1,12,3,253.017765285184,5,193.648550724638,2.10869565217391,91.8333333333333,-.0200697544811993,-.416034380208685
1033,123,2385,8,2,3,5,1,88,1,1,1,1,1,2,6,1,1,2,7,7,6,6,6,6,1,12,3,178.580804180801,2,193.648550724638,2.10869565217391,91.8333333333333,-.0200697544811993,-.92074453406579
1033,123,2386,8,2,3,8,1,88,1,3,2,1,2,5,8,2,4,2,7,66,5,66,8,66,1,12,3,198.739982470452,3,193.648550724638,2.10869565217391,91.8333333333333,-.0200697544811993,-.920129149486334
1033,123,2392,8,2,4,1,1,88,1,1,2,1,1,4,6,1,9,7,66,9,66,9,66,8,1,12,3,254.17035275903,5,193.648550724638,2.10869565217391,91.8333333333333,-.0200697544811993,-.101086152509983
1033,123,2393,8,2,3,11,1,88,1,1,1,1,1,2,99,1,4,7,66,8,66,9,66,9,1,12,3,227.597808786292,4,193.648550724638,2.10869565217391,91.8333333333333,-.0200697544811993,-.605180921787631
1033,123,2394,8,2,3,11,1,88,1,1,1,1,1,4,5,2,7,2,66,6,66,4,66,7,1,12,3,153.408743320895,1,193.648550724638,2.10869565217391,91.8333333333333,-.0200697544811993,.942832863412192
1033,123,2396,8,1,3,3,1,88,1,1,2,1,1,4,7,1,4,2,8,8,8,7,7,8,1,12,3,193.301721135549,3,193.648550724638,2.10869565217391,91.8333333333333,-.0200697544811993,-.0881710275863618
1033,123,2397,8,1,3,9,2,99,1,2,2,1,2,5,8,2,5,6,7,7,6,6,6,6,1,12,3,154.710787067567,1,193.648550724638,2.10869565217391,91.8333333333333,-.0200697544811993,-.730982607907387
1033,123,2398,8,1,3,10,1,88,1,1,2,1,1,10,5,1,7,5,8,8,7,7,8,8,1,12,3,247.347448737358,5,193.648550724638,2.10869565217391,91.8333333333333,-.0200697544811993,1.03352045674453
1033,123,2399,8,1,3,5,1,88,1,1,2,1,1,2,5,1,4,2,66,8,66,7,66,8,1,12,3,247.214771332034,5,193.648550724638,2.10869565217391,91.8333333333333,-.0200697544811993,-.224923066199495
1033,123,2400,8,1,3,11,1,88,1,1,2,1,1,4,6,1,4,6,66,7,66,6,33,7,1,12,3,232.950779570475,4,193.648550724638,2.10869565217391,91.8333333333333,-.0200697544811993,.300021283091167
1033,123,2401,8,2,3,5,1,88,1,1,2,1,1,4,5,1,2,4,7,66,6,66,7,66,1,12,3,185.60899367712,3,193.648550724638,2.10869565217391,91.8333333333333,-.0200697544811993,.213862075188719
1033,123,2402,8,2,3,10,1,88,1,1,2,1,1,2,8,1,4,2,7,7,6,6,7,7,1,12,3,177.458445054569,2,193.648550724638,2.10869565217391,91.8333333333333,-.0200697544811993, 
1033,123,2403,8,2,3,4,1,88,1,1,1,1,1,11,5,1,7,5,7,66,9,66,9,66,1,12,3,241.191130706368,4,193.648550724638,2.10869565217391,91.8333333333333,-.0200697544811993,.942832863412192
1033,123,2405,8,2,3,1,1,88,1,1,2,1,1,2,6,1,4,2,8,8,5,5,7,7,1,12,3,178.524306474106,2,193.648550724638,2.10869565217391,91.8333333333333,-.0200697544811993,.300021283091167
1033,123,2407,8,1,3,2,1,88,1,1,2,1,1,4,7,1,4,8,7,7,5,5,7,7,1,12,3,154.636050733511,1,193.648550724638,2.10869565217391,91.8333333333333,-.0200697544811993, 
1033,123,2411,8,1,3,8,1,88,1,1,2,1,1,4,8,1,2,8,7,7,6,6,6,6,1,12,3,153.035119386718,1,193.648550724638,2.10869565217391,91.8333333333333,-.0200697544811993,-.100470767930526
1033,123,2413,8,2,3,11,1,88,1,1,1,1,1,7,4,1,4,7,33,8,33,6,66,7,1,12,3,200.830549460352,3,193.648550724638,2.10869565217391,91.8333333333333,-.0200697544811993,.942832863412192
1033,123,2415,8,2,3,8,1,88,1,1,1,1,1,4,8,4,2,2,6,6,5,6,6,6,1,12,3,203.054715821584,3,193.648550724638,2.10869565217391,91.8333333333333,-.0200697544811993,.300021283091167
1033,123,2416,8,2,3,12,1,88,1,1,1,1,1,2,6,1,4,7,8,8,6,6,6,6,1,12,3,231.847466827592,4,193.648550724638,2.10869565217391,91.8333333333333,-.0200697544811993,.719921616896611
1033,123,2417,8,2,3,7,1,88,1,1,1,1,1,7,7,1,7,7,9,9,8,8,9,8,1,12,3,258.782824403423,5,193.648550724638,2.10869565217391,91.8333333333333,-.0200697544811993,.26687196273399
1033,123,2418,8,1,4,3,1,88,1,3,1,1,2,2,8,2,2,1,10,8,33,8,33,9,1,12,3,190.567628810498,3,193.648550724638,2.10869565217391,91.8333333333333,-.0200697544811993,-1.55064098946319
1033,123,2420,8,2,3,9,1,88,1,1,2,1,1,9,3,1,8,7,9,9,9,9,9,9,1,12,3,239.216603753825,4,193.648550724638,2.10869565217391,91.8333333333333,-.0200697544811993,.804731436948272
1033,123,3842,8,2,2,10,1,99,3,3,1,1,2,3,6,2,2,2,33,7,4,66,7,8,1,12,3,208.325994839857,3,193.648550724638,2.10869565217391,91.8333333333333,-.0200697544811993,-1.55064098946319
1033,123,3880,8,1,1,10,4,1,3,9,1,1,9,3,8,9,99,99,66,66,66,66,66,66,1,12,3,133.972325842708,1,193.648550724638,2.10869565217391,91.8333333333333,-.0200697544811993, 
1033,124,65,8,1,2,12,1,88,3,9,9,9,9,99,99,9,99,99,33,33,33,66,66,33,4,12,3,217.770457921662,4,193.648550724638,2.10869565217391,91.8333333333333,-.283395386744298,-.920129149486334
1033,124,2387,8,2,3,4,1,88,1,1,1,1,1,2,4,1,2,6,7,7,6,6,6,6,4,12,3,190.593814797016,3,193.648550724638,2.10869565217391,91.8333333333333,-.283395386744298, 
1033,124,2388,8,1,3,11,1,88,1,1,2,1,1,4,6,1,9,5,6,6,6,6,6,6,4,12,3,154.63605073351,1,193.648550724638,2.10869565217391,91.8333333333333,-.283395386744298, 
1033,124,2389,8,1,3,11,1,88,1,1,2,1,1,4,5,1,4,2,66,8,66,9,66,9,4,12,3,222.826353379557,4,193.648550724638,2.10869565217391,91.8333333333333,-.283395386744298,-.854819521596899
1033,124,2390,8,2,3,8,1,88,1,1,2,1,1,4,7,1,4,2,7,6,5,6,7,7,4,12,3,153.035119386718,1,193.648550724638,2.10869565217391,91.8333333333333,-.283395386744298,-1.76089446564506
1033,124,2391,8,2,3,9,1,88,1,1,1,1,1,2,9,1,4,7,7,7,33,7,7,7,4,12,3,198.364787101001,3,193.648550724638,2.10869565217391,91.8333333333333,-.283395386744298,.413192300966251
1033,124,2395,8,1,3,7,2,10,1,9,1,1,9,99,99,4,2,5,66,6,66,6,33,6,4,12,3,172.689850140666,2,193.648550724638,2.10869565217391,91.8333333333333,-.283395386744298,-1.42483930334344
1033,124,2404,8,2,3,4,1,88,1,1,1,1,1,9,5,1,9,7,9,9,9,9,9,9,4,12,3,269.812926463005,5,193.648550724638,2.10869565217391,91.8333333333333,-.283395386744298,1.74957612004438
1033,124,2406,8,1,3,3,1,88,1,1,1,1,1,4,5,1,3,2,6,6,6,33,7,66,4,12,3,187.661055643711,3,193.648550724638,2.10869565217391,91.8333333333333,-.283395386744298,1.35803698406236
1033,124,2408,8,2,3,8,1,88,1,1,2,1,1,4,6,1,4,2,66,8,66,9,66,7,4,12,3,212.702072648694,3,193.648550724638,2.10869565217391,91.8333333333333,-.283395386744298,1.67298521176106
1033,124,2409,8,1,3,3,1,88,1,1,2,1,1,4,8,1,4,2,66,7,66,7,66,7,4,12,3,197.696847883919,3,193.648550724638,2.10869565217391,91.8333333333333,-.283395386744298,-1.04593083560609
1033,124,2410,8,2,3,8,1,88,1,3,2,1,2,3,8,2,5,99,7,66,8,66,7,66,4,12,3,203.852389044953,3,193.648550724638,2.10869565217391,91.8333333333333,-.283395386744298,-.699848640027521
1033,124,2412,8,2,3,1,1,88,1,3,2,1,4,5,6,4,7,6,66,9,66,10,66,9,4,12,3,239.885047406076,4,193.648550724638,2.10869565217391,91.8333333333333,-.283395386744298,-.730982607907387
1033,124,2414,8,2,3,11,1,88,1,1,2,1,1,4,6,1,4,7,7,7,7,7,8,7,4,12,3,194.977645031822,3,193.648550724638,2.10869565217391,91.8333333333333,-.283395386744298, 
1033,124,2419,8,2,3,12,1,88,1,1,1,1,1,2,8,1,3,5,6,6,7,6,5,7,4,12,3,149.757714662002,1,193.648550724638,2.10869565217391,91.8333333333333,-.283395386744298, 
1033,124,2492,8,2,3,12,1,88,1,1,2,1,1,4,99,2,4,2,7,7,5,5,9,7,4,12,3,176.558525179267,2,193.648550724638,2.10869565217391,91.8333333333333,-.283395386744298,.300021283091167
1033,124,3764,8,1,3,2,1,88,1,3,2,1,2,3,6,2,5,8,7,66,7,66,7,66,4,12,3,198.566759630187,3,193.648550724638,2.10869565217391,91.8333333333333,-.283395386744298,-.488186429926633
1033,124,3777,8,2,2,5,3,2,3,9,2,2,9,99,99,2,6,6,6,66,8,33,6,66,4,12,3,159.378847967569,2,193.648550724638,2.10869565217391,91.8333333333333,-.283395386744298, 
1033,124,3799,8,1,2,9,9,99,3,9,9,9,9,99,99,9,99,99,33,66,33,66,33,66,4,12,3,164.011619115489,2,193.648550724638,2.10869565217391,91.8333333333333,-.283395386744298, 
1033,124,3844,8,2,2,9,4,1,3,9,1,1,9,99,99,4,5,7,6,6,6,6,7,7,4,12,3,117.663211993123,1,193.648550724638,2.10869565217391,91.8333333333333,-.283395386744298, 
1033,124,3868,8,2,2,11,1,88,3,3,1,1,2,2,99,2,2,1,66,5,10,5,33,6,4,12,3,139.467041250859,1,193.648550724638,2.10869565217391,91.8333333333333,-.283395386744298, 
1034,125,2423,8,2,3,5,1,88,1,1,2,1,1,4,8,1,4,2,0,7,0,8,0,7,2,12,3,180.871486981834,2,202.450757575758,3.93181818181818,51.490366088632,.119754976733918,.141710025470771
1034,125,2424,8,2,3,10,1,88,1,1,1,1,1,4,6,1,3,2,0,9,0,9,0,9,2,12,3,283.32872531649,5,202.450757575758,3.93181818181818,51.490366088632,.119754976733918,.0900251614992073
1034,125,2425,8,2,3,9,1,88,1,1,2,1,1,6,7,2,9,2,0,7,0,9,0,8,2,12,3,235.387222112981,4,202.450757575758,3.93181818181818,51.490366088632,.119754976733918,.84437391516558
1034,125,2426,8,1,3,10,1,88,1,1,1,1,1,2,99,1,2,99,0,6,0,5,0,6,2,12,3,228.576352895939,4,202.450757575758,3.93181818181818,51.490366088632,.119754976733918,-2.14940347698073
1034,125,2428,8,2,3,4,1,88,1,1,1,1,1,2,9,4,1,2,0,7,0,8,0,8,2,12,3,233.54541226449,4,202.450757575758,3.93181818181818,51.490366088632,.119754976733918,-1.55064098946319
1034,125,2429,8,2,3,9,1,88,1,1,2,1,1,9,5,1,9,5,0,9,0,9,0,8,2,12,3,230.095334182086,4,202.450757575758,3.93181818181818,51.490366088632,.119754976733918,.84437391516558
1034,125,2430,8,1,3,6,1,88,1,1,2,1,1,2,8,1,4,2,0,8,0,8,0,9,2,12,3,253.95583235175,5,202.450757575758,3.93181818181818,51.490366088632,.119754976733918,-.539871293898197
1034,125,2432,8,1,3,1,1,88,1,1,2,1,9,99,99,1,4,7,0,7,0,5,0,6,2,12,3,212.997910158155,3,202.450757575758,3.93181818181818,51.490366088632,.119754976733918,.856673655509744
1034,125,2435,8,1,3,7,1,88,1,1,2,1,1,9,5,1,7,7,0,9,0,8,0,9,2,12,3,224.897275345054,4,202.450757575758,3.93181818181818,51.490366088632,.119754976733918,1.10676453972335
1034,125,2436,8,2,3,6,1,88,1,1,2,1,1,2,8,1,4,2,0,7,0,6,0,7,2,12,3,198.364787101001,3,202.450757575758,3.93181818181818,51.490366088632,.119754976733918,-.212007941275874
1034,125,2437,8,1,4,1,1,88,1,1,2,1,1,9,7,1,9,7,0,7,0,6,0,6,2,12,3,147.81591617045,1,202.450757575758,3.93181818181818,51.490366088632,.119754976733918,.180455400241633
1034,125,2438,8,1,3,3,1,88,1,1,1,1,1,2,5,1,9,3,0,5,0,5,0,6,2,12,3,173.032778292153,2,202.450757575758,3.93181818181818,51.490366088632,.119754976733918,.62788463571349
1034,125,2440,8,1,3,11,1,88,1,1,2,1,1,2,8,1,7,5,0,7,0,7,0,7,2,12,3,196.395065752615,3,202.450757575758,3.93181818181818,51.490366088632,.119754976733918,-.730982607907387
1034,125,2443,8,1,3,6,1,88,1,1,1,1,1,2,4,2,9,4,0,7,0,8,0,9,2,12,3,247.126368051819,5,202.450757575758,3.93181818181818,51.490366088632,.119754976733918,.390708876423502
1034,125,2445,8,2,3,6,1,88,1,3,2,1,2,7,99,2,7,99,0,7,0,7,0,7,2,12,3,212.702072648694,3,202.450757575758,3.93181818181818,51.490366088632,.119754976733918,.22677720011234
1034,125,2446,8,1,3,9,1,88,1,1,1,1,1,4,7,1,11,5,0,8,0,7,0,7,2,12,3,246.212899191702,5,202.450757575758,3.93181818181818,51.490366088632,.119754976733918,1.37210007122257
1034,125,2449,8,2,3,5,1,88,1,1,1,1,1,2,7,1,4,7,0,8,0,5,0,7,2,12,3,212.985383349306,3,202.450757575758,3.93181818181818,51.490366088632,.119754976733918,.404973389197909
1034,125,2457,8,2,3,3,1,88,1,1,2,1,1,7,5,1,7,5,0,7,0,8,0,8,2,12,3,189.542719515865,3,202.450757575758,3.93181818181818,51.490366088632,.119754976733918,-.239187578973902
1034,125,2461,8,2,3,9,1,88,1,1,1,1,1,2,8,1,8,8,0,8,0,7,0,7,2,12,3,199.624862841315,3,202.450757575758,3.93181818181818,51.490366088632,.119754976733918,.213862075188719
1034,125,2462,8,1,3,9,1,88,1,1,2,1,1,4,7,1,3,5,0,7,0,7,0,7,2,12,3,228.179257960942,4,202.450757575758,3.93181818181818,51.490366088632,.119754976733918,.516510562543257
1034,126,66,8,1,2,5,1,88,3,1,2,1,1,4,8,1,4,3,0,6,0,7,0,7,1,12,3,176.622278965223,2,202.450757575758,3.93181818181818,51.490366088632,.0878715941319575,.404973389197909
1034,126,67,8,2,2,7,1,88,3,1,1,1,1,2,5,1,2,2,0,6,0,6,0,6,1,12,3,164.011619115489,2,202.450757575758,3.93181818181818,51.490366088632,.0878715941319575, 
1034,126,2421,8,1,3,1,1,88,1,1,1,1,1,4,8,1,4,5,0,6,0,7,0,8,1,12,3,189.236329322732,3,202.450757575758,3.93181818181818,51.490366088632,.0878715941319575,.404973389197909
1034,126,2422,8,1,3,1,1,88,1,1,1,1,1,4,8,1,4,5,0,7,0,7,0,8,1,12,3,203.246705123247,3,202.450757575758,3.93181818181818,51.490366088632,.0878715941319575,-.488186429926633
1034,126,2427,8,1,3,3,1,88,1,1,1,1,1,4,6,1,4,7,0,6,0,6,0,6,1,12,3,185.37221088165,2,202.450757575758,3.93181818181818,51.490366088632,.0878715941319575,.528810302887421
1034,126,2431,8,1,3,2,1,88,1,1,2,1,1,4,6,1,2,2,0,7,0,6,0,8,1,12,3,174.496225023074,2,202.450757575758,3.93181818181818,51.490366088632,.0878715941319575,1.2117166458301
1034,126,2433,8,1,3,3,1,88,1,1,1,1,1,4,6,1,6,7,0,6,0,6,0,6,1,12,3,173.032778292153,2,202.450757575758,3.93181818181818,51.490366088632,.0878715941319575,.84437391516558
1034,126,2434,8,2,3,4,1,88,1,1,1,1,1,4,5,1,2,2,0,6,0,6,0,7,1,12,3,181.15625100137,2,202.450757575758,3.93181818181818,51.490366088632,.0878715941319575,-.173238202227931
1034,126,2439,8,1,3,3,1,88,1,1,1,1,1,4,6,1,6,7,0,7,0,6,0,7,1,12,3,162.744312572589,2,202.450757575758,3.93181818181818,51.490366088632,.0878715941319575,.74970619692569
1034,126,2441,8,2,3,11,1,88,1,1,1,1,1,2,7,1,4,7,0,8,0,8,0,9,1,12,3,218.519408574698,4,202.450757575758,3.93181818181818,51.490366088632,.0878715941319575,-.224923066199495
1034,126,2442,8,2,4,1,1,88,1,1,1,1,1,2,6,1,4,99,0,8,0,7,0,7,1,12,3,231.847466827592,4,202.450757575758,3.93181818181818,51.490366088632,.0878715941319575,.213862075188719
1034,126,2444,8,1,3,4,1,88,1,1,2,1,1,7,5,1,4,7,0,6,0,6,0,7,1,12,3,208.608015416367,3,202.450757575758,3.93181818181818,51.490366088632,.0878715941319575,-.488186429926633
1034,126,2447,8,1,4,1,1,88,1,1,2,1,1,9,8,1,2,7,0,5,0,6,0,5,1,12,3,172.591749264034,2,202.450757575758,3.93181818181818,51.490366088632,.0878715941319575,-1.11808288532404
1034,126,2448,8,2,3,11,1,88,1,1,1,1,1,2,6,4,4,2,0,6,0,6,0,6,1,12,3,139.467041250859,1,202.450757575758,3.93181818181818,51.490366088632,.0878715941319575, 
1034,126,2450,8,1,3,9,1,88,1,1,1,1,1,3,8,1,2,8,0,7,0,7,0,7,1,12,3,186.194707339138,3,202.450757575758,3.93181818181818,51.490366088632,.0878715941319575,-.329875172306237
1034,126,2451,8,2,3,8,1,88,1,1,2,1,1,2,1,1,4,8,0,6,0,5,0,5,1,12,3,163.278558104652,2,202.450757575758,3.93181818181818,51.490366088632,.0878715941319575,-.101086152509983
1034,126,2452,8,1,3,12,1,88,1,1,1,1,1,4,6,1,4,6,0,7,0,7,0,7,1,12,3,177.267067596363,2,202.450757575758,3.93181818181818,51.490366088632,.0878715941319575,.0247155336097724
1034,126,2453,8,2,3,6,1,88,1,1,1,1,1,2,5,1,4,5,0,7,0,7,0,7,1,12,3,195.039872279547,3,202.450757575758,3.93181818181818,51.490366088632,.0878715941319575,.213862075188719
1034,126,2454,8,2,3,2,1,88,1,1,1,1,1,2,4,1,7,7,0,8,0,7,0,8,1,12,3,199.281873834937,3,202.450757575758,3.93181818181818,51.490366088632,.0878715941319575,.896768418131394
1034,126,2455,8,2,3,8,1,88,1,1,2,1,1,2,8,1,4,7,0,6,0,5,0,6,1,12,3,159.378847967569,2,202.450757575758,3.93181818181818,51.490366088632,.0878715941319575, 
1034,126,2456,8,1,3,9,1,88,1,1,2,1,1,1,6,1,2,2,0,6,0,6,0,7,1,12,3,193.635732672075,3,202.450757575758,3.93181818181818,51.490366088632,.0878715941319575,-.816049782548956
1034,126,2458,8,2,3,5,1,88,1,1,2,1,1,4,7,1,4,4,0,7,0,7,0,7,1,12,3,220.467620281425,4,202.450757575758,3.93181818181818,51.490366088632,.0878715941319575,.352578886232095
1034,126,2459,8,1,3,6,1,88,1,3,1,1,4,4,6,4,4,2,0,7,0,7,0,9,1,12,3,247.140943268616,5,202.450757575758,3.93181818181818,51.490366088632,.0878715941319575,-.101086152509983
1034,126,2460,8,1,3,5,1,88,1,1,1,1,1,4,7,1,4,7,0,7,0,7,0,8,1,12,3,217.819842812645,4,202.450757575758,3.93181818181818,51.490366088632,.0878715941319575,-.160323077304311
1035,127,406,8,2,3,6,1,88,1,1,2,1,1,4,6,1,3,5,6,7,7,8,7,6,1,12,3,187.447191002204,3,207.158914728682,2.62790697674419,78.830383480826,.401057599317666,.0900251614992073
1035,127,2371,8,2,3,11,1,88,1,3,1,1,4,4,8,4,4,8,8,8,8,7,7,7,1,12,3,228.170685931063,4,207.158914728682,2.62790697674419,78.830383480826,.401057599317666,-.329875172306237
1035,127,2372,8,1,3,9,1,88,1,1,1,1,1,9,7,1,9,7,7,8,8,8,9,7,1,12,3,210.773802069256,3,207.158914728682,2.62790697674419,78.830383480826,.401057599317666,.279787087657611
1035,127,2373,8,1,3,9,1,88,1,1,1,1,1,9,7,1,9,3,8,10,9,9,8,8,1,12,3,252.712238433168,5,207.158914728682,2.62790697674419,78.830383480826,.401057599317666,2.17769536561816
1035,127,2374,8,1,3,12,1,88,1,1,1,1,1,9,7,1,9,7,6,8,9,9,9,8,1,12,3,261.623119072376,5,207.158914728682,2.62790697674419,78.830383480826,.401057599317666,.804731436948272
1035,127,2375,8,2,3,5,1,88,1,1,1,1,1,4,8,1,4,99,8,8,6,7,8,6,1,12,3,163.278558104652,2,207.158914728682,2.62790697674419,78.830383480826,.401057599317666,.352578886232095
1035,127,2380,8,2,3,2,1,88,1,1,1,1,1,2,8,1,2,2,8,7,7,7,8,6,1,12,3,198.739982470452,3,207.158914728682,2.62790697674419,78.830383480826,.401057599317666,-.92074453406579
1035,127,2381,8,1,3,5,1,88,1,1,9,9,1,99,1,1,5,1,5,4,33,66,5,5,1,12,3,194.977645031822,3,207.158914728682,2.62790697674419,78.830383480826,.401057599317666, 
1035,127,2382,8,1,3,11,1,88,1,3,2,1,4,3,2,4,3,5,6,6,5,66,6,6,1,12,3,153.354743876795,1,207.158914728682,2.62790697674419,78.830383480826,.401057599317666,-.618096046711253
1035,127,2383,8,2,3,11,1,88,1,1,2,1,1,7,4,1,7,7,8,8,8,66,9,8,1,12,3,258.782824403423,5,207.158914728682,2.62790697674419,78.830383480826,.401057599317666,1.02060533182091
1035,127,2465,8,2,3,10,1,88,1,1,1,1,9,99,99,1,4,7,5,7,5,6,6,6,1,12,3,223.62328988025,4,207.158914728682,2.62790697674419,78.830383480826,.401057599317666,.742203615825163
1035,127,2466,8,2,3,3,1,88,1,1,1,1,1,3,5,1,4,5,6,6,6,6,8,7,1,12,3,186.223210868742,3,207.158914728682,2.62790697674419,78.830383480826,.401057599317666, 
1035,127,2467,8,2,3,5,1,88,1,3,2,1,4,4,8,4,7,99,7,8,6,6,9,9,1,12,3,203.054715821585,3,207.158914728682,2.62790697674419,78.830383480826,.401057599317666,-1.11808288532404
1035,127,2468,8,1,3,6,1,88,1,1,1,1,1,2,7,1,4,7,7,7,8,8,8,8,1,12,3,222.606703967896,4,207.158914728682,2.62790697674419,78.830383480826,.401057599317666,.942832863412192
1035,127,2471,8,2,3,4,1,88,1,3,1,1,2,99,99,2,99,99,6,8,7,7,9,6,1,12,3,194.977645031822,3,207.158914728682,2.62790697674419,78.830383480826,.401057599317666,-.730982607907387
1035,127,2473,8,1,3,10,1,88,1,1,1,1,1,9,5,1,9,5,8,8,9,9,8,8,1,12,3,262.051349493033,5,207.158914728682,2.62790697674419,78.830383480826,.401057599317666,1.22463177075372
1035,127,2474,8,1,3,5,1,88,1,1,1,1,1,4,6,1,4,3,7,9,8,7,9,8,1,12,3,172.266093160242,2,207.158914728682,2.62790697674419,78.830383480826,.401057599317666,1.19525326998778
1035,127,2476,8,1,3,10,1,88,1,1,1,1,1,4,5,1,9,5,8,8,7,8,8,8,1,12,3,248.203959546872,5,207.158914728682,2.62790697674419,78.830383480826,.401057599317666,.404973389197909
1035,127,2477,8,2,3,5,1,88,1,1,1,1,1,11,99,1,11,99,7,8,8,9,8,7,1,12,3,215.429021713273,4,207.158914728682,2.62790697674419,78.830383480826,.401057599317666,2.24137114897786
1035,127,2482,8,1,3,12,1,88,1,1,2,1,1,2,2,1,2,1,6,6,6,5,6,5,1,12,3,115.315912484084,1,207.158914728682,2.62790697674419,78.830383480826,.401057599317666, 
1035,127,3879,8,1,3,6,1,88,1,1,2,1,1,4,7,1,4,7,6,6,6,6,7,5,1,12,3,166.247244242638,2,207.158914728682,2.62790697674419,78.830383480826,.401057599317666,-.539871293898197
1035,128,2376,8,1,3,7,1,88,1,1,1,1,1,4,8,1,9,5,9,7,8,8,8,8,1,12,3,253.787394348859,5,207.158914728682,2.62790697674419,78.830383480826,.159506232179334,.339663761308474
1035,128,2377,8,2,3,7,1,88,1,1,2,1,1,4,7,1,4,7,8,7,8,8,9,8,1,12,3,254.300701306042,5,207.158914728682,2.62790697674419,78.830383480826,.159506232179334,.614969510789869
1035,128,2378,8,2,3,2,1,88,1,1,1,1,1,3,5,1,9,7,7,7,8,8,6,6,1,12,3,157.77549772491,2,207.158914728682,2.62790697674419,78.830383480826,.159506232179334,-.920129149486334
1035,128,2379,8,1,3,11,1,88,1,1,2,1,1,2,7,1,2,2,8,7,9,9,8,8,1,12,3,210.773802069256,3,207.158914728682,2.62790697674419,78.830383480826,.159506232179334,-.224923066199495
1035,128,2469,8,2,3,6,1,88,1,1,1,1,1,3,8,1,4,5,8,8,8,8,8,8,1,12,3,223.078265484136,4,207.158914728682,2.62790697674419,78.830383480826,.159506232179334,-.329875172306237
1035,128,2470,8,2,3,10,1,88,1,1,1,1,1,4,7,1,7,2,6,7,7,7,6,6,1,12,3,177.458445054569,2,207.158914728682,2.62790697674419,78.830383480826,.159506232179334, 
1035,128,2472,8,1,3,2,1,88,1,1,1,1,1,7,3,1,7,7,7,8,8,8,8,8,1,12,3,224.913155021663,4,207.158914728682,2.62790697674419,78.830383480826,.159506232179334,1.69996342384489
1035,128,2475,8,1,3,9,1,88,1,1,1,1,9,99,99,1,4,8,6,6,6,6,6,6,1,12,3,170.678433237597,2,207.158914728682,2.62790697674419,78.830383480826,.159506232179334,-1.11808288532404
1035,128,2478,8,2,3,5,1,88,1,1,1,1,1,9,7,1,9,7,7,6,8,8,8,8,1,12,3,185.37221088165,2,207.158914728682,2.62790697674419,78.830383480826,.159506232179334,.942832863412192
1035,128,2479,8,2,3,8,1,88,1,1,2,1,1,4,5,1,4,2,7,6,8,8,7,6,1,12,3,138.433239009273,1,207.158914728682,2.62790697674419,78.830383480826,.159506232179334,.352578886232095
1035,128,2480,8,1,3,9,1,88,1,1,9,9,1,4,7,1,4,7,8,8,10,10,9,9,1,12,3,229.792059618547,4,207.158914728682,2.62790697674419,78.830383480826,.159506232179334,.404973389197909
1035,128,2481,8,2,3,12,1,88,1,1,2,1,1,2,8,1,4,8,7,7,5,5,8,8,1,12,3,172.815196660325,2,207.158914728682,2.62790697674419,78.830383480826,.159506232179334,.115855411346449
1035,128,2483,8,2,3,1,1,88,1,1,1,1,1,4,5,1,4,2,9,9,9,9,8,8,1,12,3,235.297042700082,4,207.158914728682,2.62790697674419,78.830383480826,.159506232179334,1.20816839491141
1035,128,2484,8,2,3,9,1,88,1,1,1,1,1,2,8,1,2,2,6,6,6,6,6,6,1,12,3,173.032778292153,2,207.158914728682,2.62790697674419,78.830383480826,.159506232179334, 
1035,128,2485,8,1,3,9,1,88,1,1,1,1,1,2,8,1,2,2,8,8,9,9,7,7,1,12,3,173.032778292153,2,207.158914728682,2.62790697674419,78.830383480826,.159506232179334,-1.14953355386204
1035,128,2486,8,1,3,2,1,88,1,1,1,1,1,4,7,1,4,2,5,5,8,8,6,6,1,12,3,163.469151865825,2,207.158914728682,2.62790697674419,78.830383480826,.159506232179334,-1.359529675454
1035,128,2487,8,1,3,5,1,88,1,1,1,1,1,9,3,1,4,2,7,7,8,8,7,7,1,12,3,185.788650440114,3,207.158914728682,2.62790697674419,78.830383480826,.159506232179334,1.22463177075372
1035,128,2488,8,1,3,6,1,88,1,1,1,1,1,4,5,1,4,2,6,6,6,6,6,6,1,12,3,172.815196660325,2,207.158914728682,2.62790697674419,78.830383480826,.159506232179334,.732836741820232
1035,128,2489,8,2,3,6,1,88,1,1,1,1,1,4,4,1,4,2,6,6,6,6,5,5,1,12,3,169.135959932024,2,207.158914728682,2.62790697674419,78.830383480826,.159506232179334,-.539871293898197
1035,128,2490,8,1,3,3,1,88,1,1,1,1,1,7,5,1,4,7,8,7,8,8,9,8,1,12,3,251.785794655804,5,207.158914728682,2.62790697674419,78.830383480826,.159506232179334,.541725427811042
1035,128,2491,8,2,3,2,1,88,1,1,1,1,1,2,8,2,4,8,66,8,66,9,66,8,1,12,3,219.656309142267,4,207.158914728682,2.62790697674419,78.830383480826,.159506232179334,-.384900412328819
1035,128,3338,8,2,3,9,1,88,1,1,2,1,1,4,5,1,4,1,66,7,66,7,66,5,1,12,3,158.450255093829,2,207.158914728682,2.62790697674419,78.830383480826,.159506232179334,.62788463571349
1046,153,434,8,2,3,10,1,88,1,1,2,1,1,2,8,1,1,1,0,5,0,5,0,5,1,15,4,105.947076321348,1,248.575757575758,1.57575757575758,157.75,-.0982562962086369,-1.11808288532404
1046,153,2860,8,2,3,5,1,88,1,3,2,1,2,4,5,2,2,2,0,7,0,6,0,6,1,15,4,162.744312572589,2,248.575757575758,1.57575757575758,157.75,-.0982562962086369,-.552786418821818
1046,153,2862,8,1,3,4,1,88,1,1,2,1,1,2,1,1,2,2,0,6,0,5,0,5,1,15,4,147.666138071017,1,248.575757575758,1.57575757575758,157.75,-.0982562962086369,-.88419802236283
1046,153,2863,8,2,4,3,1,88,1,1,2,1,1,2,8,1,2,2,0,9,0,9,0,8,1,15,4,222.991135067186,4,248.575757575758,1.57575757575758,157.75,-.0982562962086369,-.88419802236283
1046,153,2864,8,2,3,12,1,88,1,1,2,1,1,4,6,1,9,5,0,9,0,9,0,9,1,15,4,263.163059333128,5,248.575757575758,1.57575757575758,157.75,-.0982562962086369,2.17769536561816
1046,153,2866,8,2,3,6,1,88,1,1,2,1,1,2,1,1,4,1,0,7,0,6,0,6,1,15,4,149.159118687254,1,248.575757575758,1.57575757575758,157.75,-.0982562962086369,-.329875172306237
1046,153,2867,8,2,3,10,1,88,1,1,2,1,1,2,5,1,4,8,0,7,0,7,0,6,1,15,4,217.243809417857,4,248.575757575758,1.57575757575758,157.75,-.0982562962086369,-.539871293898197
1046,153,2869,8,1,3,9,1,88,1,1,2,1,1,4,8,1,4,2,0,8,0,9,0,8,1,15,4,193.73738081401,3,248.575757575758,1.57575757575758,157.75,-.0982562962086369,.565356814590381
1046,153,2871,8,2,3,8,1,88,1,1,2,1,1,3,6,1,2,2,0,7,0,7,0,7,1,15,4,167.650059987158,2,248.575757575758,1.57575757575758,157.75,-.0982562962086369,.200946950265098
1046,153,2876,8,2,3,1,1,88,1,1,1,1,1,2,8,1,2,2,0,7,0,6,0,7,1,15,4,181.218531792574,2,248.575757575758,1.57575757575758,157.75,-.0982562962086369,-.416034380208685
1046,153,2878,8,2,3,7,1,88,1,1,1,1,1,9,5,1,9,5,0,9,0,9,0,9,1,15,4,212.631247293932,3,248.575757575758,1.57575757575758,157.75,-.0982562962086369,1.69996342384489
1046,153,2880,8,2,3,5,1,88,1,1,2,1,1,2,1,1,2,2,0,7,0,6,0,7,1,15,4,172.689850140666,2,248.575757575758,1.57575757575758,157.75,-.0982562962086369,-1.67447790315271
1046,153,2881,8,1,3,4,1,88,1,1,2,1,1,4,6,1,3,6,0,9,0,9,0,10,1,15,4,210.773802069256,3,248.575757575758,1.57575757575758,157.75,-.0982562962086369,-.237838191123116
1046,153,2882,8,1,3,6,1,88,1,1,2,1,1,2,8,1,2,2,0,6,0,6,0,6,1,15,4,153.393119642622,1,248.575757575758,1.57575757575758,157.75,-.0982562962086369,-.730982607907387
1046,153,2883,8,1,3,1,1,88,1,1,1,1,1,2,6,1,4,8,0,5,0,5,0,5,1,15,4,177.458445054569,2,248.575757575758,1.57575757575758,157.75,-.0982562962086369,1.37210007122257
1046,153,2887,8,1,3,8,1,88,1,3,1,1,2,3,8,2,4,8,0,7,0,6,0,9,1,15,4,181.593741125249,2,248.575757575758,1.57575757575758,157.75,-.0982562962086369,-.29023269408893
1046,153,3712,8,1,3,1,4,2,1,2,2,1,4,2,99,4,4,1,0,5,0,5,0,6,1,15,4,153.354743876795,1,248.575757575758,1.57575757575758,157.75,-.0982562962086369,-.027842069531156
1046,154,2859,8,2,3,7,1,88,1,1,1,1,1,4,5,1,3,7,0,7,0,7,0,8,1,15,4,203.600791430613,3,248.575757575758,1.57575757575758,157.75,.0396006664856892,.614969510789869
1046,154,2861,8,1,3,6,1,88,1,1,2,1,1,2,8,1,2,2,0,7,0,6,0,7,1,15,4,185.37221088165,2,248.575757575758,1.57575757575758,157.75,.0396006664856892,-1.359529675454
1046,154,2865,8,1,3,7,1,88,1,1,2,1,1,4,8,1,4,2,0,5,0,5,0,6,1,15,4,163.224331480197,2,248.575757575758,1.57575757575758,157.75,.0396006664856892,-1.11808288532404
1046,154,2868,8,1,3,3,1,88,1,1,1,1,1,4,5,1,4,7,0,8,0,8,0,9,1,15,4,217.72987054248,4,248.575757575758,1.57575757575758,157.75,.0396006664856892,.404973389197909
1046,154,2870,8,1,4,1,1,88,1,1,1,1,1,4,4,3,7,7,0,8,0,8,0,9,1,15,4,229.792059618547,4,248.575757575758,1.57575757575758,157.75,.0396006664856892,2.16478024069454
1046,154,2872,8,1,3,5,1,88,1,1,2,1,1,4,7,1,2,2,0,5,0,6,0,5,1,15,4,159.370812299182,2,248.575757575758,1.57575757575758,157.75,.0396006664856892,-.0881710275863618
1046,154,2873,8,1,3,7,1,88,1,1,2,1,1,4,3,1,4,3,0,6,0,6,0,7,1,15,4,189.186418087186,3,248.575757575758,1.57575757575758,157.75,.0396006664856892,-.101086152509983
1046,154,2874,8,2,3,8,1,88,1,1,2,1,1,4,7,1,2,2,0,6,0,6,0,7,1,15,4,222.606703967896,4,248.575757575758,1.57575757575758,157.75,.0396006664856892, 
1046,154,2875,8,1,3,9,1,88,1,1,2,1,1,4,8,1,2,6,0,5,0,6,0,6,1,15,4,210.293848278452,3,248.575757575758,1.57575757575758,157.75,.0396006664856892,.614969510789869
1046,154,2877,8,2,3,10,1,88,1,1,9,1,1,4,8,2,2,8,0,9,0,9,0,10,1,15,4,240.987975091199,4,248.575757575758,1.57575757575758,157.75,.0396006664856892,.300021283091167
1046,154,2879,8,2,3,4,1,88,1,1,1,1,1,2,5,1,4,7,0,6,0,6,0,6,1,15,4,163.278558104652,2,248.575757575758,1.57575757575758,157.75,.0396006664856892,.392058264274288
1046,154,2884,8,2,3,8,1,88,1,3,2,1,2,4,8,2,4,2,0,7,0,6,0,7,1,15,4,158.584374985538,2,248.575757575758,1.57575757575758,157.75,.0396006664856892,-.403119255285064
1046,154,2885,8,2,4,2,1,88,1,1,2,2,1,2,4,1,4,2,0,9,0,8,0,9,1,15,4,204.189105685062,3,248.575757575758,1.57575757575758,157.75,.0396006664856892,1.74957612004438
1046,154,2886,8,2,4,1,1,88,1,1,1,1,1,2,4,1,2,2,0,5,0,7,0,6,1,15,4,217.243809417857,4,248.575757575758,1.57575757575758,157.75,.0396006664856892,-.7296332200566
1046,154,2888,8,1,4,1,1,88,1,1,2,1,1,2,8,1,4,8,0,5,0,6,0,7,1,15,4,172.815196660325,2,248.575757575758,1.57575757575758,157.75,.0396006664856892,-.224923066199495
1046,154,2890,8,2,3,7,1,88,1,1,2,1,1,4,8,1,3,8,0,7,0,7,0,8,1,15,4,202.164670218052,3,248.575757575758,1.57575757575758,157.75,.0396006664856892,-1.62279303918114
1045,151,2835,8,1,3,10,1,88,1,1,2,1,1,9,5,1,2,1,0,7,0,5,0,6,1,15,4,172.266093160242,2,248.575757575758,4.33333333333333,57.3636363636364,-.283714495766827,.541725427811042
1045,151,2836,8,2,4,1,1,88,1,1,1,2,1,2,6,1,2,8,0,7,0,9,0,8,1,15,4,228.578242484582,4,248.575757575758,4.33333333333333,57.3636363636364,-.283714495766827,-.92074453406579
1045,151,2837,8,1,3,12,1,88,1,1,1,1,1,4,4,1,8,5,0,6,0,6,0,5,1,15,4,162.744312572589,2,248.575757575758,4.33333333333333,57.3636363636364,-.283714495766827,.961368407026578
1045,151,2838,8,1,4,1,1,88,1,1,2,1,1,2,1,1,4,2,0,6,0,6,0,7,1,15,4,189.542719515864,3,248.575757575758,4.33333333333333,57.3636363636364,-.283714495766827,-.730982607907387
1045,151,2839,8,1,1,11,4,10,3,2,2,2,4,99,8,4,99,2,0,7,0,7,0,7,1,15,4,166.655043216467,2,248.575757575758,4.33333333333333,57.3636363636364,-.283714495766827,-1.65760844804725
1045,151,2840,8,2,4,1,1,88,1,1,1,1,1,4,7,1,9,8,0,8,0,8,0,9,1,15,4,227.695959022804,4,248.575757575758,4.33333333333333,57.3636363636364,-.283714495766827,1.58564444373322
1045,151,2841,8,2,3,6,1,88,1,3,2,1,4,1,1,4,1,2,0,5,0,4,0,5,1,15,4,163.224331480197,2,248.575757575758,4.33333333333333,57.3636363636364,-.283714495766827,-1.56294072980736
1045,151,2842,8,2,3,6,1,99,1,3,2,1,4,1,1,4,1,2,0,6,0,7,0,6,1,15,4,175.643834811389,2,248.575757575758,4.33333333333333,57.3636363636364,-.283714495766827,-2.25268949457855
1045,151,2843,8,1,3,8,1,88,1,1,2,1,1,2,8,1,2,8,0,5,0,4,0,4,1,15,4,183.000117273052,2,248.575757575758,4.33333333333333,57.3636363636364,-.283714495766827,.667527113930797
1045,151,2844,8,1,3,10,1,88,1,9,2,1,9,4,6,9,2,8,0,9,0,9,0,10,1,15,4,266.854679240469,5,248.575757575758,4.33333333333333,57.3636363636364,-.283714495766827,.0900251614992073
1045,151,2845,8,2,3,10,1,88,1,1,2,1,1,4,6,1,2,8,0,9,0,10,0,10,1,15,4,253.017765285184,5,248.575757575758,4.33333333333333,57.3636363636364,-.283714495766827,-.101086152509983
1045,151,2889,8,2,3,10,1,88,1,1,2,1,1,2,4,1,4,2,0,7,0,6,0,6,1,15,4,167.712259013376,2,248.575757575758,4.33333333333333,57.3636363636364,-.283714495766827,.719921616896611
1045,151,3766,8,2,2,6,4,5,3,2,2,1,4,2,4,4,2,2,0,5,0,5,0,7,1,15,4,172.266093160242,2,248.575757575758,4.33333333333333,57.3636363636364,-.283714495766827,-.889610566185924
1045,151,3775,8,2,3,5,1,88,1,3,2,1,4,2,8,4,3,1,0,5,0,4,0,5,1,15,4,158.489739673132,2,248.575757575758,4.33333333333333,57.3636363636364,-.283714495766827,-.29023269408893
1045,151,3800,8,2,3,9,1,88,1,1,2,1,1,4,7,1,4,7,0,8,0,6,0,8,1,15,4,222.606703967896,4,248.575757575758,4.33333333333333,57.3636363636364,-.283714495766827,-.416034380208685
1045,152,70,8,1,2,5,1,88,3,1,1,1,1,1,9,1,2,8,0,6,0,4,0,5,1,15,4,112.178211219638,1,248.575757575758,4.33333333333333,57.3636363636364,-.458910110498725,-1.72748779069798
1045,152,71,8,1,2,11,1,88,3,1,2,1,1,2,1,1,2,2,0,5,0,4,0,5,1,15,4,119.27117446897,1,248.575757575758,4.33333333333333,57.3636363636364,-.458910110498725,.0900251614992073
1045,152,72,8,1,2,12,1,88,3,1,1,1,1,2,1,1,2,8,0,5,0,4,0,5,1,15,4,149.757714662002,1,248.575757575758,4.33333333333333,57.3636363636364,-.458910110498725,-.677948356085037
1045,152,2834,8,2,3,5,1,88,1,1,1,1,1,1,6,2,2,8,0,7,0,6,0,6,1,15,4,199.499180495072,3,248.575757575758,4.33333333333333,57.3636363636364,-.458910110498725,-.237838191123116
1045,152,2846,8,2,3,9,1,88,1,1,2,1,1,2,7,1,4,2,0,8,0,7,0,8,1,15,4,194.131377576185,3,248.575757575758,4.33333333333333,57.3636363636364,-.458910110498725,-.416034380208685
1045,152,2847,8,1,3,6,1,88,1,1,2,1,1,3,5,1,4,2,0,7,0,5,0,7,1,15,4,191.886966072245,3,248.575757575758,4.33333333333333,57.3636363636364,-.458910110498725,.404973389197909
1045,152,2848,8,2,3,12,1,88,1,3,2,1,4,4,6,4,9,7,0,9,0,9,0,9,1,15,4,223.62328988025,4,248.575757575758,4.33333333333333,57.3636363636364,-.458910110498725,.115855411346449
1045,152,2849,8,1,3,6,1,88,1,1,2,1,1,2,8,1,3,8,0,6,0,5,0,7,1,15,4,215.156173770726,4,248.575757575758,4.33333333333333,57.3636363636364,-.458910110498725,-1.05884596052971
1045,152,2850,8,2,4,3,1,88,1,1,2,1,1,4,8,1,7,2,0,7,0,6,0,5,1,15,4,196.340823620549,3,248.575757575758,4.33333333333333,57.3636363636364,-.458910110498725,-.239187578973902
1045,152,2851,8,1,3,4,1,88,1,1,1,1,1,2,6,1,2,8,0,6,0,5,0,6,1,15,4,159.378847967569,2,248.575757575758,4.33333333333333,57.3636363636364,-.458910110498725, 
1045,152,2852,8,2,3,10,1,88,1,3,2,1,4,1,6,4,4,2,0,7,0,6,0,8,1,15,4,184.659671305641,2,248.575757575758,4.33333333333333,57.3636363636364,-.458910110498725,.300021283091167
1045,152,2853,8,1,3,5,1,88,1,3,2,1,4,2,8,4,2,2,0,4,0,4,0,4,1,15,4,144.874420075986,1,248.575757575758,4.33333333333333,57.3636363636364,-.458910110498725,-2.37248464690283
1045,152,2854,8,2,3,12,1,88,1,1,2,1,1,99,99,1,99,99,0,5,0,4,0,5,1,15,4,186.751801862785,3,248.575757575758,4.33333333333333,57.3636363636364,-.458910110498725,-.618096046711253
1045,152,2855,8,2,4,1,1,88,1,3,1,1,4,2,1,4,5,2,0,5,0,4,0,5,1,15,4,153.316726275745,1,248.575757575758,4.33333333333333,57.3636363636364,-.458910110498725,-.854819521596899
1045,152,2856,8,2,3,5,4,5,1,1,1,1,4,4,8,1,9,5,0,7,0,4,0,6,1,15,4,213.604900789007,3,248.575757575758,4.33333333333333,57.3636363636364,-.458910110498725,1.59855956865684
1045,152,2857,8,2,2,6,1,99,3,3,2,1,4,2,8,4,2,2,0,7,0,5,0,6,1,15,4,172.367499295602,2,248.575757575758,4.33333333333333,57.3636363636364,-.458910110498725,-.29023269408893
1045,152,2858,8,2,2,6,1,99,3,3,2,1,4,2,8,4,2,2,0,6,0,5,0,6,1,15,4,193.635732672075,3,248.575757575758,4.33333333333333,57.3636363636364,-.458910110498725,-.699848640027521
1045,152,3858,8,1,3,7,1,88,1,1,2,1,1,4,8,4,9,2,0,6,0,4,0,5,2,15,4,172.815196660325,2,248.575757575758,4.33333333333333,57.3636363636364,-.458910110498725,-1.11808288532404
1065,195,81,8,1,2,4,1,88,3,1,2,1,1,2,4,1,2,2,0,6,0,5,0,6,2,20,5,149.757714662002,1,91.0902777777778,1.72222222222222,52.891129032258,.0340278666473743, 
1065,195,3521,8,2,4,3,1,88,1,1,1,1,1,2,7,1,99,2,0,6,0,7,0,9,2,20,5,190.032188866485,3,91.0902777777778,1.72222222222222,52.891129032258,.0340278666473743,1.03352045674453
1065,195,3522,8,2,3,4,1,88,1,1,1,1,1,5,5,1,7,5,0,8,0,7,0,9,2,20,5,217.770457921662,4,91.0902777777778,1.72222222222222,52.891129032258,.0340278666473743,-.239187578973902
1065,195,3523,8,1,3,6,1,88,1,1,1,1,1,4,8,1,4,8,0,9,0,8,0,9,2,20,5,245.622938215432,5,91.0902777777778,1.72222222222222,52.891129032258,.0340278666473743,-.014926944607535
1065,195,3524,8,2,3,5,1,88,1,1,1,1,1,4,6,1,4,6,0,10,0,9,0,10,2,20,5,223.078265484136,4,91.0902777777778,1.72222222222222,52.891129032258,.0340278666473743,.565356814590381
1065,195,3525,8,2,3,11,1,88,1,1,2,1,1,9,5,1,4,2,0,7,0,5,0,5,2,20,5,144.713610015379,1,91.0902777777778,1.72222222222222,52.891129032258,.0340278666473743, 
1065,195,3526,8,2,3,1,1,88,1,1,1,1,1,4,8,1,4,7,0,9,0,7,0,9,2,20,5,207.842779127088,3,91.0902777777778,1.72222222222222,52.891129032258,.0340278666473743,.250408586891679
1065,195,3527,8,2,3,11,1,88,1,1,1,1,1,2,6,1,4,8,0,7,0,6,0,5,2,20,5,172.815196660325,2,91.0902777777778,1.72222222222222,52.891129032258,.0340278666473743,-.237838191123116
1065,195,3528,8,1,3,7,1,88,1,1,1,1,1,4,8,9,99,99,0,7,0,6,0,7,2,20,5,208.608015416367,3,91.0902777777778,1.72222222222222,52.891129032258,.0340278666473743,.41788851412153
1065,195,3529,8,1,3,10,1,88,1,1,2,1,1,2,6,1,3,6,0,7,0,7,0,5,2,20,5,164.011619115489,2,91.0902777777778,1.72222222222222,52.891129032258,.0340278666473743, 
1065,195,3530,8,1,3,8,1,88,1,1,2,1,1,2,6,1,4,6,0,7,0,7,0,8,2,20,5,215.156173770726,4,91.0902777777778,1.72222222222222,52.891129032258,.0340278666473743,1.19525326998778
1065,195,3531,8,1,3,7,1,88,1,1,2,1,1,4,5,1,4,7,0,9,0,8,0,6,2,20,5,206.335043167921,3,91.0902777777778,1.72222222222222,52.891129032258,.0340278666473743,.404973389197909
1065,195,3532,8,2,3,9,1,88,1,1,2,1,1,2,99,1,4,99,0,7,0,7,0,6,2,20,5,187.447191002204,3,91.0902777777778,1.72222222222222,52.891129032258,.0340278666473743,-.920129149486334
1065,195,3533,8,2,3,7,1,88,1,1,1,1,1,2,5,1,2,2,0,7,0,4,0,4,2,20,5,197.554199645746,3,91.0902777777778,1.72222222222222,52.891129032258,.0340278666473743,-.416034380208685
1065,195,3534,8,1,3,2,1,88,1,1,2,1,1,2,6,1,2,2,0,6,0,6,0,5,2,20,5,154.636050733511,1,91.0902777777778,1.72222222222222,52.891129032258,.0340278666473743, 
1065,195,3535,8,1,3,2,1,88,1,1,2,1,1,2,5,1,2,2,0,7,0,5,0,7,2,20,5,181.730551156553,2,91.0902777777778,1.72222222222222,52.891129032258,.0340278666473743,-.605796306367088
1065,195,3536,8,2,3,11,1,88,1,1,2,1,1,2,8,1,4,2,0,8,0,8,0,8,2,20,5,195.039872279547,3,91.0902777777778,1.72222222222222,52.891129032258,.0340278666473743,-.730982607907387
1065,195,3537,8,2,3,11,1,88,1,1,2,1,1,2,8,1,2,2,0,8,0,7,0,7,2,20,5,163.278558104652,2,91.0902777777778,1.72222222222222,52.891129032258,.0340278666473743,-.920129149486334
1065,195,3538,8,2,3,11,1,88,1,1,2,1,9,99,99,1,4,5,0,7,0,6,0,6,2,20,5,208.379985496099,3,91.0902777777778,1.72222222222222,52.891129032258,.0340278666473743,-.101086152509983
1065,195,3539,8,1,3,3,1,88,1,1,2,1,1,4,99,1,2,99,0,7,0,6,0,5,2,20,5,166.428912817978,2,91.0902777777778,1.72222222222222,52.891129032258,.0340278666473743,.565356814590381
1065,195,3540,8,2,3,8,1,88,1,1,2,1,1,2,4,1,2,4,0,7,0,6,0,5,2,20,5,177.458445054569,2,91.0902777777778,1.72222222222222,52.891129032258,.0340278666473743, 
1065,195,3541,8,2,3,11,1,88,1,1,1,1,1,2,99,1,2,99,0,8,0,6,0,5,2,20,5,204.020245222792,3,91.0902777777778,1.72222222222222,52.891129032258,.0340278666473743,-1.55064098946319
1065,195,3542,8,2,3,10,1,88,1,1,2,1,1,4,7,1,4,8,0,8,0,6,0,7,2,20,5,194.977645031822,3,91.0902777777778,1.72222222222222,52.891129032258,.0340278666473743,1.42171276742206
1065,195,3554,8,2,3,6,1,88,1,1,1,1,1,4,8,1,4,8,0,8,0,6,0,7,2,20,5,210.961577231955,3,91.0902777777778,1.72222222222222,52.891129032258,.0340278666473743,.528810302887421
1065,196,82,8,2,3,1,1,88,1,1,9,9,1,99,99,1,99,99,0,7,0,7,0,9,1,20,5,200.830549460352,3,91.0902777777778,1.72222222222222,52.891129032258,-.260829975154626,-.212007941275874
1065,196,3543,8,2,3,10,1,88,1,1,2,1,1,4,8,1,4,5,0,7,0,8,0,8,1,20,5,186.751801862785,3,91.0902777777778,1.72222222222222,52.891129032258,-.260829975154626,-.416034380208685
1065,196,3544,8,2,3,6,1,88,1,1,2,1,9,99,99,1,6,1,0,7,0,8,0,8,1,20,5,173.032778292153,2,91.0902777777778,1.72222222222222,52.891129032258,-.260829975154626, 
1065,196,3545,8,1,3,2,1,88,1,1,2,1,1,4,8,1,4,8,0,8,0,8,0,8,1,20,5,169.396317586781,2,91.0902777777778,1.72222222222222,52.891129032258,-.260829975154626,-.0881710275863618
1065,196,3546,8,2,3,10,1,88,1,1,9,9,9,99,99,1,99,99,0,6,0,5,0,7,1,20,5,144.713610015379,1,91.0902777777778,1.72222222222222,52.891129032258,-.260829975154626, 
1065,196,3547,8,2,3,10,1,88,1,1,1,1,1,4,4,1,4,4,0,9,0,10,0,8,1,20,5,199.281873834937,3,91.0902777777778,1.72222222222222,52.891129032258,-.260829975154626,.300021283091167
1065,196,3548,8,2,3,7,2,99,1,2,1,1,2,4,7,2,4,7,0,7,0,8,0,8,1,20,5,194.977645031822,3,91.0902777777778,1.72222222222222,52.891129032258,-.260829975154626, 
1065,196,3549,8,2,3,8,1,88,1,1,2,1,1,4,5,1,7,6,0,8,0,8,0,9,1,20,5,190.593814797016,3,91.0902777777778,1.72222222222222,52.891129032258,-.260829975154626, 
1065,196,3550,8,1,3,7,1,88,1,1,2,1,9,99,99,1,4,7,0,8,0,8,0,8,1,20,5,168.556417885604,2,91.0902777777778,1.72222222222222,52.891129032258,-.260829975154626, 
1065,196,3551,8,1,3,9,1,88,1,1,2,1,1,1,99,1,2,1,0,5,0,5,0,7,1,20,5,189.740303136958,3,91.0902777777778,1.72222222222222,52.891129032258,-.260829975154626,-.539871293898197
1065,196,3552,8,1,4,2,1,88,1,1,2,1,1,2,5,1,4,9,0,8,0,9,0,8,1,20,5,202.164670218052,3,91.0902777777778,1.72222222222222,52.891129032258,-.260829975154626,-.539871293898197
1065,196,3553,8,1,3,8,1,88,1,1,2,1,1,5,8,1,5,2,0,8,0,7,0,9,1,20,5,212.377384947866,3,91.0902777777778,1.72222222222222,52.891129032258,-.260829975154626,-.329875172306237
1064,193,80,8,2,2,11,1,88,3,1,9,2,1,99,99,1,99,99,0,7,0,7,0,5,1,20,5,189.542719515864,3,78.0773809523809,3.26190476190476,23.9361313868613,.121399607521437,-.0645396408070231
1064,193,3487,8,2,3,10,1,88,1,1,2,1,1,4,8,1,4,8,0,9,0,8,0,8,1,20,5,217.403714843654,4,78.0773809523809,3.26190476190476,23.9361313868613,.121399607521437,-.920129149486334
1064,193,3488,8,2,3,11,1,88,1,1,1,1,1,2,6,1,2,6,0,8,0,7,0,10,1,20,5,210.293848278452,3,78.0773809523809,3.26190476190476,23.9361313868613,.121399607521437,-1.23569276176449
1064,193,3489,8,1,3,11,1,88,1,1,1,1,1,2,7,1,4,7,0,6,0,6,0,5,1,20,5,172.591749264034,2,78.0773809523809,3.26190476190476,23.9361313868613,.121399607521437,-.224923066199495
1064,193,3490,8,2,3,8,1,88,1,1,2,1,1,4,8,1,2,8,0,8,0,8,0,7,1,20,5,234.609075508831,4,78.0773809523809,3.26190476190476,23.9361313868613,.121399607521437,-.29023269408893
1064,193,3492,8,1,3,10,1,88,1,1,2,1,1,2,8,1,99,8,0,8,0,9,0,9,1,20,5,217.819842812645,4,78.0773809523809,3.26190476190476,23.9361313868613,.121399607521437,-.329875172306237
1064,193,3495,8,1,3,7,1,88,1,1,1,1,1,2,5,1,99,5,0,7,0,5,0,5,1,20,5,168.556417885604,2,78.0773809523809,3.26190476190476,23.9361313868613,.121399607521437, 
1064,193,3498,8,2,3,10,1,88,1,1,9,9,9,99,99,1,99,99,0,7,0,5,0,7,1,20,5,230.095334182086,4,78.0773809523809,3.26190476190476,23.9361313868613,.121399607521437,.250408586891679
1064,193,3503,8,1,3,8,1,88,1,1,1,1,1,4,5,1,4,5,0,7,0,6,0,6,1,20,5,177.430542437889,2,78.0773809523809,3.26190476190476,23.9361313868613,.121399607521437,-.730982607907387
1064,193,3506,8,2,3,8,1,88,1,1,1,1,1,1,1,1,99,1,0,8,0,6,0,7,1,20,5,222.826353379557,4,78.0773809523809,3.26190476190476,23.9361313868613,.121399607521437,1.05600388128728
1064,193,3507,8,1,3,5,1,88,1,1,1,1,1,3,8,1,4,8,0,8,0,9,0,10,1,20,5,276.135346308825,5,78.0773809523809,3.26190476190476,23.9361313868613,.121399607521437,-.539871293898197
1064,193,3508,8,1,3,11,1,88,1,1,1,1,1,2,1,1,4,1,0,8,0,8,0,7,1,20,5,178.524306474106,2,78.0773809523809,3.26190476190476,23.9361313868613,.121399607521437,1.11967966464697
1064,193,3509,8,1,3,11,1,88,1,1,1,1,1,4,7,1,4,7,0,8,0,9,0,7,1,20,5,227.695959022804,4,78.0773809523809,3.26190476190476,23.9361313868613,.121399607521437,-.920129149486334
1064,193,3511,8,1,3,8,1,88,1,1,1,1,1,4,6,1,4,6,0,7,0,6,0,6,1,20,5,189.236329322732,3,78.0773809523809,3.26190476190476,23.9361313868613,.121399607521437,.614969510789869
1064,193,3513,8,1,3,11,1,88,1,1,2,1,1,4,6,1,4,6,0,8,0,7,0,7,1,20,5,201.841492220508,3,78.0773809523809,3.26190476190476,23.9361313868613,.121399607521437,.565356814590381
1064,193,3515,8,1,3,3,1,88,1,1,2,1,1,2,8,1,3,8,0,9,0,9,0,8,1,20,5,227.665111014356,4,78.0773809523809,3.26190476190476,23.9361313868613,.121399607521437,-1.359529675454
1064,193,3516,8,1,3,2,1,88,1,1,1,1,1,4,5,9,99,5,0,8,0,6,0,7,1,20,5,241.051579929341,4,78.0773809523809,3.26190476190476,23.9361313868613,.121399607521437,.154625150394391
1064,193,3517,8,1,3,5,1,88,1,1,9,1,1,99,99,1,99,99,0,8,0,8,0,9,1,20,5,253.903853844894,5,78.0773809523809,3.26190476190476,23.9361313868613,.121399607521437,1.37210007122257
1064,193,3518,8,2,4,3,1,88,1,1,2,1,1,4,4,1,2,4,0,8,0,7,0,6,1,20,5,212.997910158155,3,78.0773809523809,3.26190476190476,23.9361313868613,.121399607521437,.565356814590381
1064,193,3519,8,2,3,10,1,88,1,1,2,1,1,4,7,1,4,7,0,8,0,6,0,7,1,20,5,215.261800084824,4,78.0773809523809,3.26190476190476,23.9361313868613,.121399607521437,.250408586891679
1064,193,3555,8,2,3,10,1,88,1,1,1,1,1,1,1,1,2,2,0,9,0,8,0,6,1,20,5,189.186418087186,3,78.0773809523809,3.26190476190476,23.9361313868613,.121399607521437,1.69996342384489
1064,193,3556,8,1,3,11,1,88,1,1,9,9,1,99,99,1,99,99,0,7,0,6,0,5,1,20,5,194.977645031822,3,78.0773809523809,3.26190476190476,23.9361313868613,.121399607521437, 
1064,193,3772,8,2,3,7,1,88,1,1,9,1,1,99,99,1,99,99,0,9,0,9,0,8,1,20,5,233.193320663199,4,78.0773809523809,3.26190476190476,23.9361313868613,.121399607521437,-.539871293898197
1064,193,3783,8,2,3,12,1,88,1,1,9,1,1,99,99,1,99,99,0,9,0,9,0,9,1,20,5,258.782824403423,5,78.0773809523809,3.26190476190476,23.9361313868613,.121399607521437,2.17769536561816
1064,194,9,8,2,2,8,1,88,3,3,1,1,4,2,99,4,1,99,0,7,0,7,0,5,1,20,5,91.6325641835192,1,78.0773809523809,3.26190476190476,23.9361313868613,-.339422649597872,-1.56294072980736
1064,194,3491,8,2,3,11,1,88,1,1,2,1,1,2,8,1,2,8,0,9,0,8,0,7,1,20,5,197.884884572723,3,78.0773809523809,3.26190476190476,23.9361313868613,-.339422649597872,-.0645396408070231
1064,194,3493,8,1,3,8,1,88,1,1,2,1,1,4,4,1,4,4,0,9,0,8,0,7,1,20,5,212.807948766269,3,78.0773809523809,3.26190476190476,23.9361313868613,-.339422649597872,1.11967966464697
1064,194,3494,8,1,3,12,1,88,1,1,2,1,1,2,8,1,2,8,0,6,0,6,0,4,1,20,5,171.836748790222,2,78.0773809523809,3.26190476190476,23.9361313868613,-.339422649597872,-1.24799250210866
1064,194,3496,8,2,3,10,1,88,1,1,2,1,1,4,8,1,4,8,0,9,0,7,0,7,1,20,5,189.397180287251,3,78.0773809523809,3.26190476190476,23.9361313868613,-.339422649597872,.565356814590381
1064,194,3497,8,2,3,10,1,88,1,1,1,1,1,2,8,1,99,8,0,9,0,8,0,8,1,20,5,210.013605719334,3,78.0773809523809,3.26190476190476,23.9361313868613,-.339422649597872,-.920129149486334
1064,194,3499,8,2,3,7,1,88,1,1,2,1,1,4,4,1,2,4,0,7,0,6,0,5,1,20,5,162.04824304519,2,78.0773809523809,3.26190476190476,23.9361313868613,-.339422649597872,.578271939514002
1064,194,3500,8,2,3,5,1,88,1,1,1,1,1,2,8,1,4,8,0,7,0,6,0,5,1,20,5,131.854739578627,1,78.0773809523809,3.26190476190476,23.9361313868613,-.339422649597872,-1.11808288532404
1064,194,3501,8,1,4,1,1,88,1,1,2,1,1,4,7,1,4,7,0,8,0,8,0,8,1,20,5,173.032778292153,2,78.0773809523809,3.26190476190476,23.9361313868613,-.339422649597872, 
1064,194,3502,8,1,3,10,1,88,1,1,2,1,1,4,5,1,4,5,0,9,0,9,0,9,1,20,5,241.051579929341,4,78.0773809523809,3.26190476190476,23.9361313868613,-.339422649597872,1.05600388128728
1064,194,3504,8,2,3,7,1,88,1,1,1,1,1,1,6,1,2,6,0,9,0,7,0,6,1,20,5,228.965826975384,4,78.0773809523809,3.26190476190476,23.9361313868613,-.339422649597872,-1.10989107564474
1064,194,3505,8,2,3,12,1,88,1,1,1,1,1,4,8,1,99,8,0,9,0,8,0,7,1,20,5,208.379985496099,3,78.0773809523809,3.26190476190476,23.9361313868613,-.339422649597872,-.329875172306237
1064,194,3510,8,2,3,7,1,88,1,3,9,1,4,99,99,4,99,99,0,8,0,7,0,5,1,20,5,134.35046818509,1,78.0773809523809,3.26190476190476,23.9361313868613,-.339422649597872,-1.73978753104214
1064,194,3512,8,2,3,6,1,88,1,1,1,1,1,2,6,1,4,6,0,8,0,6,0,7,1,20,5,121.986922678729,1,78.0773809523809,3.26190476190476,23.9361313868613,-.339422649597872, 
1064,194,3514,8,2,3,5,1,88,1,1,1,1,1,4,4,1,2,4,0,8,0,7,0,7,1,20,5,190.003528473952,3,78.0773809523809,3.26190476190476,23.9361313868613,-.339422649597872,.352578886232095
1064,194,3520,8,1,3,2,1,88,1,1,2,1,1,2,7,1,2,1,0,9,0,8,0,8,1,20,5,240.633756872642,4,78.0773809523809,3.26190476190476,23.9361313868613,-.339422649597872,-.29023269408893
1064,194,3709,8,1,3,9,1,88,1,3,2,1,4,99,99,4,99,99,0,7,0,8,0,6,1,20,5,133.456543103639,1,78.0773809523809,3.26190476190476,23.9361313868613,-.339422649597872,-.101086152509983
1064,194,3729,8,1,1,1,1,88,3,9,9,9,4,99,99,9,99,99,0,7,0,10,0,6,1,20,5,108.009965898631,1,78.0773809523809,3.26190476190476,23.9361313868613,-.339422649597872, 
992,35,14,8,1,1,12,1,88,3,1,1,1,1,3,8,1,2,1,66,6,66,7,66,7,1,3,1,181.593741125249,2,80.9078947368421,3.34210526315789,24.2086614173228,.443759605231157,-.237838191123116
992,35,101,8,2,1,7,1,88,3,1,2,1,1,2,4,1,3,2,66,5,66,5,66,7,1,3,1,133.972325842708,1,80.9078947368421,3.34210526315789,24.2086614173228,.443759605231157, 
992,35,893,8,1,3,8,1,88,1,3,2,1,4,1,6,4,4,1,66,5,66,6,66,6,1,3,1,177.458445054569,2,80.9078947368421,3.34210526315789,24.2086614173228,.443759605231157, 
992,35,899,8,1,3,9,1,88,1,1,1,1,1,9,5,1,4,5,66,7,66,8,66,8,1,3,1,194.977645031822,3,80.9078947368421,3.34210526315789,24.2086614173228,.443759605231157,.279787087657611
992,35,902,8,2,3,4,1,88,1,1,2,1,1,3,7,1,3,2,66,9,66,10,66,10,1,3,1,235.170474129191,4,80.9078947368421,3.34210526315789,24.2086614173228,.443759605231157,-.342790297229858
992,35,904,8,2,3,10,1,88,1,1,2,1,1,2,6,1,3,2,66,7,66,7,66,7,1,3,1,194.977645031822,3,80.9078947368421,3.34210526315789,24.2086614173228,.443759605231157, 
992,35,905,8,2,3,2,1,88,1,1,2,1,1,4,6,2,4,5,66,7,66,8,66,7,1,3,1,212.997910158155,3,80.9078947368421,3.34210526315789,24.2086614173228,.443759605231157,1.20816839491141
992,35,907,8,2,3,6,1,88,1,1,2,1,1,2,6,1,8,7,66,7,66,6,66,6,1,3,1,189.186418087186,3,80.9078947368421,3.34210526315789,24.2086614173228,.443759605231157,.791816312024651
992,35,909,8,1,3,7,1,88,1,1,2,1,1,2,9,1,2,2,66,6,66,7,66,8,1,3,1,199.391543944644,3,80.9078947368421,3.34210526315789,24.2086614173228,.443759605231157, 
992,35,915,8,1,3,4,1,88,1,1,2,1,1,4,6,1,4,99,66,7,66,9,66,7,1,3,1,206.49960639662,3,80.9078947368421,3.34210526315789,24.2086614173228,.443759605231157,1.04308875636366
992,35,916,8,1,3,4,1,88,1,1,2,1,1,4,5,1,2,2,66,9,66,9,66,9,1,3,1,248.112494556655,5,80.9078947368421,3.34210526315789,24.2086614173228,.443759605231157,.213862075188719
992,35,917,8,1,3,1,1,88,1,1,2,1,1,4,4,1,10,7,66,8,66,9,66,9,1,3,1,235.387222112981,4,80.9078947368421,3.34210526315789,24.2086614173228,.443759605231157,1.38856344706488
992,35,919,8,2,3,11,1,88,1,1,2,1,1,4,7,1,4,7,66,7,66,6,66,8,1,3,1,238.932699694153,4,80.9078947368421,3.34210526315789,24.2086614173228,.443759605231157,1.05600388128728
992,35,920,8,1,3,12,1,88,1,1,1,1,1,4,4,1,4,4,66,6,66,7,66,6,1,3,1,186.223210868742,3,80.9078947368421,3.34210526315789,24.2086614173228,.443759605231157, 
992,35,921,8,2,3,7,1,88,1,1,2,1,1,4,99,1,2,2,66,6,66,6,66,8,1,3,1,190.593814797016,3,80.9078947368421,3.34210526315789,24.2086614173228,.443759605231157, 
992,35,922,8,2,3,3,1,88,1,1,1,1,1,4,5,1,4,5,66,8,66,10,66,8,1,3,1,272.90844719682,5,80.9078947368421,3.34210526315789,24.2086614173228,.443759605231157,.213862075188719
992,35,924,8,1,4,3,1,88,1,1,1,1,1,9,7,1,9,7,66,7,66,10,66,8,1,3,1,172.657296982291,2,80.9078947368421,3.34210526315789,24.2086614173228,.443759605231157,-.733167883791216
992,35,926,8,2,3,10,1,88,1,1,2,1,1,4,3,1,6,99,66,5,66,5,66,6,1,3,1,199.391543944644,3,80.9078947368421,3.34210526315789,24.2086614173228,.443759605231157, 
992,35,927,8,1,3,7,1,88,1,1,9,9,1,99,99,1,99,99,66,5,66,5,66,7,1,3,1,186.223210868742,3,80.9078947368421,3.34210526315789,24.2086614173228,.443759605231157, 
992,35,2463,8,1,3,1,1,88,1,1,1,1,1,2,1,2,2,6,66,5,66,6,66,6,1,3,1,149.757714662002,1,80.9078947368421,3.34210526315789,24.2086614173228,.443759605231157, 
992,35,3837,8,1,1,12,1,88,3,3,1,1,4,3,6,4,2,6,66,6,66,10,66,7,1,3,1,149.757714662002,1,80.9078947368421,3.34210526315789,24.2086614173228,.443759605231157, 
992,36,895,8,1,3,8,1,88,1,1,1,1,1,4,5,1,9,7,66,8,66,10,66,9,1,3,1,235.297042700082,4,80.9078947368421,3.34210526315789,24.2086614173228,.177329411490728,.529425687466878
992,36,896,8,1,3,3,4,1,1,1,1,1,1,9,5,4,6,4,66,7,66,9,66,8,1,3,1,203.600791430613,3,80.9078947368421,3.34210526315789,24.2086614173228,.177329411490728,1.03352045674453
992,36,897,8,2,3,8,1,88,1,1,2,1,1,4,6,4,4,7,66,9,66,9,66,9,1,3,1,286.841061900894,5,80.9078947368421,3.34210526315789,24.2086614173228,.177329411490728,-.29023269408893
992,36,898,8,1,3,3,1,88,1,1,1,1,1,10,6,4,10,6,66,7,66,8,66,8,1,3,1,208.379985496099,3,80.9078947368421,3.34210526315789,24.2086614173228,.177329411490728, 
992,36,900,8,2,3,5,1,88,1,1,2,1,1,9,3,1,9,2,66,9,66,9,66,9,1,3,1,240.914097848765,4,80.9078947368421,3.34210526315789,24.2086614173228,.177329411490728,.942832863412192
992,36,901,8,2,3,2,1,88,1,1,2,1,1,2,8,1,4,2,66,7,66,6,66,7,1,3,1,149.757714662002,1,80.9078947368421,3.34210526315789,24.2086614173228,.177329411490728, 
992,36,903,8,2,3,6,1,88,1,1,2,1,1,99,6,1,2,2,66,6,66,5,66,5,1,3,1,149.757714662002,1,80.9078947368421,3.34210526315789,24.2086614173228,.177329411490728, 
992,36,906,8,2,3,5,1,88,1,1,2,1,1,9,3,1,3,7,66,9,66,9,66,9,1,3,1,238.932699694153,4,80.9078947368421,3.34210526315789,24.2086614173228,.177329411490728,1.12530008333774
992,36,908,8,2,3,3,1,88,1,1,1,1,1,2,6,1,2,1,66,7,66,6,66,6,1,3,1,180.151034229859,2,80.9078947368421,3.34210526315789,24.2086614173228,.177329411490728,-.29023269408893
992,36,910,8,2,3,11,1,88,1,1,1,1,1,2,8,1,4,7,66,8,66,8,66,7,1,3,1,172.367499295602,2,80.9078947368421,3.34210526315789,24.2086614173228,.177329411490728,-.605180921787631
992,36,911,8,1,3,12,1,88,1,3,2,1,4,4,8,4,4,2,66,8,66,8,66,9,1,3,1,246.212899191701,5,80.9078947368421,3.34210526315789,24.2086614173228,.177329411490728,-1.04593083560609
992,36,912,8,1,4,2,1,88,1,1,1,1,1,4,4,1,2,2,66,6,66,7,66,8,1,3,1,163.224331480197,2,80.9078947368421,3.34210526315789,24.2086614173228,.177329411490728,.404973389197909
992,36,913,8,2,3,7,1,88,1,1,1,1,1,4,6,1,9,7,66,8,66,9,66,8,1,3,1,210.911655914758,3,80.9078947368421,3.34210526315789,24.2086614173228,.177329411490728,.896768418131394
992,36,914,8,1,3,6,1,88,1,1,2,1,1,11,3,1,4,6,66,7,66,7,66,7,1,3,1,177.458445054569,2,80.9078947368421,3.34210526315789,24.2086614173228,.177329411490728, 
992,36,918,8,2,3,11,1,88,1,1,1,1,1,4,6,1,4,8,66,7,66,7,66,6,1,3,1,181.218531792574,2,80.9078947368421,3.34210526315789,24.2086614173228,.177329411490728,.528810302887421
992,36,923,8,2,3,8,1,88,1,1,2,1,1,3,6,1,4,6,66,7,66,6,66,6,1,3,1,186.194707339138,3,80.9078947368421,3.34210526315789,24.2086614173228,.177329411490728,.0900251614992073
992,36,925,8,1,3,4,1,88,1,1,1,1,1,2,8,1,4,7,66,7,66,6,66,5,1,3,1,207.662695152105,3,80.9078947368421,3.34210526315789,24.2086614173228,.177329411490728,-1.01479686772622
991,33,19,8,2,2,12,1,88,3,1,2,2,1,99,99,1,99,99,6,6,6,6,5,5,1,3,1,115.315912484084,1,66.8369565217391,2.71739130434783,24.596,.0650601702958885, 
991,33,21,8,1,2,2,1,88,3,1,2,2,1,2,8,1,2,8,6,6,5,5,6,6,1,3,1,149.757714662002,1,66.8369565217391,2.71739130434783,24.596,.0650601702958885, 
991,33,857,8,1,3,12,1,88,1,1,2,2,1,4,7,1,4,6,6,6,5,5,6,6,1,3,1,181.849967908796,2,66.8369565217391,2.71739130434783,24.596,.0650601702958885, 
991,33,859,8,1,3,8,1,88,1,1,2,1,1,4,7,1,9,7,7,7,7,7,7,7,1,3,1,195.119607886796,3,66.8369565217391,2.71739130434783,24.596,.0650601702958885,.0505457834570143
991,33,860,8,1,3,5,1,88,1,1,1,1,1,4,7,1,4,7,7,7,8,8,8,8,1,3,1,220.08352478628,4,66.8369565217391,2.71739130434783,24.596,.0650601702958885,-.101086152509983
991,33,861,8,2,3,6,1,88,1,1,1,1,1,3,5,1,10,7,9,9,8,8,9,9,1,3,1,189.186418087186,3,66.8369565217391,2.71739130434783,24.596,.0650601702958885,1.34846868444323
991,33,862,8,2,3,6,1,88,1,1,1,1,1,3,5,1,10,7,9,9,9,9,9,9,1,3,1,233.54541226449,4,66.8369565217391,2.71739130434783,24.596,.0650601702958885,.84437391516558
991,33,863,8,1,3,7,1,88,1,3,1,1,2,5,6,2,7,7,6,6,7,7,8,8,1,3,1,233.241010383997,4,66.8369565217391,2.71739130434783,24.596,.0650601702958885,-.428334120552849
991,33,864,8,2,3,10,1,88,1,1,2,1,1,4,6,1,4,6,7,7,7,7,7,7,1,3,1,217.243809417857,4,66.8369565217391,2.71739130434783,24.596,.0650601702958885,.0376306585333934
991,33,866,8,2,3,7,1,88,1,1,1,1,1,4,5,1,8,7,9,9,10,10,8,8,1,3,1,261.623119072376,5,66.8369565217391,2.71739130434783,24.596,.0650601702958885,.378409136079337
991,33,867,8,2,3,12,1,88,1,1,2,1,1,9,7,1,6,7,9,9,9,9,9,9,1,3,1,193.453985658946,3,66.8369565217391,2.71739130434783,24.596,.0650601702958885,.594735315356313
991,33,868,8,2,3,4,1,88,1,1,2,1,1,4,8,1,4,99,8,8,7,7,7,7,1,3,1,206.188152021854,3,66.8369565217391,2.71739130434783,24.596,.0650601702958885,-.605180921787631
991,33,869,8,2,3,8,1,88,1,1,2,1,1,2,9,1,2,8,6,6,5,5,6,6,1,3,1,154.63605073351,1,66.8369565217391,2.71739130434783,24.596,.0650601702958885, 
991,33,870,8,2,3,9,1,88,1,1,2,1,1,2,6,1,2,7,6,6,6,6,7,7,1,3,1,186.223210868742,3,66.8369565217391,2.71739130434783,24.596,.0650601702958885, 
991,33,871,8,1,3,2,1,88,1,1,2,1,1,3,6,1,7,6,9,9,9,9,9,9,1,3,1,225.014629750171,4,66.8369565217391,2.71739130434783,24.596,.0650601702958885,.516510562543257
991,33,872,8,2,3,2,1,88,1,1,1,1,1,9,7,1,9,7,9,9,9,9,8,8,1,3,1,210.293848278452,3,66.8369565217391,2.71739130434783,24.596,.0650601702958885,.804731436948272
991,33,873,8,1,3,5,1,88,1,1,2,1,1,4,6,2,4,7,6,6,7,7,6,6,1,3,1,194.342584619365,3,66.8369565217391,2.71739130434783,24.596,.0650601702958885,.705657104122204
991,33,875,8,1,3,11,1,88,1,1,1,1,1,4,6,1,10,7,7,7,6,6,7,7,1,3,1,168.556417885604,2,66.8369565217391,2.71739130434783,24.596,.0650601702958885, 
991,33,880,8,1,3,3,1,88,1,1,2,2,1,99,99,1,99,99,8,8,8,8,8,8,1,3,1,203.852389044953,3,66.8369565217391,2.71739130434783,24.596,.0650601702958885,-.488186429926633
991,33,881,8,1,3,3,1,88,1,1,2,1,1,4,8,1,4,7,6,6,9,9,7,7,1,3,1,172.591749264034,2,66.8369565217391,2.71739130434783,24.596,.0650601702958885,-.837950066491441
991,33,882,8,2,3,6,1,88,1,1,1,1,1,2,99,1,2,99,8,8,8,8,7,7,1,3,1,144.209401640404,1,66.8369565217391,2.71739130434783,24.596,.0650601702958885,-.224923066199495
991,33,884,8,1,3,9,1,88,1,1,2,2,1,2,8,1,2,99,6,6,5,5,6,6,1,3,1,181.849967908796,2,66.8369565217391,2.71739130434783,24.596,.0650601702958885, 
991,33,885,8,2,3,7,1,88,1,3,2,1,3,99,99,3,99,99,7,7,5,5,8,8,1,3,1,162.04824304519,2,66.8369565217391,2.71739130434783,24.596,.0650601702958885,-.920129149486334
991,33,886,8,2,3,2,1,88,1,1,2,2,4,4,8,1,2,8,6,6,5,5,5,5,1,3,1,148.747899030653,1,66.8369565217391,2.71739130434783,24.596,.0650601702958885,-.569249794664128
991,34,18,8,2,2,5,1,88,3,1,2,2,1,2,6,2,2,6,8,8,4,4,7,7,1,3,1,210.961577231955,3,66.8369565217391,2.71739130434783,24.596,.0224930438786543,-.254301566965426
991,34,20,8,1,2,12,1,88,3,1,2,2,1,2,8,1,4,8,5,5,4,4,5,5,1,3,1,139.467041250859,1,66.8369565217391,2.71739130434783,24.596,.0224930438786543, 
991,34,211,8,2,3,10,1,88,1,1,1,1,1,9,3,1,9,3,7,7,7,7,7,7,1,3,1,185.149106505654,2,66.8369565217391,2.71739130434783,24.596,.0224930438786543,1.43462789234568
991,34,212,8,2,3,11,1,88,1,1,2,1,1,4,99,1,4,7,7,7,5,5,7,7,1,3,1,149.757714662002,1,66.8369565217391,2.71739130434783,24.596,.0224930438786543, 
991,34,856,8,2,3,6,1,88,1,1,2,1,1,4,5,1,9,5,9,9,8,8,8,8,1,3,1,229.999961992681,4,66.8369565217391,2.71739130434783,24.596,.0224930438786543,.594735315356313
991,34,858,8,2,3,10,1,88,1,1,2,1,1,3,9,1,4,7,7,7,5,5,7,7,1,3,1,201.841492220508,3,66.8369565217391,2.71739130434783,24.596,.0224930438786543,-.920129149486334
991,34,865,8,1,3,9,1,88,1,1,1,1,1,2,6,4,4,8,7,7,5,5,5,5,1,3,1,174.908745715891,2,66.8369565217391,2.71739130434783,24.596,.0224930438786543,-.173238202227931
991,34,874,8,1,3,7,1,88,1,1,1,1,1,4,8,1,9,7,7,7,8,8,8,8,1,3,1,176.581007608206,2,66.8369565217391,2.71739130434783,24.596,.0224930438786543,-.539871293898197
991,34,876,8,1,3,9,1,88,1,1,1,1,1,4,3,1,9,6,8,8,7,7,8,8,1,3,1,215.156173770726,4,66.8369565217391,2.71739130434783,24.596,.0224930438786543,.831458790241959
991,34,877,8,2,3,3,1,88,1,1,2,1,1,4,8,1,3,2,9,9,10,10,10,10,1,3,1,251.575241889783,5,66.8369565217391,2.71739130434783,24.596,.0224930438786543,-.0480762649647124
991,34,878,8,1,3,8,1,88,1,3,1,1,3,2,99,3,4,7,6,6,6,6,7,7,1,3,1,168.556417885604,2,66.8369565217391,2.71739130434783,24.596,.0224930438786543, 
991,34,879,8,1,3,1,1,88,1,1,1,1,1,3,8,1,2,1,6,6,6,6,6,6,1,3,1,149.757714662002,1,66.8369565217391,2.71739130434783,24.596,.0224930438786543, 
991,34,883,8,1,3,2,1,88,1,1,2,1,1,2,6,1,4,5,8,8,9,9,9,9,1,3,1,232.950779570475,4,66.8369565217391,2.71739130434783,24.596,.0224930438786543,-1.30784481148244
991,34,887,8,2,3,8,1,88,1,1,1,1,1,7,7,1,4,7,8,8,8,8,7,7,1,3,1,199.624862841315,3,66.8369565217391,2.71739130434783,24.596,.0224930438786543,.26687196273399
991,34,888,8,1,3,9,1,88,1,1,2,1,1,4,7,1,9,7,7,7,7,7,7,7,1,3,1,214.76197012002,4,66.8369565217391,2.71739130434783,24.596,.0224930438786543,-.605180921787631
991,34,889,8,1,3,5,1,88,1,1,2,1,1,3,7,1,4,7,7,7,6,6,6,6,1,3,1,194.342584619364,3,66.8369565217391,2.71739130434783,24.596,.0224930438786543,-.416034380208685
991,34,890,8,2,3,7,1,88,1,1,2,2,1,99,99,1,99,99,6,6,6,6,6,6,1,3,1,198.739982470452,3,66.8369565217391,2.71739130434783,24.596,.0224930438786543,-.329875172306237
991,34,891,8,1,3,8,1,88,1,1,2,1,1,2,8,1,2,1,6,6,5,5,5,5,1,3,1,144.713610015379,1,66.8369565217391,2.71739130434783,24.596,.0224930438786543, 
991,34,892,8,2,4,1,1,88,1,3,2,2,3,5,4,3,7,4,9,9,8,8,10,10,1,3,1,246.42339179765,5,66.8369565217391,2.71739130434783,24.596,.0224930438786543,1.42171276742206
991,34,894,8,2,3,6,1,88,1,1,1,1,1,4,6,3,4,7,9,9,9,9,10,10,1,3,1,251.785794655804,5,66.8369565217391,2.71739130434783,24.596,.0224930438786543,.565356814590381
991,34,928,8,2,3,10,1,88,1,1,1,1,1,2,8,1,7,7,7,7,6,6,6,6,1,3,1,222.826353379557,4,66.8369565217391,2.71739130434783,24.596,.0224930438786543,-.160323077304311
991,34,929,8,1,3,6,1,88,1,1,1,1,1,3,8,1,2,6,6,6,5,5,4,4,1,3,1,139.467041250859,1,66.8369565217391,2.71739130434783,24.596,.0224930438786543, 
1037,131,2536,8,1,3,6,1,88,1,1,2,2,1,9,7,1,4,7,7,7,7,7,7,7,1,13,4,229.999961992681,4,82.1617647058824,3.47058823529412,23.6737288135593,.114278111137409,1.74957612004438
1037,131,2540,8,1,3,9,1,88,1,1,2,2,1,4,7,1,7,4,9,9,10,10,9,9,1,13,4,247.347448737358,5,82.1617647058824,3.47058823529412,23.6737288135593,.114278111137409,1.22463177075372
1037,131,2541,8,2,3,12,1,88,1,1,2,2,1,4,7,1,4,7,9,9,9,9,8,8,1,13,4,210.293848278452,3,82.1617647058824,3.47058823529412,23.6737288135593,.114278111137409,-.224923066199495
1037,131,2544,8,2,3,9,1,88,1,3,2,2,3,99,6,3,99,6,7,7,7,7,7,7,1,13,4,195.119607886796,3,82.1617647058824,3.47058823529412,23.6737288135593,.114278111137409,.0900251614992073
1037,131,2545,8,1,3,9,1,88,1,3,2,2,4,3,6,4,2,2,7,7,8,8,6,6,1,13,4,177.149041506335,2,82.1617647058824,3.47058823529412,23.6737288135593,.114278111137409,-1.64469332312363
1037,131,2547,8,2,3,11,1,88,1,1,2,2,1,5,2,1,2,1,7,7,6,6,6,6,1,13,4,139.467041250859,1,82.1617647058824,3.47058823529412,23.6737288135593,.114278111137409, 
1037,131,2549,8,2,3,7,1,88,1,1,2,2,1,7,5,1,5,7,9,9,9,9,8,8,1,13,4,248.112494556655,5,82.1617647058824,3.47058823529412,23.6737288135593,.114278111137409,1.53957999845242
1037,131,2552,8,2,3,12,1,88,1,1,2,2,1,4,9,1,4,5,6,6,6,6,6,6,1,13,4,158.450255093829,2,82.1617647058824,3.47058823529412,23.6737288135593,.114278111137409,.896768418131394
1037,131,2554,8,1,3,7,1,88,1,1,2,2,1,2,4,1,4,8,7,7,9,9,7,7,1,13,4,194.849426856076,3,82.1617647058824,3.47058823529412,23.6737288135593,.114278111137409,1.2117166458301
1037,131,2555,8,1,3,4,1,88,1,1,2,2,1,2,7,1,4,7,7,7,7,7,6,6,1,13,4,174.496225023074,2,82.1617647058824,3.47058823529412,23.6737288135593,.114278111137409,-.416034380208685
1037,131,2556,8,1,3,2,1,88,1,1,2,2,1,4,5,1,4,7,9,9,9,9,9,9,1,13,4,257.870056916922,5,82.1617647058824,3.47058823529412,23.6737288135593,.114278111137409,.719921616896611
1037,131,2558,8,1,3,12,1,88,1,3,2,2,3,4,8,3,4,8,7,7,8,8,8,8,1,13,4,212.807948766269,3,82.1617647058824,3.47058823529412,23.6737288135593,.114278111137409,-1.11808288532404
1037,131,2560,8,2,3,10,1,88,1,3,2,2,3,2,6,3,2,5,6,6,6,6,5,5,1,13,4,139.622778657666,1,82.1617647058824,3.47058823529412,23.6737288135593,.114278111137409,-.699848640027521
1037,131,2561,8,1,3,8,1,88,1,1,2,2,1,9,7,1,4,7,9,9,10,10,9,9,1,13,4,225.014629750171,4,82.1617647058824,3.47058823529412,23.6737288135593,.114278111137409,-.416034380208685
1037,131,3811,8,2,2,12,3,99,3,9,2,2,9,99,99,3,2,2,7,7,6,6,6,6,1,13,4,167.351489951188,2,82.1617647058824,3.47058823529412,23.6737288135593,.114278111137409,-.88419802236283
1037,131,3812,8,1,3,10,3,99,1,2,2,2,3,4,8,3,4,2,7,7,7,7,7,7,1,13,4,184.818752225426,2,82.1617647058824,3.47058823529412,23.6737288135593,.114278111137409,.0036085990068509
1037,131,3813,8,2,3,1,3,99,1,2,2,2,3,2,8,3,2,8,7,7,6,6,6,6,1,13,4,107.393977114561,1,82.1617647058824,3.47058823529412,23.6737288135593,.114278111137409,-.29023269408893
1037,131,3860,8,2,2,9,3,99,3,2,2,2,3,2,8,3,2,8,6,6,6,6,7,7,1,13,4,123.491306315219,1,82.1617647058824,3.47058823529412,23.6737288135593,.114278111137409,.200946950265098
1037,132,2535,8,1,3,8,1,88,1,1,2,2,1,4,8,1,99,6,8,8,7,7,6,6,1,13,4,217.403714843654,4,82.1617647058824,3.47058823529412,23.6737288135593,-.54440356286807,-.539871293898197
1037,132,2537,8,2,3,4,1,88,1,1,2,2,4,4,8,1,4,7,9,9,8,8,9,9,1,13,4,239.166756736844,4,82.1617647058824,3.47058823529412,23.6737288135593,-.54440356286807,-.416034380208685
1037,132,2538,8,1,3,1,1,88,1,1,2,2,1,4,8,1,4,8,8,8,9,9,8,8,1,13,4,176.543810688997,2,82.1617647058824,3.47058823529412,23.6737288135593,-.54440356286807,-.101086152509983
1037,132,2539,8,2,3,1,1,88,1,1,2,2,1,4,8,1,4,8,8,8,9,9,8,8,1,13,4,212.377384947866,3,82.1617647058824,3.47058823529412,23.6737288135593,-.54440356286807,-.920129149486334
1037,132,2542,8,1,3,6,1,88,1,1,2,2,1,4,99,1,4,8,8,8,7,7,7,7,1,13,4,212.807948766269,3,82.1617647058824,3.47058823529412,23.6737288135593,-.54440356286807,-.920129149486334
1037,132,2543,8,1,3,11,1,88,1,1,2,2,1,4,5,1,9,7,8,8,8,8,8,8,1,13,4,224.736723184685,4,82.1617647058824,3.47058823529412,23.6737288135593,-.54440356286807,.0757606487247996
1037,132,2546,8,1,3,8,1,88,1,3,2,2,3,2,8,3,2,8,7,7,7,7,7,7,1,13,4,190.567628810498,3,82.1617647058824,3.47058823529412,23.6737288135593,-.54440356286807,-1.55064098946319
1037,132,2548,8,1,3,12,1,88,1,3,2,2,3,4,8,3,4,8,7,7,7,7,8,8,1,13,4,199.281873834937,3,82.1617647058824,3.47058823529412,23.6737288135593,-.54440356286807,-1.30784481148244
1037,132,2550,8,1,3,4,1,88,1,3,2,2,3,4,99,4,4,8,6,6,6,6,6,6,1,13,4,144.209401640404,1,82.1617647058824,3.47058823529412,23.6737288135593,-.54440356286807,-2.19563784566805
1037,132,2551,8,1,3,10,1,88,1,3,2,2,2,99,99,2,99,99,6,6,5,5,5,5,1,13,4,80.8713306989063,1,82.1617647058824,3.47058823529412,23.6737288135593,-.54440356286807,-.101086152509983
1037,132,2553,8,2,3,3,1,88,1,1,2,2,1,4,8,1,4,8,7,7,7,7,7,7,1,13,4,186.751801862785,3,82.1617647058824,3.47058823529412,23.6737288135593,-.54440356286807,.0900251614992073
1037,132,2557,8,2,3,12,1,88,1,3,2,2,4,7,1,4,2,2,8,8,8,8,8,8,1,13,4,208.05360215879,3,82.1617647058824,3.47058823529412,23.6737288135593,-.54440356286807,-.777304407778094
1037,132,2559,8,2,4,2,1,88,1,1,2,2,1,4,7,1,4,7,8,8,7,7,8,8,1,13,4,234.609075508831,4,82.1617647058824,3.47058823529412,23.6737288135593,-.54440356286807,.578271939514002
1037,132,3728,8,1,2,9,1,88,3,3,2,2,3,99,99,3,4,99,7,7,7,7,7,7,1,13,4,149.436387859196,1,82.1617647058824,3.47058823529412,23.6737288135593,-.54440356286807,-1.01479686772622
1037,132,3838,8,2,3,10,1,88,1,3,2,2,4,4,8,4,4,8,6,6,7,7,6,6,1,13,4,138.477678310162,1,82.1617647058824,3.47058823529412,23.6737288135593,-.54440356286807,.0900251614992073
1037,132,3861,8,2,2,11,4,99,3,2,2,2,4,2,99,4,1,99,6,6,7,7,6,6,1,13,4,114.209660963775,1,82.1617647058824,3.47058823529412,23.6737288135593,-.54440356286807,.300021283091167
1038,133,2562,8,2,3,6,1,88,1,1,2,1,1,99,99,1,99,99,6,6,5,5,9,9,2,13,4,217.719568690296,4,90.1129032258065,2.67741935483871,33.6566265060241,.0266125967350121,1.68590033668468
1038,133,2563,8,2,3,3,1,88,1,1,2,2,1,99,99,1,99,99,8,8,7,7,8,8,2,13,4,215.261800084824,4,90.1129032258065,2.67741935483871,33.6566265060241,.0266125967350121,.41788851412153
1038,133,2564,8,2,4,1,1,88,1,1,2,1,1,99,99,1,99,99,7,7,6,6,7,7,2,13,4,228.578242484582,4,90.1129032258065,2.67741935483871,33.6566265060241,.0266125967350121,-.730982607907387
1038,133,2565,8,2,3,4,1,88,1,1,2,1,1,99,99,1,99,99,7,7,7,7,8,8,2,13,4,208.325994839857,3,90.1129032258065,2.67741935483871,33.6566265060241,.0266125967350121,.403624001347123
1038,133,2566,8,2,3,1,1,88,1,1,2,2,1,99,99,1,99,99,6,6,8,8,7,7,2,13,4,206.49960639662,3,90.1129032258065,2.67741935483871,33.6566265060241,.0266125967350121,-.329875172306237
1038,133,2567,8,1,4,4,1,88,1,1,2,1,1,99,99,1,99,99,4,4,4,4,5,5,2,13,4,134.084248478713,1,90.1129032258065,2.67741935483871,33.6566265060241,.0266125967350121,-1.56574139027064
1038,133,2575,8,2,4,4,1,88,1,1,2,2,1,99,99,1,99,99,5,5,7,7,7,7,2,13,4,172.689850140666,2,90.1129032258065,2.67741935483871,33.6566265060241,.0266125967350121,.213862075188719
1038,133,2576,8,2,3,8,1,88,1,3,2,1,3,99,99,3,99,99,7,7,7,7,8,8,2,13,4,201.983178523191,3,90.1129032258065,2.67741935483871,33.6566265060241,.0266125967350121,-1.24799250210866
1038,133,2577,8,1,3,4,1,88,1,3,2,1,3,99,99,3,99,99,6,6,5,5,4,4,2,13,4,115.315912484084,1,90.1129032258065,2.67741935483871,33.6566265060241,.0266125967350121, 
1038,133,2581,8,2,3,10,1,88,1,1,2,1,1,99,99,3,99,99,9,9,10,10,9,9,2,13,4,248.112494556655,5,90.1129032258065,2.67741935483871,33.6566265060241,.0266125967350121,-.539871293898197
1038,133,2582,8,2,3,5,1,88,1,1,2,2,1,99,99,1,99,99,9,9,9,9,9,9,2,13,4,270.926453352386,5,90.1129032258065,2.67741935483871,33.6566265060241,.0266125967350121,1.11967966464697
1038,133,2584,8,1,4,1,1,88,1,1,2,1,1,99,99,1,99,99,7,7,6,6,9,9,2,13,4,215.325339123759,4,90.1129032258065,2.67741935483871,33.6566265060241,.0266125967350121,1.15932214286428
1038,133,2589,8,2,3,4,1,88,1,1,2,1,3,99,99,1,99,99,8,8,8,8,8,8,2,13,4,227.695959022804,4,90.1129032258065,2.67741935483871,33.6566265060241,.0266125967350121,-.329875172306237
1038,133,3856,8,1,2,5,3,99,3,2,2,2,3,99,99,3,99,99,6,6,6,6,7,7,2,13,4,186.117187524687,3,90.1129032258065,2.67741935483871,33.6566265060241,.0266125967350121,.0900251614992073
1038,134,2568,8,1,3,9,1,88,1,3,2,2,3,99,99,3,99,99,6,6,5,5,6,6,2,13,4,173.997587355537,2,90.1129032258065,2.67741935483871,33.6566265060241,-.380780757185364,-1.56294072980736
1038,134,2569,8,2,3,1,1,88,1,1,2,2,1,99,99,1,99,99,7,7,7,7,8,8,2,13,4,215.429021713273,4,90.1129032258065,2.67741935483871,33.6566265060241,-.380780757185364,.41788851412153
1038,134,2570,8,2,4,1,1,88,1,1,2,1,1,99,99,1,99,99,9,9,7,7,9,9,2,13,4,232.950779570475,4,90.1129032258065,2.67741935483871,33.6566265060241,-.380780757185364,-.29023269408893
1038,134,2571,8,2,3,3,1,88,1,3,2,1,2,99,99,2,99,99,8,8,7,7,9,9,2,13,4,223.62328988025,4,90.1129032258065,2.67741935483871,33.6566265060241,-.380780757185364,-.101086152509983
1038,134,2572,8,2,3,7,1,88,1,1,2,2,1,99,99,1,99,99,8,8,8,8,9,9,2,13,4,199.275740666392,3,90.1129032258065,2.67741935483871,33.6566265060241,-.380780757185364,-.803134657625335
1038,134,2573,8,1,2,6,2,99,3,9,2,2,9,99,99,2,99,99,7,7,6,6,6,6,2,13,4,189.740303136958,3,90.1129032258065,2.67741935483871,33.6566265060241,-.380780757185364,-.92292980994962
1038,134,2574,8,1,3,1,1,88,1,1,2,1,1,99,99,1,99,99,6,6,5,5,7,7,2,13,4,187.661055643711,3,90.1129032258065,2.67741935483871,33.6566265060241,-.380780757185364,-.730982607907387
1038,134,2578,8,1,3,10,1,88,1,1,2,2,1,99,99,4,99,99,6,6,5,5,5,5,2,13,4,193.73738081401,3,90.1129032258065,2.67741935483871,33.6566265060241,-.380780757185364,-.101086152509983
1038,134,2579,8,2,3,2,1,88,1,1,2,2,1,99,99,1,99,99,7,7,5,5,6,6,2,13,4,212.997910158155,3,90.1129032258065,2.67741935483871,33.6566265060241,-.380780757185364, 
1038,134,2580,8,2,3,5,1,88,1,1,2,1,1,99,99,1,99,99,7,7,7,7,8,8,2,13,4,212.631247293932,3,90.1129032258065,2.67741935483871,33.6566265060241,-.380780757185364,-.92074453406579
1038,134,2583,8,2,4,1,1,88,1,1,2,1,1,99,99,1,99,99,6,6,6,6,6,6,2,13,4,185.149106505654,2,90.1129032258065,2.67741935483871,33.6566265060241,-.380780757185364,.0900251614992073
1038,134,2585,8,2,3,2,1,88,1,1,2,1,9,99,99,1,99,99,6,6,4,4,6,6,2,13,4,147.666138071017,1,90.1129032258065,2.67741935483871,33.6566265060241,-.380780757185364,-.920129149486334
1038,134,2586,8,1,3,12,1,88,1,1,2,1,1,99,99,1,99,99,7,7,7,7,8,8,2,13,4,163.138871339838,2,90.1129032258065,2.67741935483871,33.6566265060241,-.380780757185364,-.101086152509983
1038,134,2587,8,1,3,9,1,88,1,1,2,1,1,99,99,1,99,99,8,8,8,8,8,8,2,13,4,208.608015416367,3,90.1129032258065,2.67741935483871,33.6566265060241,-.380780757185364,.0376306585333934
1038,134,2588,8,1,3,7,1,88,1,1,2,1,1,99,99,1,99,99,7,7,7,7,8,8,2,13,4,181.218531792574,2,90.1129032258065,2.67741935483871,33.6566265060241,-.380780757185364,-1.11808288532404
1038,134,2590,8,1,3,8,1,88,1,1,2,2,1,99,99,1,99,99,8,8,8,8,9,9,2,13,4,173.997587355537,2,90.1129032258065,2.67741935483871,33.6566265060241,-.380780757185364,1.22463177075372
1038,134,3857,8,2,3,3,4,99,1,2,2,2,4,99,99,4,99,99,8,8,6,6,7,7,2,13,4,158.584374985538,2,90.1129032258065,2.67741935483871,33.6566265060241,-.380780757185364,-.29023269408893
1003,61,1249,8,2,3,12,1,88,1,1,9,1,1,99,99,1,99,99,0,7,0,6,0,9,1,54,2,206.49960639662,3,33.7559523809524,2.52380952380952,13.375,-.0221789802635755,-.626287856390553
1003,61,1250,8,2,3,10,1,88,1,1,9,1,1,3,4,1,4,4,0,7,0,6,0,7,1,54,2,158.489739673132,2,33.7559523809524,2.52380952380952,13.375,-.0221789802635755,.719921616896611
1003,61,1251,8,2,3,6,1,88,1,1,9,1,1,99,99,1,4,7,0,9,0,9,0,9,1,54,2,233.54541226449,4,33.7559523809524,2.52380952380952,13.375,-.0221789802635755,-.743897732831008
1003,61,1252,8,1,4,4,1,88,1,1,9,1,1,99,99,1,99,99,0,8,0,8,0,9,1,54,2,179.138083787905,2,33.7559523809524,2.52380952380952,13.375,-.0221789802635755,-.605180921787631
1003,61,1253,8,1,3,8,1,88,1,1,9,1,1,4,8,1,4,7,0,8,0,8,0,7,2,54,2,223.078265484136,4,33.7559523809524,2.52380952380952,13.375,-.0221789802635755,-.29023269408893
1003,61,1254,8,1,3,6,1,88,1,1,9,1,1,99,99,4,99,99,0,8,0,8,0,9,1,54,2,201.983178523191,3,33.7559523809524,2.52380952380952,13.375,-.0221789802635755,.0900251614992073
1003,61,1255,8,1,3,9,1,88,1,1,9,1,1,9,3,1,9,7,0,7,0,7,0,6,1,54,2,181.15625100137,2,33.7559523809524,2.52380952380952,13.375,-.0221789802635755,1.22463177075372
1003,61,1256,8,2,3,2,1,88,1,1,9,1,1,99,99,1,3,7,0,8,0,8,0,8,1,54,2,240.914097848765,4,33.7559523809524,2.52380952380952,13.375,-.0221789802635755,.719921616896611
1003,61,1257,8,1,3,1,1,88,1,1,9,1,1,4,7,1,4,99,0,7,0,6,0,7,2,54,2,208.379985496099,3,33.7559523809524,2.52380952380952,13.375,-.0221789802635755,-.730982607907387
1003,61,1258,8,2,3,12,1,88,1,1,9,1,1,4,7,1,9,7,0,8,0,9,0,8,2,54,2,212.377384947866,3,33.7559523809524,2.52380952380952,13.375,-.0221789802635755,2.01491165154359
1003,61,1259,8,1,3,8,1,88,1,1,9,1,1,99,99,1,99,99,0,7,0,6,0,7,1,54,2,174.496225023074,2,33.7559523809524,2.52380952380952,13.375,-.0221789802635755,-.29023269408893
1003,61,1260,8,1,3,12,1,88,1,1,9,1,1,4,7,1,4,7,0,9,0,10,0,9,1,54,2,245.009374777863,5,33.7559523809524,2.52380952380952,13.375,-.0221789802635755,-.0699521846301169
1003,61,1261,8,1,3,4,1,88,1,3,9,1,4,99,99,4,99,99,0,7,0,7,0,7,2,54,2,152.218075397951,1,33.7559523809524,2.52380952380952,13.375,-.0221789802635755,-1.88068961796935
1003,61,1262,8,2,3,3,1,88,1,1,9,1,1,7,7,1,4,7,0,9,0,8,0,9,2,54,2,232.950779570475,4,33.7559523809524,2.52380952380952,13.375,-.0221789802635755,.312936408014788
1003,61,1263,8,2,3,4,4,7,1,2,9,2,4,99,99,4,99,99,0,6,0,5,0,7,1,54,2,169.396317586781,2,33.7559523809524,2.52380952380952,13.375,-.0221789802635755,-.488186429926633
1003,61,1264,8,1,3,8,1,88,1,1,9,1,1,2,8,1,4,7,0,7,0,7,0,7,1,54,2,167.864287680354,2,33.7559523809524,2.52380952380952,13.375,-.0221789802635755,-.803134657625335
1003,61,1265,8,1,3,9,1,88,1,1,9,1,1,99,99,4,99,99,0,6,0,5,0,6,1,54,2,149.395129631806,1,33.7559523809524,2.52380952380952,13.375,-.0221789802635755,-.428949505132306
1003,61,1266,8,2,3,6,1,88,1,1,9,1,1,4,6,1,99,99,0,9,0,8,0,9,1,54,2,203.246705123247,3,33.7559523809524,2.52380952380952,13.375,-.0221789802635755,.213862075188719
1003,61,1267,8,2,3,9,1,88,1,9,9,1,9,99,99,9,99,99,0,9,0,10,0,9,1,54,2,234.374353836785,4,33.7559523809524,2.52380952380952,13.375,-.0221789802635755,1.69996342384489
1003,61,1268,8,2,3,7,1,88,1,1,9,1,1,99,99,1,99,99,0,8,0,7,0,9,1,54,2,213.286742768821,3,33.7559523809524,2.52380952380952,13.375,-.0221789802635755,-1.04593083560609
1003,61,3805,8,1,3,8,3,99,1,2,9,2,3,99,99,3,99,99,0,6,0,6,0,8,1,54,2,123.488746625941,1,33.7559523809524,2.52380952380952,13.375,-.0221789802635755,.541725427811042
1003,62,1248,8,1,4,3,1,88,1,1,9,1,1,9,7,1,11,99,0,8,0,9,0,9,2,54,2,225.014629750171,4,33.7559523809524,2.52380952380952,13.375,.205682928948249,2.98443862225035
1003,62,1269,8,2,3,8,1,88,1,1,9,1,1,2,7,1,3,6,0,5,0,6,0,6,2,54,2,157.804642091299,2,33.7559523809524,2.52380952380952,13.375,.205682928948249,-.618096046711253
1003,62,1270,8,1,3,1,1,88,1,1,9,1,1,2,5,1,3,99,0,7,0,7,0,7,2,54,2,222.714087874754,4,33.7559523809524,2.52380952380952,13.375,.205682928948249,-.027842069531156
1003,62,1271,8,2,3,9,1,88,1,1,9,1,1,2,8,1,4,3,0,7,0,7,0,7,2,54,2,167.650059987158,2,33.7559523809524,2.52380952380952,13.375,.205682928948249,.312936408014788
1003,62,1272,8,2,3,9,1,88,1,3,9,1,4,2,8,4,2,99,0,5,0,5,0,6,2,54,2,138.433239009273,1,33.7559523809524,2.52380952380952,13.375,.205682928948249,-.488186429926633
1003,62,1273,8,1,3,9,1,88,1,3,9,1,4,2,8,4,2,99,0,6,0,5,0,6,2,54,2,153.408743320895,1,33.7559523809524,2.52380952380952,13.375,.205682928948249,-.488186429926633
1003,62,1274,8,1,3,12,1,88,1,1,9,1,1,3,7,1,7,7,0,6,0,9,0,7,2,54,2,180.54704763707,2,33.7559523809524,2.52380952380952,13.375,.205682928948249,.565356814590381
1003,62,1275,8,1,3,8,1,88,1,1,9,1,1,4,5,3,4,8,0,7,0,8,0,7,2,54,2,189.186418087186,3,33.7559523809524,2.52380952380952,13.375,.205682928948249,.48978320924957
1003,62,1276,8,2,3,7,1,88,1,1,9,1,1,99,99,1,99,99,0,8,0,8,0,9,2,54,2,234.562126743377,4,33.7559523809524,2.52380952380952,13.375,.205682928948249,-.101086152509983
1003,62,1277,8,1,3,2,1,88,1,1,9,1,1,2,8,1,3,7,0,6,0,6,0,6,2,54,2,205.380081543092,3,33.7559523809524,2.52380952380952,13.375,.205682928948249,.732836741820232
1003,62,1278,8,2,3,1,1,88,1,1,9,1,1,99,99,1,99,99,0,8,0,9,0,8,2,54,2,204.189105685062,3,33.7559523809524,2.52380952380952,13.375,.205682928948249,-.920129149486334
1003,62,1279,8,2,3,9,1,88,1,1,9,1,2,9,5,1,9,7,0,9,0,9,0,9,2,54,2,240.987975091199,4,33.7559523809524,2.52380952380952,13.375,.205682928948249,1.03352045674453
1003,62,1280,8,2,3,2,1,88,1,1,9,1,1,1,6,1,2,7,0,7,0,6,0,7,2,54,2,158.450255093829,2,33.7559523809524,2.52380952380952,13.375,.205682928948249,-.92074453406579
1003,62,1281,8,1,3,3,1,88,1,1,9,1,1,2,6,1,4,7,0,6,0,9,0,7,2,54,2,190.003528473952,3,33.7559523809524,2.52380952380952,13.375,.205682928948249,.528810302887421
1003,62,1282,8,2,3,3,1,88,1,3,9,1,3,99,99,3,99,99,0,7,0,7,0,8,2,54,2,163.706198594166,2,33.7559523809524,2.52380952380952,13.375,.205682928948249,-.618096046711253
1003,62,1283,8,2,3,4,1,88,1,1,9,1,1,3,8,1,4,99,0,6,0,5,0,7,2,54,2,200.894627797131,3,33.7559523809524,2.52380952380952,13.375,.205682928948249,.0900251614992073
1003,62,1284,8,2,3,5,1,88,1,1,9,1,1,4,8,1,4,7,0,7,0,8,0,8,2,54,2,258.936707278728,5,33.7559523809524,2.52380952380952,13.375,.205682928948249,-.730982607907387
1003,62,1285,8,2,3,10,1,88,1,1,9,1,1,9,99,1,9,99,0,8,0,9,0,9,2,54,2,239.885047406076,4,33.7559523809524,2.52380952380952,13.375,.205682928948249,2.01491165154359
1003,62,1286,8,2,3,2,1,88,1,1,9,1,1,4,8,2,99,99,0,6,0,7,0,8,2,54,2,148.925198793746,1,33.7559523809524,2.52380952380952,13.375,.205682928948249,.719921616896611
1003,62,1287,8,2,3,9,1,88,1,1,9,1,1,2,8,1,99,99,0,7,0,5,0,6,2,54,2,158.489739673132,2,33.7559523809524,2.52380952380952,13.375,.205682928948249,.300021283091167
1003,62,1288,8,1,3,9,1,88,1,1,9,1,1,2,6,1,4,3,0,6,0,6,0,6,2,54,2,203.852389044953,3,33.7559523809524,2.52380952380952,13.375,.205682928948249,-.539871293898197
1004,63,1291,8,1,3,2,1,88,1,1,9,1,1,99,99,1,99,99,66,8,66,7,66,7,2,54,2,233.193320663199,4,36.3525641025641,2.61538461538462,13.8995098039216,.605686279324677,2.19175845277837
1004,63,1292,8,1,3,5,1,88,1,3,9,1,2,3,8,2,3,99,66,9,66,9,66,9,2,54,2,314.891745162699,5,36.3525641025641,2.61538461538462,13.8995098039216,.605686279324677,-.239187578973902
1004,63,1293,8,2,3,8,1,88,1,1,9,1,1,4,6,1,4,7,66,8,66,8,66,8,2,54,2,206.49960639662,3,36.3525641025641,2.61538461538462,13.8995098039216,.605686279324677,.41788851412153
1004,63,1294,8,1,3,6,1,88,1,1,9,1,1,3,8,1,3,7,66,7,66,6,66,8,2,54,2,202.219074029995,3,36.3525641025641,2.61538461538462,13.8995098039216,.605686279324677,1.43462789234568
1004,63,1295,8,2,3,12,1,88,1,1,9,1,1,4,4,1,4,7,66,8,66,8,66,8,2,54,2,240.551706237635,4,36.3525641025641,2.61538461538462,13.8995098039216,.605686279324677,.856673655509744
1004,63,1296,8,2,3,9,1,88,1,1,9,1,1,2,99,4,1,99,66,6,66,5,66,8,2,54,2,202.219074029995,3,36.3525641025641,2.61538461538462,13.8995098039216,.605686279324677,-.920129149486334
1004,63,1297,8,1,3,4,1,88,1,1,1,1,1,4,7,1,4,7,66,8,66,9,66,9,2,54,2,208.05360215879,3,36.3525641025641,2.61538461538462,13.8995098039216,.605686279324677,1.2117166458301
1004,63,1298,8,1,3,2,1,88,1,1,9,1,1,4,7,1,4,7,66,6,66,6,66,6,2,54,2,159.378847967569,2,36.3525641025641,2.61538461538462,13.8995098039216,.605686279324677, 
1004,63,1299,8,2,3,8,1,88,1,1,9,1,1,4,7,1,4,7,66,7,66,7,66,7,2,54,2,177.458445054569,2,36.3525641025641,2.61538461538462,13.8995098039216,.605686279324677, 
1004,63,1301,8,2,3,6,1,88,1,3,9,1,4,2,8,4,2,2,66,6,66,6,33,6,2,54,2,199.391543944644,3,36.3525641025641,2.61538461538462,13.8995098039216,.605686279324677,1.43462789234568
1004,63,1302,8,2,3,9,1,88,1,1,9,1,1,3,6,1,4,7,66,8,66,6,66,7,2,54,2,184.818752225426,2,36.3525641025641,2.61538461538462,13.8995098039216,.605686279324677,-.416034380208685
1004,63,1303,8,1,3,2,1,88,1,1,9,1,1,3,8,1,4,7,66,8,66,7,66,9,2,54,2,254.300701306042,5,36.3525641025641,2.61538461538462,13.8995098039216,.605686279324677,1.05600388128728
1004,63,1304,8,2,3,8,1,88,1,1,9,1,1,4,8,1,4,7,66,9,66,9,66,9,2,54,2,270.659995733023,5,36.3525641025641,2.61538461538462,13.8995098039216,.605686279324677,.250408586891679
1004,63,1305,8,2,3,9,1,88,1,1,9,1,1,2,8,1,4,7,66,7,66,4,66,7,2,54,2,215.325339123759,4,36.3525641025641,2.61538461538462,13.8995098039216,.605686279324677,.565356814590381
1004,63,1306,8,1,3,5,1,88,1,1,9,1,1,3,4,1,3,99,66,6,33,6,66,6,2,54,2,194.342584619364,3,36.3525641025641,2.61538461538462,13.8995098039216,.605686279324677,-.101086152509983
1004,63,1307,8,1,3,3,1,88,1,1,9,1,1,9,7,1,9,99,66,7,66,8,66,8,2,54,2,238.522154952741,4,36.3525641025641,2.61538461538462,13.8995098039216,.605686279324677,-.416034380208685
1004,63,1308,8,2,3,1,1,88,1,1,9,1,1,4,4,1,4,7,66,7,66,7,66,7,2,54,2,205.380081543092,3,36.3525641025641,2.61538461538462,13.8995098039216,.605686279324677,.667527113930797
1004,63,1309,8,2,3,6,1,88,1,1,9,1,1,4,3,1,3,7,66,9,66,8,66,8,2,54,2,272.908447196819,5,36.3525641025641,2.61538461538462,13.8995098039216,.605686279324677,.869588780433365
1004,63,1310,8,2,3,6,1,88,1,1,9,1,1,4,3,1,3,7,66,9,66,9,66,8,2,54,2,239.216603753825,4,36.3525641025641,2.61538461538462,13.8995098039216,.605686279324677,1.74957612004438
1004,63,1311,8,1,3,6,1,88,1,1,9,1,1,4,7,1,4,7,66,8,66,7,66,7,2,54,2,217.770457921662,4,36.3525641025641,2.61538461538462,13.8995098039216,.605686279324677,1.43462789234568
1004,63,1312,8,1,3,2,1,88,1,1,9,1,1,4,7,1,4,99,66,8,66,9,66,8,2,54,2,222.991135067186,4,36.3525641025641,2.61538461538462,13.8995098039216,.605686279324677,-.539871293898197
1004,64,37,8,1,2,3,1,88,3,1,9,1,1,3,7,1,4,7,0,6,0,6,0,6,2,54,2,153.752276880273,1,36.3525641025641,2.61538461538462,13.8995098039216,.183215128079287,2.49264359331687
1004,64,215,8,1,3,2,1,88,1,1,1,1,1,4,7,1,4,7,0,10,0,9,0,10,2,54,2,269.812926463005,5,36.3525641025641,2.61538461538462,13.8995098039216,.183215128079287,1.21993555759844
1004,64,1300,8,2,3,7,1,88,1,1,9,1,1,3,5,1,4,7,0,9,0,7,0,8,2,54,2,253.605626266903,5,36.3525641025641,2.61538461538462,13.8995098039216,.183215128079287,1.43462789234568
1004,64,1313,8,1,3,5,1,88,1,1,9,1,1,3,6,1,9,5,0,8,0,7,0,7,2,54,2,212.997910158155,3,36.3525641025641,2.61538461538462,13.8995098039216,.183215128079287, 
1004,64,1314,8,2,3,12,1,88,1,1,9,1,1,4,8,4,4,7,0,8,0,7,0,8,2,54,2,214.76197012002,4,36.3525641025641,2.61538461538462,13.8995098039216,.183215128079287,-.6869335151039
1004,64,1315,8,1,3,12,1,88,1,1,9,1,1,4,8,4,4,7,0,8,0,8,0,10,2,54,2,217.403714843654,4,36.3525641025641,2.61538461538462,13.8995098039216,.183215128079287,-.920129149486334
1004,64,1316,8,1,3,7,1,88,1,1,9,1,1,2,8,1,3,8,0,8,0,9,0,9,2,54,2,223.62328988025,4,36.3525641025641,2.61538461538462,13.8995098039216,.183215128079287,1.20816839491141
1004,64,1317,8,2,3,9,1,88,1,1,9,1,1,4,5,1,9,7,0,8,0,9,0,9,2,54,2,245.622938215433,5,36.3525641025641,2.61538461538462,13.8995098039216,.183215128079287,.390708876423502
1004,64,1318,8,1,4,1,1,88,1,1,9,1,3,4,7,1,9,7,0,8,0,8,0,9,2,54,2,220.08352478628,4,36.3525641025641,2.61538461538462,13.8995098039216,.183215128079287,1.52531548567801
1004,64,1319,8,1,3,3,1,88,1,3,9,1,3,4,8,3,4,8,0,6,0,6,0,6,2,54,2,148.252360096773,1,36.3525641025641,2.61538461538462,13.8995098039216,.183215128079287,.318556826705553
1004,64,1320,8,1,3,8,1,88,1,1,9,1,1,7,7,1,4,7,0,7,0,7,0,7,2,54,2,196.395065752615,3,36.3525641025641,2.61538461538462,13.8995098039216,.183215128079287,-.539871293898197
1004,64,1321,8,1,3,8,1,88,1,1,9,1,1,3,8,1,4,7,0,6,0,6,0,7,2,54,2,199.499180495072,3,36.3525641025641,2.61538461538462,13.8995098039216,.183215128079287,.250408586891679
1004,64,1322,8,2,3,10,1,88,1,3,9,1,3,2,8,3,2,2,0,8,0,6,0,8,2,54,2,199.499180495072,3,36.3525641025641,2.61538461538462,13.8995098039216,.183215128079287,-2.68743287460153
1004,64,1323,8,2,3,8,1,88,1,1,9,1,1,3,8,1,9,7,0,9,0,8,0,9,2,54,2,245.009374777863,5,36.3525641025641,2.61538461538462,13.8995098039216,.183215128079287,.403624001347123
1004,64,1324,8,2,3,6,1,88,1,1,9,1,1,2,7,1,4,7,0,8,0,7,0,9,2,54,2,193.635732672075,3,36.3525641025641,2.61538461538462,13.8995098039216,.183215128079287,-.618096046711253
1004,64,1325,8,1,3,10,1,88,1,1,9,1,1,4,4,4,2,5,0,6,0,6,0,6,2,54,2,177.458445054569,2,36.3525641025641,2.61538461538462,13.8995098039216,.183215128079287, 
1004,64,1326,8,1,3,4,1,88,1,9,9,1,9,3,8,9,3,8,0,6,0,6,0,5,2,54,2,195.039872279547,3,36.3525641025641,2.61538461538462,13.8995098039216,.183215128079287,-1.56574139027064
1004,64,1327,8,2,3,1,1,88,1,1,9,1,1,4,8,1,4,7,0,8,0,7,0,7,2,54,2,172.815196660325,2,36.3525641025641,2.61538461538462,13.8995098039216,.183215128079287,.705657104122204
176,65,1137,8,2,3,5,1,88,1,1,9,1,4,2,8,1,3,8,0,8,0,8,0,8,4,54,2,247.140943268616,5,32.2215909090909,3.63636363636364,8.8609375,-.416518654852668,-.416034380208685
176,65,1328,8,2,3,3,1,88,1,1,9,1,1,3,5,1,3,7,0,7,0,7,0,7,4,54,2,159.378847967569,2,32.2215909090909,3.63636363636364,8.8609375,-.416518654852668, 
176,65,1329,8,2,3,10,1,88,1,1,9,1,1,9,7,1,4,99,0,8,0,8,0,9,4,54,2,266.93563771784,5,32.2215909090909,3.63636363636364,8.8609375,-.416518654852668,-.416034380208685
176,65,1330,8,2,3,7,1,88,1,3,9,1,4,9,8,4,99,99,0,8,0,7,0,8,4,54,2,217.403714843654,4,32.2215909090909,3.63636363636364,8.8609375,-.416518654852668,-1.04593083560609
176,65,1332,8,1,3,11,1,88,1,1,9,1,1,9,7,1,4,6,0,8,0,9,0,8,4,54,2,225.970337627724,4,32.2215909090909,3.63636363636364,8.8609375,-.416518654852668,.84437391516558
176,65,1333,8,1,3,3,1,88,1,1,9,1,1,3,8,1,4,8,0,8,0,7,0,6,4,54,2,173.032778292153,2,32.2215909090909,3.63636363636364,8.8609375,-.416518654852668, 
176,65,1338,8,2,3,3,1,88,1,1,9,1,3,99,99,1,3,99,0,8,0,5,0,5,4,54,2,154.63605073351,1,32.2215909090909,3.63636363636364,8.8609375,-.416518654852668, 
176,65,1340,8,1,3,5,1,88,1,1,9,1,1,3,8,1,3,99,0,6,0,5,0,7,4,54,2,175.643834811389,2,32.2215909090909,3.63636363636364,8.8609375,-.416518654852668,-.920129149486334
176,65,1341,8,2,3,3,1,88,1,1,9,1,1,2,8,1,3,7,0,10,0,9,0,9,4,54,2,262.051349493033,5,32.2215909090909,3.63636363636364,8.8609375,-.416518654852668,-.920129149486334
176,65,1342,8,1,3,2,1,88,1,1,9,1,1,4,7,1,2,99,0,7,0,5,0,5,4,54,2,194.849426856076,3,32.2215909090909,3.63636363636364,8.8609375,-.416518654852668,.213862075188719
176,65,1345,8,1,3,7,1,88,1,1,9,1,1,4,7,1,99,7,0,7,0,6,0,7,4,54,2,208.05360215879,3,32.2215909090909,3.63636363636364,8.8609375,-.416518654852668,-.224923066199495
176,65,1346,8,2,3,5,1,88,1,1,9,1,4,99,99,1,2,99,0,7,0,5,0,5,4,54,2,203.246705123247,3,32.2215909090909,3.63636363636364,8.8609375,-.416518654852668,-.730982607907387
176,65,1347,8,1,3,9,1,88,1,1,9,1,1,3,8,1,3,7,0,7,0,7,0,6,4,54,2,173.032778292153,2,32.2215909090909,3.63636363636364,8.8609375,-.416518654852668,-1.44594623794636
176,65,1355,8,1,3,6,1,88,1,1,9,1,1,6,5,2,3,5,0,8,0,8,0,8,4,54,2,224.701097388842,4,32.2215909090909,3.63636363636364,8.8609375,-.416518654852668,.390708876423502
176,65,1357,8,2,3,9,4,2,1,1,9,1,1,2,4,4,6,8,0,10,0,10,0,10,4,54,2,241.135659344576,4,32.2215909090909,3.63636363636364,8.8609375,-.416518654852668,-.329875172306237
176,65,1358,8,1,3,11,1,88,1,3,9,1,2,99,99,2,3,99,0,7,0,8,0,7,4,54,2,176.929671662058,2,32.2215909090909,3.63636363636364,8.8609375,-.416518654852668,-.920129149486334
176,65,1359,8,1,3,4,1,88,1,1,9,1,1,9,7,1,9,7,0,9,0,9,0,9,4,54,2,247.126368051819,5,32.2215909090909,3.63636363636364,8.8609375,-.416518654852668,.594735315356313
176,65,1360,8,2,3,4,1,88,1,1,9,1,1,99,8,2,99,99,0,7,0,7,0,7,4,54,2,181.730551156553,2,32.2215909090909,3.63636363636364,8.8609375,-.416518654852668,-.920129149486334
176,65,1361,8,2,4,1,1,88,1,1,9,1,1,99,99,1,99,99,0,7,0,6,0,7,4,54,2,154.866933689254,1,32.2215909090909,3.63636363636364,8.8609375,-.416518654852668,-.730982607907387
176,65,3447,8,1,3,11,1,88,1,1,9,2,1,4,6,1,4,6,0,7,0,5,0,5,4,54,2,163.469151865825,2,32.2215909090909,3.63636363636364,8.8609375,-.416518654852668,-.103271428393812
176,66,1289,8,2,3,2,1,88,1,1,9,1,1,99,99,1,99,99,0,8,0,7,0,6,4,54,2,168.556417885604,2,32.2215909090909,3.63636363636364,8.8609375,.093497431959076,-.239187578973902
176,66,1331,8,2,3,4,1,88,1,1,9,1,1,2,8,2,3,8,0,8,0,6,0,7,4,54,2,159.378847967569,2,32.2215909090909,3.63636363636364,8.8609375,.093497431959076, 
176,66,1334,8,2,3,7,1,88,1,1,9,1,1,2,8,1,2,99,0,8,0,6,0,6,4,54,2,164.011619115489,2,32.2215909090909,3.63636363636364,8.8609375,.093497431959076, 
176,66,1335,8,2,3,3,1,88,1,1,9,1,1,4,6,1,3,99,0,8,0,9,0,9,4,54,2,210.61621849589,3,32.2215909090909,3.63636363636364,8.8609375,.093497431959076,.541725427811042
176,66,1336,8,2,3,5,1,88,1,1,9,1,1,99,99,1,99,99,0,9,0,9,0,9,4,54,2,239.474218564776,4,32.2215909090909,3.63636363636364,8.8609375,.093497431959076,-.803134657625335
176,66,1337,8,1,3,11,4,5,1,1,9,9,4,5,7,1,7,7,0,7,0,6,0,7,4,54,2,154.63605073351,1,32.2215909090909,3.63636363636364,8.8609375,.093497431959076, 
176,66,1339,8,2,3,1,1,88,1,3,9,1,2,4,8,2,4,8,0,9,0,10,0,9,4,54,2,222.714087874754,4,32.2215909090909,3.63636363636364,8.8609375,.093497431959076,.476868084325949
176,66,1343,8,2,3,8,1,88,1,1,9,1,1,7,7,1,4,7,0,8,0,7,0,8,4,54,2,199.391543944644,3,32.2215909090909,3.63636363636364,8.8609375,.093497431959076, 
176,66,1344,8,1,3,12,1,88,1,1,9,1,1,99,99,1,4,8,0,7,0,9,0,8,4,54,2,181.218531792574,2,32.2215909090909,3.63636363636364,8.8609375,.093497431959076,-.100470767930526
176,66,1348,8,1,3,8,1,88,1,3,9,1,4,99,99,4,99,99,0,6,0,8,0,6,4,54,2,181.730551156553,2,32.2215909090909,3.63636363636364,8.8609375,.093497431959076,-.803134657625335
176,66,1349,8,2,3,1,1,88,1,1,9,9,1,4,7,1,4,99,0,8,0,9,0,8,4,54,2,197.884884572723,3,32.2215909090909,3.63636363636364,8.8609375,.093497431959076,.529425687466878
176,66,1350,8,2,3,3,1,88,1,1,9,1,1,99,99,3,99,99,0,8,0,6,0,8,4,54,2,195.119607886796,3,32.2215909090909,3.63636363636364,8.8609375,.093497431959076,-.101086152509983
176,66,1351,8,2,3,3,1,88,1,1,9,2,1,2,99,1,2,8,0,8,0,9,0,9,4,54,2,187.661055643711,3,32.2215909090909,3.63636363636364,8.8609375,.093497431959076,-.730982607907387
176,66,1352,8,2,2,9,4,10,3,2,9,2,4,99,99,4,99,99,0,6,0,6,0,8,4,54,2,177.430542437889,2,32.2215909090909,3.63636363636364,8.8609375,.093497431959076,-1.77263184057752
176,66,1354,8,2,3,7,1,88,1,1,9,1,1,9,6,1,4,6,0,9,0,10,0,10,4,54,2,261.654886913387,5,32.2215909090909,3.63636363636364,8.8609375,.093497431959076,1.69996342384489
176,66,1356,8,2,3,6,1,88,1,1,9,1,1,9,3,1,9,7,0,9,0,10,0,10,4,54,2,241.191130706368,4,32.2215909090909,3.63636363636364,8.8609375,.093497431959076,.403624001347123
176,66,1362,8,2,3,6,1,88,1,3,9,1,4,99,99,4,99,99,0,8,0,10,0,9,4,54,2,207.662695152105,3,32.2215909090909,3.63636363636364,8.8609375,.093497431959076,.529425687466878
176,66,1363,8,1,3,3,1,88,1,3,9,1,2,4,8,3,99,99,0,8,0,10,0,10,4,54,2,217.770457921662,4,32.2215909090909,3.63636363636364,8.8609375,.093497431959076,-.730982607907387
176,66,1364,8,1,3,2,1,88,1,1,9,1,1,2,8,1,3,7,0,8,0,8,0,7,4,54,2,163.469151865825,2,32.2215909090909,3.63636363636364,8.8609375,.093497431959076,1.22463177075372
176,66,1365,8,1,3,2,1,88,1,1,9,1,1,99,99,2,2,99,0,6,0,6,0,7,4,54,2,167.909788395816,2,32.2215909090909,3.63636363636364,8.8609375,.093497431959076,-.488186429926633
176,66,1366,8,1,3,1,1,88,1,1,9,1,1,99,99,1,4,7,0,8,0,10,0,9,4,54,2,195.039872279547,3,32.2215909090909,3.63636363636364,8.8609375,.093497431959076,.403624001347123
176,66,1404,8,1,3,9,1,88,1,1,9,1,1,4,5,1,4,5,0,6,0,6,0,6,4,54,2,157.293851873996,2,32.2215909090909,3.63636363636364,8.8609375,.093497431959076,.646420179327876
176,66,3733,8,1,3,9,1,88,1,3,9,1,4,99,99,4,99,99,0,5,0,7,0,5,4,54,2,142.681343445079,1,32.2215909090909,3.63636363636364,8.8609375,.093497431959076,.667527113930797
176,66,3807,8,2,3,4,4,10,1,9,9,2,9,99,99,9,99,99,0,9,0,7,0,7,4,54,2,163.138871339838,2,32.2215909090909,3.63636363636364,8.8609375,.093497431959076,.516510562543257
1005,67,1368,8,1,3,10,1,88,1,1,9,1,1,3,8,1,4,7,66,66,66,66,66,66,2,54,2,163.278558104652,2,33.7559523809524,2.80952380952381,12.0148305084746,-.209998405698715,.0247155336097724
1005,67,1369,8,1,3,5,1,88,1,1,9,1,1,4,7,1,4,7,66,66,66,66,66,66,2,54,2,191.886966072245,3,33.7559523809524,2.80952380952381,12.0148305084746,-.209998405698715,-.403119255285064
1005,67,1370,8,2,3,10,1,88,1,1,9,1,1,9,5,1,4,7,66,66,66,66,66,66,2,54,2,233.350991851138,4,33.7559523809524,2.80952380952381,12.0148305084746,-.209998405698715,.594735315356313
1005,67,1371,8,1,3,3,1,88,1,1,9,1,1,4,7,1,4,8,66,66,66,66,66,66,2,54,2,189.542719515865,3,33.7559523809524,2.80952380952381,12.0148305084746,-.209998405698715,.732836741820232
1005,67,1372,8,1,3,4,1,88,1,1,9,1,1,4,6,1,4,7,66,66,66,66,66,66,2,54,2,217.719568690296,4,33.7559523809524,2.80952380952381,12.0148305084746,-.209998405698715,-.488186429926633
1005,67,1373,8,2,3,10,1,88,1,1,9,1,1,9,7,1,3,7,66,66,66,66,66,66,2,54,2,203.852389044953,3,33.7559523809524,2.80952380952381,12.0148305084746,-.209998405698715, 
1005,67,1374,8,1,3,6,1,88,1,1,9,1,1,4,99,1,4,7,66,66,66,66,66,66,2,54,2,164.011619115489,2,33.7559523809524,2.80952380952381,12.0148305084746,-.209998405698715, 
1005,67,1376,8,2,3,8,1,88,1,1,9,1,1,4,5,1,4,8,66,66,66,66,66,66,2,54,2,203.054715821585,3,33.7559523809524,2.80952380952381,12.0148305084746,-.209998405698715,-.329875172306237
1005,67,1377,8,2,3,1,1,88,1,1,9,1,1,3,4,4,4,8,66,66,66,66,66,66,2,54,2,190.567628810498,3,33.7559523809524,2.80952380952381,12.0148305084746,-.209998405698715,.41788851412153
1005,67,1380,8,2,3,9,1,88,1,1,9,1,1,3,7,1,4,7,66,66,66,66,66,66,2,54,2,276.794990920994,5,33.7559523809524,2.80952380952381,12.0148305084746,-.209998405698715,.250408586891679
1005,67,1381,8,2,3,6,1,88,1,3,9,1,3,3,8,3,2,8,66,66,66,66,66,66,2,54,2,171.836748790222,2,33.7559523809524,2.80952380952381,12.0148305084746,-.209998405698715,-1.55282626534702
1005,67,1382,8,1,3,2,1,88,1,1,9,1,1,3,99,1,4,5,66,66,66,66,66,66,2,54,2,159.378847967569,2,33.7559523809524,2.80952380952381,12.0148305084746,-.209998405698715, 
1005,67,1387,8,2,3,8,1,88,1,1,9,1,1,3,8,1,3,7,66,66,66,66,66,66,2,54,2,186.194707339138,3,33.7559523809524,2.80952380952381,12.0148305084746,-.209998405698715,-1.02771199264984
1005,67,1391,8,2,3,5,1,88,1,1,9,1,1,3,6,1,2,99,66,66,66,66,66,66,2,54,2,163.706198594166,2,33.7559523809524,2.80952380952381,12.0148305084746,-.209998405698715,-.743897732831008
1005,67,1394,8,2,3,5,1,88,1,1,9,1,1,3,6,1,3,7,66,66,66,66,66,66,2,54,2,177.458445054569,2,33.7559523809524,2.80952380952381,12.0148305084746,-.209998405698715,-.101086152509983
1005,67,1396,8,1,3,1,1,88,1,1,9,1,1,2,5,1,2,8,66,66,66,66,66,66,2,54,2,245.186341948839,5,33.7559523809524,2.80952380952381,12.0148305084746,-.209998405698715,.667527113930797
1005,67,1398,8,1,2,6,1,88,3,3,9,1,4,3,8,4,3,99,66,66,66,66,66,66,2,54,2,168.556417885604,2,33.7559523809524,2.80952380952381,12.0148305084746,-.209998405698715,-1.65760844804725
1005,67,1399,8,1,3,6,1,88,1,1,9,1,1,2,8,1,2,6,66,66,66,66,66,66,2,54,2,149.395129631806,1,33.7559523809524,2.80952380952381,12.0148305084746,-.209998405698715,-.101086152509983
1005,67,1401,8,1,3,12,1,88,1,1,9,1,1,3,6,1,3,8,66,66,66,66,66,66,2,54,2,215.325339123759,4,33.7559523809524,2.80952380952381,12.0148305084746,-.209998405698715,.41788851412153
1005,67,1403,8,2,3,9,1,88,1,1,9,1,1,2,6,1,11,3,66,66,66,66,66,66,2,54,2,193.301721135549,3,33.7559523809524,2.80952380952381,12.0148305084746,-.209998405698715,.250408586891679
1005,67,2349,8,2,3,10,1,88,1,3,9,2,2,99,99,2,99,99,66,66,66,66,66,66,2,54,2,172.657296982291,2,33.7559523809524,2.80952380952381,12.0148305084746,-.209998405698715,-.730982607907387
1005,68,216,8,2,2,7,1,88,3,1,9,2,1,99,99,1,4,7,66,66,66,66,66,66,2,54,2,186.751801862785,3,33.7559523809524,2.80952380952381,12.0148305084746,-.654494154861378,-.605180921787631
1005,68,1353,8,2,3,9,1,88,1,3,9,1,4,99,99,4,99,99,66,66,66,66,66,66,2,54,2,149.159118687254,1,33.7559523809524,2.80952380952381,12.0148305084746,-.654494154861378,-1.04593083560609
1005,68,1367,8,1,3,9,1,88,1,1,9,1,1,2,99,1,2,8,66,66,66,66,66,66,2,54,2,213.604900789007,3,33.7559523809524,2.80952380952381,12.0148305084746,-.654494154861378,-.730982607907387
1005,68,1375,8,1,3,11,1,88,1,3,9,1,4,4,8,4,2,99,66,66,66,66,66,66,2,54,2,148.252360096773,1,33.7559523809524,2.80952380952381,12.0148305084746,-.654494154861378,-1.56294072980736
1005,68,1378,8,2,3,4,1,88,1,1,9,1,1,9,3,1,4,7,66,66,66,66,66,66,2,54,2,208.04293484967,3,33.7559523809524,2.80952380952381,12.0148305084746,-.654494154861378,-.416034380208685
1005,68,1379,8,2,3,3,1,88,1,3,9,1,4,4,8,4,3,99,66,66,66,66,66,66,2,54,2,235.661670928186,4,33.7559523809524,2.80952380952381,12.0148305084746,-.654494154861378,-1.44594623794636
1005,68,1383,8,1,3,12,1,88,1,3,9,1,3,4,99,3,4,99,66,66,66,66,66,66,2,54,2,198.739982470452,3,33.7559523809524,2.80952380952381,12.0148305084746,-.654494154861378,-2.14940347698073
1005,68,1384,8,1,3,1,1,88,1,1,9,1,1,2,8,1,2,99,66,66,66,66,66,66,2,54,2,194.422876193104,3,33.7559523809524,2.80952380952381,12.0148305084746,-.654494154861378,-.620896707174539
1005,68,1385,8,2,3,1,1,88,1,1,9,1,1,3,8,1,9,7,66,66,66,66,66,66,2,54,2,266.85467924047,5,33.7559523809524,2.80952380952381,12.0148305084746,-.654494154861378,.804731436948272
1005,68,1386,8,1,3,8,1,88,1,1,9,1,1,4,3,1,3,7,66,66,66,66,66,66,2,54,2,229.792059618547,4,33.7559523809524,2.80952380952381,12.0148305084746,-.654494154861378,-.224923066199495
1005,68,1388,8,1,3,7,1,88,1,3,9,1,2,3,8,2,2,8,66,66,66,66,66,66,2,54,2,163.034577644123,2,33.7559523809524,2.80952380952381,12.0148305084746,-.654494154861378,-1.32974509542492
1005,68,1389,8,2,3,11,1,88,1,1,9,1,1,4,8,1,3,4,66,66,66,66,66,66,2,54,2,212.377384947866,3,33.7559523809524,2.80952380952381,12.0148305084746,-.654494154861378,-.101086152509983
1005,68,1390,8,2,3,5,1,88,1,1,9,1,1,4,7,1,7,7,66,66,66,66,66,66,2,54,2,198.566759630187,3,33.7559523809524,2.80952380952381,12.0148305084746,-.654494154861378,-.416034380208685
1005,68,1392,8,2,3,7,1,88,1,1,9,1,1,4,7,1,4,7,66,66,66,66,66,66,2,54,2,238.203453270138,4,33.7559523809524,2.80952380952381,12.0148305084746,-.654494154861378,.614969510789869
1005,68,1393,8,2,3,4,4,3,1,2,9,1,4,2,99,4,1,99,66,66,66,66,66,66,2,54,2,168.556417885604,2,33.7559523809524,2.80952380952381,12.0148305084746,-.654494154861378,-1.65760844804725
1005,68,1395,8,1,3,8,1,88,1,1,9,1,1,3,6,1,4,99,66,66,66,66,66,66,2,54,2,183.000117273052,2,33.7559523809524,2.80952380952381,12.0148305084746,-.654494154861378,.0900251614992073
1005,68,1397,8,1,3,6,1,88,1,1,9,1,1,2,8,1,9,7,66,66,66,66,66,66,2,54,2,233.54541226449,4,33.7559523809524,2.80952380952381,12.0148305084746,-.654494154861378,.26687196273399
1005,68,1400,8,1,3,2,1,88,1,1,9,1,1,3,8,1,3,99,66,66,66,66,66,66,2,54,2,190.593814797016,3,33.7559523809524,2.80952380952381,12.0148305084746,-.654494154861378, 
1005,68,1402,8,1,3,3,1,88,1,1,9,1,1,2,8,1,4,7,66,66,66,66,66,66,2,54,2,202.219074029995,3,33.7559523809524,2.80952380952381,12.0148305084746,-.654494154861378,-.29023269408893
1005,68,1405,8,2,3,1,1,88,1,1,9,1,1,2,8,1,99,8,66,66,66,66,66,66,2,54,2,217.719568690296,4,33.7559523809524,2.80952380952381,12.0148305084746,-.654494154861378,-.329875172306237
1005,68,1406,8,2,3,8,1,88,1,3,9,1,4,2,99,4,99,99,66,66,66,66,66,66,2,54,2,180.805916253718,2,33.7559523809524,2.80952380952381,12.0148305084746,-.654494154861378,-2.75622189844449
989,29,15,8,2,2,7,1,88,3,3,2,1,2,3,5,2,3,2,66,9,33,9,66,8,1,2,1,262.549859094319,5,199.136842105263,2.31578947368421,85.9909090909091,-.0260943351444623,-.501101554850254
989,29,17,8,2,2,9,1,88,3,9,2,1,9,1,8,9,5,6,66,7,66,7,66,9,1,2,1,194.131377576185,3,199.136842105263,2.31578947368421,85.9909090909091,-.0260943351444623,.434757969226989
989,29,205,8,2,3,6,1,88,1,1,1,2,1,4,7,1,9,5,66,9,66,9,66,8,1,2,1,229.999961992681,4,199.136842105263,2.31578947368421,85.9909090909091,-.0260943351444623,.541725427811042
989,29,206,8,2,3,12,1,88,1,3,1,1,3,2,5,3,2,5,66,9,66,9,66,9,1,2,1,208.839444713797,3,199.136842105263,2.31578947368421,85.9909090909091,-.0260943351444623,.732836741820232
989,29,207,8,2,3,3,1,88,1,3,1,1,2,3,8,2,4,8,66,7,33,6,66,6,1,2,1,153.316726275745,1,199.136842105263,2.31578947368421,85.9909090909091,-.0260943351444623,-.92292980994962
989,29,777,8,1,3,6,1,88,1,3,1,1,2,5,8,2,5,8,33,6,33,6,33,6,1,2,1,159.378847967569,2,199.136842105263,2.31578947368421,85.9909090909091,-.0260943351444623, 
989,29,779,8,1,3,4,1,88,1,1,2,1,1,3,8,1,4,7,66,7,66,6,33,5,1,2,1,164.011619115489,2,199.136842105263,2.31578947368421,85.9909090909091,-.0260943351444623, 
989,29,785,8,1,3,6,1,88,1,1,2,1,1,99,99,1,4,8,66,7,66,9,66,7,1,2,1,163.278558104652,2,199.136842105263,2.31578947368421,85.9909090909091,-.0260943351444623,1.53957999845242
989,29,788,8,1,3,9,4,1,1,1,2,1,4,9,6,1,4,7,66,10,66,10,66,10,1,2,1,238.203453270138,4,199.136842105263,2.31578947368421,85.9909090909091,-.0260943351444623,.62788463571349
989,29,791,8,2,3,12,1,88,1,1,1,1,1,4,4,1,9,6,33,9,33,9,66,8,1,2,1,235.461848350473,4,199.136842105263,2.31578947368421,85.9909090909091,-.0260943351444623,.62788463571349
989,29,796,8,1,3,7,1,88,1,1,2,1,1,4,1,1,2,99,66,7,33,6,33,6,1,2,1,154.63605073351,1,199.136842105263,2.31578947368421,85.9909090909091,-.0260943351444623, 
989,29,797,8,1,3,9,1,88,1,3,1,1,4,7,8,4,2,2,66,8,66,7,66,8,1,2,1,193.748615361374,3,199.136842105263,2.31578947368421,85.9909090909091,-.0260943351444623,.0036085990068509
989,29,802,8,1,3,9,1,88,1,1,2,1,1,2,8,1,3,1,33,6,66,5,33,5,1,2,1,168.556417885604,2,199.136842105263,2.31578947368421,85.9909090909091,-.0260943351444623, 
989,29,804,8,1,3,10,1,88,1,1,2,1,1,2,6,1,3,8,66,7,66,6,66,6,1,2,1,154.63605073351,1,199.136842105263,2.31578947368421,85.9909090909091,-.0260943351444623, 
989,29,1111,8,1,3,5,1,88,1,1,1,1,1,2,99,1,4,99,66,6,66,6,66,6,1,2,1,149.757714662002,1,199.136842105263,2.31578947368421,85.9909090909091,-.0260943351444623, 
989,29,3759,8,1,3,5,1,88,1,1,1,1,4,9,6,1,6,7,33,7,66,8,66,10,1,2,1,207.890736844594,3,199.136842105263,2.31578947368421,85.9909090909091,-.0260943351444623,.516510562543257
989,29,3789,8,2,2,1,1,88,3,3,1,1,4,2,6,4,2,2,66,7,66,9,33,6,1,2,1,90.0760041992124,1,199.136842105263,2.31578947368421,85.9909090909091,-.0260943351444623,-2.75331403860157
989,29,3824,8,2,1,10,3,10,3,2,1,1,3,2,8,3,4,2,66,7,66,7,66,6,1,2,1,123.488746625941,1,199.136842105263,2.31578947368421,85.9909090909091,-.0260943351444623,-1.16057518861988
989,30,16,8,1,2,9,1,88,3,1,1,1,1,3,8,1,4,7,33,6,66,7,33,5,2,2,1,158.908456431089,2,199.136842105263,2.31578947368421,85.9909090909091,.491030313224232, 
989,30,778,8,2,3,11,1,88,1,3,2,1,2,4,6,2,4,99,66,7,66,6,66,8,2,2,1,194.422876193104,3,199.136842105263,2.31578947368421,85.9909090909091,.491030313224232,-.027842069531156
989,30,780,8,1,3,11,1,88,1,1,1,1,1,4,7,1,9,5,66,7,66,8,66,9,2,2,1,222.714087874754,4,199.136842105263,2.31578947368421,85.9909090909091,.491030313224232,.581820190432692
989,30,781,8,2,3,11,1,88,1,1,1,1,1,9,7,1,9,7,66,7,66,9,66,7,2,2,1,246.42339179765,5,199.136842105263,2.31578947368421,85.9909090909091,.491030313224232,.804731436948272
989,30,782,8,2,3,6,1,88,1,1,2,1,1,2,8,1,2,7,66,7,66,7,33,7,2,2,1,233.193320663199,4,199.136842105263,2.31578947368421,85.9909090909091,.491030313224232,-1.93774126687984
989,30,783,8,2,3,1,2,1,1,1,1,1,1,11,3,1,9,6,33,7,66,7,66,9,2,2,1,247.14680845765,5,199.136842105263,2.31578947368421,85.9909090909091,.491030313224232,1.92642292127916
989,30,784,8,1,3,2,1,88,1,1,2,1,1,4,6,1,4,2,66,8,66,8,66,9,2,2,1,253.017765285184,5,199.136842105263,2.31578947368421,85.9909090909091,.491030313224232,-1.04593083560609
989,30,786,8,1,3,10,1,88,1,1,1,1,1,7,3,1,9,5,33,9,66,9,33,9,2,2,1,245.186341948839,5,199.136842105263,2.31578947368421,85.9909090909091,.491030313224232,1.43462789234568
989,30,787,8,2,3,12,1,88,1,1,2,1,1,4,7,1,9,5,66,9,33,10,66,10,2,2,1,269.812926463005,5,199.136842105263,2.31578947368421,85.9909090909091,.491030313224232,.84437391516558
989,30,789,8,2,3,9,1,88,1,1,2,1,1,3,6,1,9,7,33,8,66,10,66,9,2,2,1,227.695959022804,4,199.136842105263,2.31578947368421,85.9909090909091,.491030313224232,1.43462789234568
989,30,790,8,2,3,9,1,88,1,1,2,1,1,6,6,1,9,7,33,8,33,7,33,9,2,2,1,262.320447496938,5,199.136842105263,2.31578947368421,85.9909090909091,.491030313224232,.896768418131394
989,30,792,8,2,4,1,1,88,1,1,1,1,1,9,5,1,9,3,66,7,66,8,66,8,2,2,1,203.766688723793,3,199.136842105263,2.31578947368421,85.9909090909091,.491030313224232,1.86389510015605
989,30,793,8,2,3,6,1,88,1,1,9,1,1,9,7,1,9,5,10,9,66,8,66,9,2,2,1,261.623119072376,5,199.136842105263,2.31578947368421,85.9909090909091,.491030313224232,1.22463177075372
989,30,794,8,1,2,2,1,88,3,1,1,1,4,2,1,1,1,1,33,5,66,6,33,6,2,2,1,200.830549460352,3,199.136842105263,2.31578947368421,85.9909090909091,.491030313224232,-2.25268949457855
989,30,795,8,1,3,8,1,88,1,3,2,1,2,2,8,2,2,2,33,5,66,5,66,5,2,2,1,128.171023165298,1,199.136842105263,2.31578947368421,85.9909090909091,.491030313224232, 
989,30,798,8,2,3,11,1,88,1,3,2,1,2,9,4,2,9,4,33,8,33,8,66,9,2,2,1,234.374353836785,4,199.136842105263,2.31578947368421,85.9909090909091,.491030313224232,.528810302887421
989,30,799,8,2,3,11,1,88,1,1,1,1,1,4,5,1,9,5,33,9,66,10,66,9,2,2,1,321.637440410586,5,199.136842105263,2.31578947368421,85.9909090909091,.491030313224232,.705657104122204
989,30,800,8,1,3,9,1,88,1,1,2,2,1,4,6,1,7,99,33,10,66,9,66,9,2,2,1,321.637440410586,5,199.136842105263,2.31578947368421,85.9909090909091,.491030313224232,-.101086152509983
989,30,801,8,2,3,2,1,88,1,1,1,1,1,4,6,3,4,6,66,7,66,8,66,7,2,2,1,219.656309142267,4,199.136842105263,2.31578947368421,85.9909090909091,.491030313224232,.41788851412153
989,30,803,8,2,3,7,1,88,1,1,2,1,1,9,5,1,9,7,33,6,66,8,66,6,2,2,1,185.149106505654,2,199.136842105263,2.31578947368421,85.9909090909091,.491030313224232,1.53957999845242
1025,107,385,8,1,3,2,1,88,1,1,2,1,1,99,99,1,99,99,7,7,6,6,6,6,1,10,3,210.773802069256,3,47.99375,3.375,14.2203703703704,.376280238028216,.41788851412153
1025,107,386,8,2,3,11,1,88,1,1,2,1,1,2,8,2,4,2,8,8,8,8,9,9,1,10,3,212.997910158155,3,47.99375,3.375,14.2203703703704,.376280238028216,-.920129149486334
1025,107,387,8,1,3,1,1,88,1,1,2,1,4,5,8,1,2,8,6,6,5,5,8,8,1,10,3,193.73738081401,3,47.99375,3.375,14.2203703703704,.376280238028216,-.329875172306237
1025,107,388,8,1,3,4,1,88,1,1,1,1,1,9,7,1,9,7,7,7,8,8,8,8,1,10,3,159.003058341781,2,47.99375,3.375,14.2203703703704,.376280238028216,.214477459768176
1025,107,389,8,2,3,9,1,88,1,1,2,1,1,9,5,1,9,7,9,9,9,9,9,9,1,10,3,241.135659344576,4,47.99375,3.375,14.2203703703704,.376280238028216,1.15932214286428
1025,107,390,8,2,3,12,1,88,1,1,1,1,1,4,6,1,4,7,7,7,5,5,8,8,1,10,3,177.430542437889,2,47.99375,3.375,14.2203703703704,.376280238028216,1.19525326998778
1025,107,391,8,1,3,11,1,88,1,1,1,1,1,4,8,1,4,7,6,6,7,7,8,8,1,10,3,181.15625100137,2,47.99375,3.375,14.2203703703704,.376280238028216,.339663761308474
1025,107,392,8,1,3,4,1,88,1,1,1,1,1,4,6,4,4,2,7,7,8,8,8,8,1,10,3,235.661670928186,4,47.99375,3.375,14.2203703703704,.376280238028216,.541725427811042
1025,107,393,8,2,3,10,1,88,1,1,1,1,1,4,8,3,4,8,7,7,6,6,7,7,1,10,3,168.556417885604,2,47.99375,3.375,14.2203703703704,.376280238028216, 
1025,107,394,8,1,3,6,1,88,1,1,2,1,1,4,8,1,4,1,7,7,8,8,9,9,1,10,3,191.991532943348,3,47.99375,3.375,14.2203703703704,.376280238028216,-.605180921787631
1025,107,395,8,2,3,7,1,88,1,1,2,1,1,9,8,2,5,2,9,9,9,9,10,10,1,10,3,262.549859094319,5,47.99375,3.375,14.2203703703704,.376280238028216,-.100470767930526
1025,107,396,8,1,3,10,1,88,1,1,2,1,1,7,6,1,4,2,8,8,7,7,8,8,1,10,3,217.71879833412,4,47.99375,3.375,14.2203703703704,.376280238028216,.41788851412153
1025,107,397,8,1,3,5,1,88,1,1,2,1,1,4,7,1,10,5,8,8,9,9,9,9,1,10,3,206.188152021854,3,47.99375,3.375,14.2203703703704,.376280238028216,1.22463177075372
1025,107,398,8,1,3,9,1,88,1,1,1,1,1,4,8,1,4,7,8,8,9,8,8,8,1,10,3,224.913155021663,4,47.99375,3.375,14.2203703703704,.376280238028216,-.803134657625335
1025,107,399,8,1,3,5,1,88,1,1,2,1,4,9,6,1,7,7,8,8,8,8,8,8,1,10,3,217.819842812645,4,47.99375,3.375,14.2203703703704,.376280238028216,1.22463177075372
1025,107,400,8,1,3,9,1,88,1,1,2,1,1,4,8,1,8,7,8,8,9,9,9,9,1,10,3,213.286742768821,3,47.99375,3.375,14.2203703703704,.376280238028216,.968663113259434
1025,107,401,8,1,3,7,1,88,1,1,1,2,1,5,8,1,4,4,6,6,8,8,6,6,1,10,3,164.972434481403,2,47.99375,3.375,14.2203703703704,.376280238028216,.732836741820232
1025,107,2087,8,1,4,1,1,88,1,1,2,1,1,7,6,1,2,6,7,7,8,8,9,9,1,10,3,203.852389044953,3,47.99375,3.375,14.2203703703704,.376280238028216,.718572229045825
1025,107,3731,8,2,1,10,1,1,3,3,1,1,4,1,4,4,1,8,5,5,6,6,6,6,1,10,3,108.009965898631,1,47.99375,3.375,14.2203703703704,.376280238028216, 
1025,108,383,8,2,3,4,1,88,1,1,2,1,1,4,7,3,7,5,7,7,6,6,6,6,1,10,3,196.340823620549,3,47.99375,3.375,14.2203703703704,.233406993306104,1.05600388128728
1025,108,384,8,1,3,12,1,88,1,1,1,1,1,4,6,1,5,2,7,7,6,6,6,6,1,10,3,203.852389044953,3,47.99375,3.375,14.2203703703704,.233406993306104, 
1025,108,402,8,1,3,8,1,88,1,1,2,1,1,4,8,1,4,8,8,8,8,8,8,8,1,10,3,212.985383349306,3,47.99375,3.375,14.2203703703704,.233406993306104,.856673655509744
1025,108,2088,8,1,3,5,1,88,1,1,2,1,1,4,8,1,4,8,6,6,8,8,6,6,1,10,3,174.908745715891,2,47.99375,3.375,14.2203703703704,.233406993306104,-.539871293898197
1025,108,2089,8,2,3,12,1,88,1,1,1,1,1,4,8,1,2,2,7,7,6,6,8,8,1,10,3,212.807948766269,3,47.99375,3.375,14.2203703703704,.233406993306104,-.329875172306237
1025,108,2090,8,1,3,8,1,88,1,1,2,1,1,2,6,1,5,5,6,6,6,6,5,5,1,10,3,149.757714662002,1,47.99375,3.375,14.2203703703704,.233406993306104, 
1025,108,2091,8,2,3,11,1,88,1,1,2,1,1,10,7,1,4,8,8,8,7,7,9,9,1,10,3,239.474218564776,4,47.99375,3.375,14.2203703703704,.233406993306104,.26687196273399
1025,108,2092,8,2,3,2,1,88,1,1,2,1,1,4,5,1,4,2,8,8,7,7,9,9,1,10,3,248.112494556655,5,47.99375,3.375,14.2203703703704,.233406993306104,1.38501519614619
1025,108,2093,8,2,3,8,1,88,1,1,2,1,1,4,4,1,4,7,10,10,10,10,10,10,1,10,3,258.936707278728,5,47.99375,3.375,14.2203703703704,.233406993306104,-.605180921787631
1025,108,2094,8,1,3,11,1,88,1,1,2,1,1,4,7,1,4,2,7,7,7,8,7,7,1,10,3,200.894627797131,3,47.99375,3.375,14.2203703703704,.233406993306104,.352578886232095
1025,108,2095,8,1,3,10,1,88,1,1,2,1,1,9,5,1,9,7,6,6,7,7,7,7,1,10,3,184.818752225426,2,47.99375,3.375,14.2203703703704,.233406993306104,.614969510789869
1025,108,2096,8,2,3,9,1,88,1,1,1,1,1,4,7,1,6,7,9,9,9,9,10,10,1,10,3,239.216603753825,4,47.99375,3.375,14.2203703703704,.233406993306104,-.329875172306237
1025,108,2097,8,2,3,1,1,88,1,1,2,1,1,2,8,1,4,8,7,7,6,6,7,7,1,10,3,186.223210868742,3,47.99375,3.375,14.2203703703704,.233406993306104, 
1025,108,2098,8,2,3,10,1,88,1,1,1,1,1,2,6,1,6,6,7,7,6,6,7,7,1,10,3,177.23634866773,2,47.99375,3.375,14.2203703703704,.233406993306104,.161919856627247
1025,108,2099,8,1,3,8,1,88,1,1,1,1,1,4,8,1,9,5,9,9,9,9,9,9,1,10,3,282.654928597004,5,47.99375,3.375,14.2203703703704,.233406993306104,1.69996342384489
1025,108,2100,8,1,3,8,1,88,1,1,2,1,1,3,6,4,4,1,8,8,8,8,7,7,1,10,3,198.566759630187,3,47.99375,3.375,14.2203703703704,.233406993306104,-.101086152509983
1025,108,2101,8,1,3,4,1,88,1,1,1,1,1,5,7,1,9,7,8,8,8,9,8,8,1,10,3,203.054715821585,3,47.99375,3.375,14.2203703703704,.233406993306104,.84437391516558
1025,108,2102,8,1,3,11,1,88,1,1,2,1,1,4,7,1,4,7,7,7,7,7,7,7,1,10,3,222.714087874754,4,47.99375,3.375,14.2203703703704,.233406993306104,-.416034380208685
1025,108,2103,8,2,3,6,1,88,1,1,1,1,1,3,8,1,7,5,9,9,9,9,10,10,1,10,3,247.140943268616,5,47.99375,3.375,14.2203703703704,.233406993306104,-.329875172306237
1025,108,2104,8,2,3,7,1,88,1,1,1,1,1,2,6,4,7,1,5,5,6,6,8,8,1,10,3,178.580804180801,2,47.99375,3.375,14.2203703703704,.233406993306104,.41788851412153
1025,108,3754,8,1,3,7,1,88,1,3,2,1,3,2,8,3,4,8,6,6,7,7,6,6,1,10,3,185.149106505654,2,47.99375,3.375,14.2203703703704,.233406993306104,-.803134657625335
1013,83,46,8,1,2,8,9,99,3,9,9,9,9,99,99,9,99,99,99,99,99,99,99,99,9,7,2,128.171023165298,1,77.2803030303031,3.03030303030303,25.5025,.0615433146955624, 
1013,83,334,8,2,3,10,9,99,1,9,9,9,9,99,99,9,99,99,99,99,99,99,99,99,9,7,2,210.61621849589,3,77.2803030303031,3.03030303030303,25.5025,.0615433146955624,-1.88068961796935
1013,83,1631,8,1,3,6,9,99,1,9,9,9,9,99,99,9,99,99,99,99,99,99,99,99,9,7,2,159.003058341781,2,77.2803030303031,3.03030303030303,25.5025,.0615433146955624,-.224923066199495
1013,83,1632,8,2,3,9,9,99,1,9,9,9,9,99,99,9,99,99,99,99,99,99,99,99,9,7,2,207.842779127088,3,77.2803030303031,3.03030303030303,25.5025,.0615433146955624,.732836741820232
1013,83,1634,8,1,3,11,9,99,1,9,9,9,9,99,99,9,99,99,99,99,99,99,99,99,9,7,2,212.377384947866,3,77.2803030303031,3.03030303030303,25.5025,.0615433146955624,.882503905356986
1013,83,1640,8,2,3,1,9,99,1,9,9,9,9,99,99,9,99,99,99,99,99,99,99,99,9,7,2,194.977645031822,3,77.2803030303031,3.03030303030303,25.5025,.0615433146955624,-.027842069531156
1013,83,1643,8,1,3,3,9,99,1,9,9,9,9,99,99,9,99,99,99,99,99,99,99,99,9,7,2,247.140943268616,5,77.2803030303031,3.03030303030303,25.5025,.0615433146955624,-.329875172306237
1013,83,1644,8,2,3,2,9,99,1,9,9,9,9,99,99,9,99,99,99,99,99,99,99,99,9,7,2,194.422876193104,3,77.2803030303031,3.03030303030303,25.5025,.0615433146955624,-.539871293898197
1013,83,1645,8,1,3,5,9,99,1,9,9,9,9,99,99,9,99,99,99,99,99,99,99,99,9,7,2,197.696847883919,3,77.2803030303031,3.03030303030303,25.5025,.0615433146955624,1.15932214286428
1013,83,1648,8,1,3,4,9,99,1,9,9,9,9,99,99,9,99,99,99,99,99,99,99,99,9,7,2,215.48914782235,4,77.2803030303031,3.03030303030303,25.5025,.0615433146955624,.0900251614992073
1013,83,1649,8,2,3,11,9,99,1,9,9,9,9,99,99,9,99,99,99,99,99,99,99,99,9,7,2,186.751801862785,3,77.2803030303031,3.03030303030303,25.5025,.0615433146955624,-.29023269408893
1013,83,1650,8,2,3,5,9,99,1,9,9,9,9,99,99,9,99,99,99,99,99,99,99,99,9,7,2,208.839444713797,3,77.2803030303031,3.03030303030303,25.5025,.0615433146955624,1.22463177075372
1013,83,1651,8,2,3,10,9,99,1,9,9,9,9,99,99,9,99,99,99,99,99,99,99,99,9,7,2,235.387222112981,4,77.2803030303031,3.03030303030303,25.5025,.0615433146955624,-.730982607907387
1013,83,1652,8,1,3,12,9,99,1,9,9,9,9,99,99,9,99,99,99,99,99,99,99,99,9,7,2,234.562126743377,4,77.2803030303031,3.03030303030303,25.5025,.0615433146955624,.239692325035961
1013,83,1653,8,1,3,11,9,99,1,9,9,9,9,99,99,9,99,99,99,99,99,99,99,99,9,7,2,261.835482092312,5,77.2803030303031,3.03030303030303,25.5025,.0615433146955624,.880305042289083
1013,83,1655,8,1,3,10,9,99,1,9,9,9,9,99,99,9,99,99,99,99,99,99,99,99,9,7,2,190.032188866485,3,77.2803030303031,3.03030303030303,25.5025,.0615433146955624,-.224923066199495
1013,83,1656,8,1,3,1,9,99,1,9,9,9,9,99,99,9,99,99,99,99,99,99,99,99,9,7,2,196.340823620549,3,77.2803030303031,3.03030303030303,25.5025,.0615433146955624,.0247155336097724
1013,84,47,8,1,2,4,9,99,3,9,9,9,9,99,99,9,99,99,99,99,99,99,99,99,9,7,2,142.781500181655,1,77.2803030303031,3.03030303030303,25.5025,.0236419682475031,-1.11808288532404
1013,84,245,8,1,3,9,9,99,1,9,9,9,9,99,99,9,99,99,99,99,99,99,99,99,9,7,2,218.519408574698,4,77.2803030303031,3.03030303030303,25.5025,.0236419682475031,-.416034380208685
1013,84,246,8,2,3,4,9,99,1,9,9,9,9,99,99,9,99,99,99,99,99,99,99,99,9,7,2,159.378847967569,2,77.2803030303031,3.03030303030303,25.5025,.0236419682475031, 
1013,84,247,8,1,3,1,9,99,1,9,9,9,9,99,99,9,99,99,99,99,99,99,99,99,9,7,2,233.838858808275,4,77.2803030303031,3.03030303030303,25.5025,.0236419682475031,.594735315356313
1013,84,1633,8,1,3,5,9,99,1,9,9,9,9,99,99,9,99,99,99,99,99,99,99,99,9,7,2,128.171023165298,1,77.2803030303031,3.03030303030303,25.5025,.0236419682475031, 
1013,84,1635,8,2,3,4,9,99,1,9,9,9,9,99,99,9,99,99,99,99,99,99,99,99,9,7,2,186.223210868742,3,77.2803030303031,3.03030303030303,25.5025,.0236419682475031, 
1013,84,1636,8,1,3,3,9,99,1,9,9,9,9,99,99,9,99,99,99,99,99,99,99,99,9,7,2,233.350991851138,4,77.2803030303031,3.03030303030303,25.5025,.0236419682475031,.352578886232095
1013,84,1637,8,2,4,3,9,99,1,9,9,9,9,99,99,9,99,99,99,99,99,99,99,99,9,7,2,139.467041250859,1,77.2803030303031,3.03030303030303,25.5025,.0236419682475031, 
1013,84,1638,8,1,3,10,9,99,1,9,9,9,9,99,99,9,99,99,99,99,99,99,99,99,9,7,2,208.379985496099,3,77.2803030303031,3.03030303030303,25.5025,.0236419682475031,1.74957612004438
1013,84,1639,8,1,3,9,9,99,1,9,9,9,9,99,99,9,99,99,99,99,99,99,99,99,9,7,2,210.911655914758,3,77.2803030303031,3.03030303030303,25.5025,.0236419682475031,2.50670668047708
1013,84,1641,8,2,3,8,9,99,1,9,9,9,9,99,99,9,99,99,99,99,99,99,99,99,9,7,2,173.997587355537,2,77.2803030303031,3.03030303030303,25.5025,.0236419682475031,.0900251614992073
1013,84,1642,8,1,3,4,9,99,1,9,9,9,9,99,99,9,99,99,99,99,99,99,99,99,9,7,2,198.566759630187,3,77.2803030303031,3.03030303030303,25.5025,.0236419682475031,-1.30784481148244
1013,84,1646,8,2,3,3,9,99,1,9,9,9,9,99,99,9,99,99,99,99,99,99,99,99,9,7,2,164.011619115489,2,77.2803030303031,3.03030303030303,25.5025,.0236419682475031, 
1013,84,1647,8,2,3,8,9,99,1,9,9,9,9,99,99,9,99,99,99,99,99,99,99,99,9,7,2,163.078190994124,2,77.2803030303031,3.03030303030303,25.5025,.0236419682475031,-.730982607907387
1013,84,1654,8,2,3,5,9,99,1,9,9,9,9,99,99,9,99,99,99,99,99,99,99,99,9,7,2,228.576352895939,4,77.2803030303031,3.03030303030303,25.5025,.0236419682475031,.0900251614992073
1013,84,1666,8,2,3,5,9,99,1,9,9,9,9,99,99,9,99,99,99,99,99,99,99,99,9,7,2,212.807948766269,3,77.2803030303031,3.03030303030303,25.5025,.0236419682475031,-1.55064098946319
978,1,257,8,2,3,8,1,88,1,1,2,1,1,4,5,1,4,6,8,8,8,8,9,9,1,7,2,251.575241889783,5,65.3910256410256,1.56410256410256,41.8073770491803,.519961594185605,.213862075188719
978,1,258,8,1,3,3,1,88,1,1,2,1,1,4,99,1,4,99,6,6,6,6,6,6,1,7,2,210.961577231955,3,65.3910256410256,1.56410256410256,41.8073770491803,.519961594185605,-.057037059706496
978,1,259,8,2,3,5,1,88,1,1,1,1,1,6,5,1,7,5,7,7,8,8,8,8,1,7,2,281.296783514487,5,65.3910256410256,1.56410256410256,41.8073770491803,.519961594185605,.705657104122204
978,1,260,8,2,3,7,1,88,1,1,2,2,1,99,99,1,99,99,7,7,6,6,7,7,1,7,2,173.032778292153,2,65.3910256410256,1.56410256410256,41.8073770491803,.519961594185605, 
978,1,261,8,1,3,7,1,88,1,1,2,1,1,4,5,1,2,8,6,6,5,5,6,6,1,7,2,191.991532943348,3,65.3910256410256,1.56410256410256,41.8073770491803,.519961594185605,-.212007941275874
978,1,262,8,1,3,9,1,88,1,1,2,1,1,99,99,1,99,99,6,6,6,6,6,6,1,7,2,194.977645031822,3,65.3910256410256,1.56410256410256,41.8073770491803,.519961594185605, 
978,1,263,8,2,3,5,1,88,1,1,2,2,1,99,99,1,99,99,8,8,9,9,8,8,1,7,2,263.163059333128,5,65.3910256410256,1.56410256410256,41.8073770491803,.519961594185605,.174834981550868
978,1,266,8,2,3,5,1,88,1,1,2,1,1,99,99,1,99,99,7,7,8,8,8,8,1,7,2,240.914097848765,4,65.3910256410256,1.56410256410256,41.8073770491803,.519961594185605,.0886757736484206
978,1,267,8,2,3,9,1,88,1,1,2,2,1,99,99,1,99,99,6,6,7,7,8,8,1,7,2,218.084214589063,4,65.3910256410256,1.56410256410256,41.8073770491803,.519961594185605,-.329875172306237
978,1,268,8,1,3,2,1,88,1,1,2,1,1,99,99,1,99,99,6,6,6,6,7,7,1,7,2,178.580804180801,2,65.3910256410256,1.56410256410256,41.8073770491803,.519961594185605,1.69996342384489
978,1,1629,8,1,3,1,2,99,1,2,2,2,2,99,99,2,99,99,6,6,6,6,6,6,1,7,2,220.02095391995,4,65.3910256410256,1.56410256410256,41.8073770491803,.519961594185605,.909683543055015
978,1,1630,8,2,3,4,1,88,1,1,2,2,1,99,99,1,99,99,8,8,9,9,8,8,1,7,2,212.377384947866,3,65.3910256410256,1.56410256410256,41.8073770491803,.519961594185605,.896768418131394
978,1,1661,8,1,3,5,1,88,1,1,2,2,1,99,99,1,99,99,5,5,5,5,6,6,1,7,2,164.011619115489,2,65.3910256410256,1.56410256410256,41.8073770491803,.519961594185605, 
978,1,1665,8,1,3,9,1,88,1,1,2,2,1,99,99,1,99,99,7,7,9,9,8,8,1,7,2,270.659995733023,5,65.3910256410256,1.56410256410256,41.8073770491803,.519961594185605,1.61147469358046
978,1,1667,8,1,3,7,1,88,1,1,2,2,1,99,99,1,99,99,6,6,5,5,8,8,1,7,2,149.757714662002,1,65.3910256410256,1.56410256410256,41.8073770491803,.519961594185605, 
978,1,1668,8,2,3,1,1,88,1,1,2,2,1,99,99,1,99,99,6,6,5,5,7,7,1,7,2,197.884884572723,3,65.3910256410256,1.56410256410256,41.8073770491803,.519961594185605,.719921616896611
978,1,1669,8,2,3,8,1,88,1,1,2,2,1,99,99,4,99,99,6,6,5,5,6,6,1,7,2,208.379985496099,3,65.3910256410256,1.56410256410256,41.8073770491803,.519961594185605, 
978,1,3717,8,1,3,2,1,88,1,1,2,2,1,99,99,2,99,99,7,7,7,7,9,9,1,7,2,197.554199645746,3,65.3910256410256,1.56410256410256,41.8073770491803,.519961594185605,1.2117166458301
978,1,3839,8,1,4,5,1,88,1,1,2,2,1,99,99,1,99,99,8,8,6,6,8,8,1,7,2,232.950779570475,4,65.3910256410256,1.56410256410256,41.8073770491803,.519961594185605,-.101086152509983
978,1,3840,8,1,4,2,1,88,1,1,2,2,1,99,99,1,99,99,8,8,8,8,8,8,1,7,2,274.757236417311,5,65.3910256410256,1.56410256410256,41.8073770491803,.519961594185605,.26687196273399
978,2,45,8,2,2,6,1,88,3,1,2,1,1,2,8,1,2,8,8,8,7,7,6,6,1,7,2,161.964592966565,2,65.3910256410256,1.56410256410256,41.8073770491803,.273252061739308,-1.62279303918114
978,2,48,8,1,2,4,1,88,3,9,2,2,9,99,99,4,99,99,6,6,5,5,5,5,1,7,2,157.804642091299,2,65.3910256410256,1.56410256410256,41.8073770491803,.273252061739308,-.173238202227931
978,2,248,8,2,3,3,1,88,1,1,2,1,1,99,99,1,99,99,8,8,7,7,8,8,1,7,2,207.662695152105,3,65.3910256410256,1.56410256410256,41.8073770491803,.273252061739308,.0886757736484206
978,2,249,8,2,3,12,1,88,1,1,2,2,1,99,99,1,99,99,8,8,7,7,6,6,1,7,2,206.188152021854,3,65.3910256410256,1.56410256410256,41.8073770491803,.273252061739308,1.25778109111089
978,2,250,8,2,3,11,1,88,1,1,2,1,1,99,99,1,99,99,8,8,8,8,8,8,1,7,2,261.654886913387,5,65.3910256410256,1.56410256410256,41.8073770491803,.273252061739308,.578271939514002
978,2,251,8,1,3,4,1,88,1,1,2,1,1,99,99,1,99,99,8,8,9,9,9,9,1,7,2,189.186418087186,3,65.3910256410256,1.56410256410256,41.8073770491803,.273252061739308,.312936408014788
978,2,252,8,1,3,10,1,88,1,1,2,1,1,99,99,1,99,99,7,7,6,6,5,5,1,7,2,172.815196660325,2,65.3910256410256,1.56410256410256,41.8073770491803,.273252061739308,1.69996342384489
978,2,253,8,1,3,8,1,88,1,1,2,2,1,99,99,1,99,3,9,9,10,10,7,7,1,7,2,253.903853844894,5,65.3910256410256,1.56410256410256,41.8073770491803,.273252061739308,1.37210007122257
978,2,254,8,1,3,6,1,88,1,1,2,2,1,99,99,1,99,99,8,8,7,7,8,8,1,7,2,190.872126369693,3,65.3910256410256,1.56410256410256,41.8073770491803,.273252061739308,-1.32974509542492
978,2,255,8,1,3,11,1,88,1,1,2,2,1,99,99,3,99,99,7,7,6,6,6,6,1,7,2,213.286742768821,3,65.3910256410256,1.56410256410256,41.8073770491803,.273252061739308,-.224923066199495
978,2,256,8,1,3,2,1,88,1,1,2,1,1,99,99,3,99,99,6,6,5,5,6,6,1,7,2,217.403714843654,4,65.3910256410256,1.56410256410256,41.8073770491803,.273252061739308,.732836741820232
978,2,264,8,1,3,9,1,88,1,1,2,1,1,3,8,1,4,7,6,6,6,6,6,6,1,7,2,169.396317586781,2,65.3910256410256,1.56410256410256,41.8073770491803,.273252061739308,-.416034380208685
978,2,265,8,2,3,9,1,88,1,1,2,2,1,99,99,1,99,99,7,7,6,6,6,6,1,7,2,220.467620281425,4,65.3910256410256,1.56410256410256,41.8073770491803,.273252061739308,.715225403741332
978,2,1658,8,2,3,9,1,88,1,1,2,1,1,3,8,1,4,7,7,7,6,6,5,5,1,7,2,168.556417885604,2,65.3910256410256,1.56410256410256,41.8073770491803,.273252061739308, 
978,2,1659,8,2,3,6,1,88,1,1,2,2,1,99,99,1,99,99,8,8,8,8,6,6,1,7,2,217.71879833412,4,65.3910256410256,1.56410256410256,41.8073770491803,.273252061739308,-.29023269408893
978,2,1660,8,2,3,2,1,88,1,1,2,2,1,99,99,4,99,99,8,8,7,7,6,6,1,7,2,181.650828368601,2,65.3910256410256,1.56410256410256,41.8073770491803,.273252061739308,.541725427811042
978,2,1662,8,1,3,10,1,88,1,1,2,2,1,99,99,1,99,99,7,7,6,6,7,7,1,7,2,227.85501070611,4,65.3910256410256,1.56410256410256,41.8073770491803,.273252061739308,.213862075188719
978,2,1663,8,1,3,3,1,88,1,1,2,2,1,99,99,1,99,99,8,8,7,7,8,8,1,7,2,222.301402077163,4,65.3910256410256,1.56410256410256,41.8073770491803,.273252061739308,.0900251614992073
978,2,1664,8,1,3,2,1,88,1,1,2,2,1,99,99,1,99,99,7,7,7,7,5,5,1,7,2,191.886966072245,3,65.3910256410256,1.56410256410256,41.8073770491803,.273252061739308,1.37210007122257
1001,53,34,8,1,2,5,1,88,3,1,2,1,1,4,8,1,3,8,6,6,4,4,7,7,1,4,1,190.593814797016,3,274.08547008547,1.51282051282051,181.175141242938,-.396772388705699,-1.32974509542492
1001,53,35,8,1,2,1,1,88,3,1,2,1,1,99,99,1,99,99,5,5,4,4,6,6,1,4,1,153.408743320895,1,274.08547008547,1.51282051282051,181.175141242938,-.396772388705699,.331471951629174
1001,53,214,8,2,3,10,1,88,1,1,2,2,1,99,99,1,99,99,6,6,5,5,7,7,1,4,1,212.985383349306,3,274.08547008547,1.51282051282051,181.175141242938,-.396772388705699,-1.55064098946319
1001,53,436,8,1,3,10,1,88,1,1,2,1,9,99,99,1,9,7,10,10,10,10,10,10,1,4,1,281.297749278074,5,274.08547008547,1.51282051282051,181.175141242938,-.396772388705699,.201562334844555
1001,53,773,8,2,3,8,1,88,1,9,1,1,9,99,99,4,99,99,6,6,4,4,6,6,1,4,1,142.385729934988,1,274.08547008547,1.51282051282051,181.175141242938,-.396772388705699,-.539871293898197
1001,53,1216,8,2,3,10,1,88,1,1,2,1,1,3,99,1,3,1,7,7,7,7,8,8,1,4,1,164.011619115489,2,274.08547008547,1.51282051282051,181.175141242938,-.396772388705699, 
1001,53,1217,8,1,3,5,1,88,1,1,2,1,1,2,8,1,4,8,7,7,5,5,8,8,1,4,1,203.852389044953,3,274.08547008547,1.51282051282051,181.175141242938,-.396772388705699, 
1001,53,1223,8,1,3,11,1,88,1,1,2,2,1,99,99,1,3,99,7,7,6,6,7,7,1,4,1,210.293848278452,3,274.08547008547,1.51282051282051,181.175141242938,-.396772388705699,-.730982607907387
1001,53,1225,8,1,3,9,1,88,1,1,2,1,1,4,7,1,2,2,7,7,5,5,8,8,1,4,1,239.216603753825,4,274.08547008547,1.51282051282051,181.175141242938,-.396772388705699,-.416034380208685
1001,53,1226,8,2,3,5,1,88,1,1,2,1,1,2,99,1,2,99,7,7,5,5,7,7,1,4,1,190.003528473952,3,274.08547008547,1.51282051282051,181.175141242938,-.396772388705699,-.101086152509983
1001,53,1227,8,1,3,9,1,88,1,1,2,1,1,3,6,1,5,6,6,6,7,7,8,8,1,4,1,164.011619115489,2,274.08547008547,1.51282051282051,181.175141242938,-.396772388705699, 
1001,53,1229,8,2,3,12,1,88,1,1,2,1,1,2,99,1,2,99,7,7,6,6,9,9,1,4,1,177.458445054569,2,274.08547008547,1.51282051282051,181.175141242938,-.396772388705699, 
1001,53,1233,8,1,3,6,1,88,1,1,2,1,9,99,99,1,4,2,6,6,5,5,7,7,1,4,1,172.657296982291,2,274.08547008547,1.51282051282051,181.175141242938,-.396772388705699,-1.76089446564506
1001,53,1235,8,1,3,9,1,88,1,1,2,1,1,3,6,1,2,2,7,7,7,7,7,7,1,4,1,228.578242484582,4,274.08547008547,1.51282051282051,181.175141242938,-.396772388705699,-.101086152509983
1001,53,1236,8,1,3,4,1,88,1,1,2,1,1,3,8,1,3,5,8,8,8,8,8,8,1,4,1,190.650482815879,3,274.08547008547,1.51282051282051,181.175141242938,-.396772388705699,-.730982607907387
1001,53,1237,8,1,3,3,1,88,1,1,2,1,4,5,5,1,5,2,9,9,9,9,9,9,1,4,1,241.646759574773,4,274.08547008547,1.51282051282051,181.175141242938,-.396772388705699,.732836741820232
1001,53,1239,8,2,3,2,1,88,1,1,2,1,1,2,6,1,4,5,8,8,6,6,9,9,1,4,1,220.161212943506,4,274.08547008547,1.51282051282051,181.175141242938,-.396772388705699,.541725427811042
1001,53,1241,8,1,3,11,1,88,1,1,2,2,1,2,5,1,6,7,7,7,5,5,8,8,1,4,1,181.849967908796,2,274.08547008547,1.51282051282051,181.175141242938,-.396772388705699, 
1001,53,1242,8,1,3,7,1,88,1,1,1,1,1,4,6,1,5,99,8,8,7,7,8,8,1,4,1,202.164670218052,3,274.08547008547,1.51282051282051,181.175141242938,-.396772388705699,-.101086152509983
1001,54,33,8,2,2,6,1,88,3,9,2,2,3,99,99,9,99,99,8,8,5,5,6,6,1,4,1,234.374353836785,4,274.08547008547,1.51282051282051,181.175141242938,-.508192846387169,-1.24799250210866
1001,54,36,8,1,2,8,1,88,3,1,2,1,1,2,1,1,4,7,6,6,5,5,6,6,1,4,1,133.972325842708,1,274.08547008547,1.51282051282051,181.175141242938,-.508192846387169, 
1001,54,1218,8,1,3,12,1,88,1,1,2,1,1,2,8,1,2,2,8,8,7,7,8,8,1,4,1,203.069127843401,3,274.08547008547,1.51282051282051,181.175141242938,-.508192846387169,-.7296332200566
1001,54,1219,8,2,3,9,1,88,1,1,2,1,1,99,99,1,3,99,7,7,5,5,6,6,1,4,1,186.223210868742,3,274.08547008547,1.51282051282051,181.175141242938,-.508192846387169, 
1001,54,1220,8,2,3,6,1,88,1,1,2,1,1,4,7,1,4,6,8,8,8,8,7,7,1,4,1,210.293848278452,3,274.08547008547,1.51282051282051,181.175141242938,-.508192846387169,-.014926944607535
1001,54,1221,8,1,3,8,1,88,1,1,1,1,1,4,6,1,7,7,9,9,9,9,9,9,1,4,1,233.838858808275,4,274.08547008547,1.51282051282051,181.175141242938,-.508192846387169,.705657104122204
1001,54,1222,8,1,4,3,1,88,1,1,2,1,1,4,7,1,99,7,7,7,7,7,7,7,1,4,1,163.034577644123,2,274.08547008547,1.51282051282051,181.175141242938,-.508192846387169,-1.55282626534702
1001,54,1224,8,2,3,10,1,88,1,1,2,1,1,4,7,1,9,7,8,8,6,6,6,6,1,4,1,199.391543944644,3,274.08547008547,1.51282051282051,181.175141242938,-.508192846387169, 
1001,54,1228,8,1,3,8,1,88,1,1,2,1,1,99,5,1,99,5,8,8,8,8,8,8,1,4,1,199.499180495072,3,274.08547008547,1.51282051282051,181.175141242938,-.508192846387169,.719921616896611
1001,54,1230,8,2,3,10,1,88,1,1,2,1,1,3,5,1,2,1,7,7,5,5,6,6,1,4,1,149.757714662002,1,274.08547008547,1.51282051282051,181.175141242938,-.508192846387169, 
1001,54,1231,8,2,3,3,1,88,1,1,2,1,1,99,99,1,99,99,8,8,7,7,8,8,1,4,1,233.838858808275,4,274.08547008547,1.51282051282051,181.175141242938,-.508192846387169,.942832863412192
1001,54,1232,8,1,3,10,1,88,1,1,2,1,1,2,8,1,3,2,6,6,5,5,6,6,1,4,1,168.556417885604,2,274.08547008547,1.51282051282051,181.175141242938,-.508192846387169, 
1001,54,1234,8,1,3,7,4,99,1,1,2,2,1,4,7,1,6,7,7,7,6,6,6,6,1,4,1,190.450593717614,3,274.08547008547,1.51282051282051,181.175141242938,-.508192846387169,.0900251614992073
1001,54,1238,8,2,3,5,1,88,1,1,2,1,1,99,99,2,99,99,8,8,6,6,6,6,1,4,1,210.293848278452,3,274.08547008547,1.51282051282051,181.175141242938,-.508192846387169,-1.55064098946319
1001,54,1240,8,1,3,8,1,88,1,3,2,1,4,2,99,4,2,99,7,7,6,6,7,7,1,4,1,172.591749264034,2,274.08547008547,1.51282051282051,181.175141242938,-.508192846387169,-2.14940347698073
1001,54,1243,8,2,3,11,1,88,1,1,2,2,1,99,99,1,99,99,6,6,6,6,6,6,1,4,1,164.011619115489,2,274.08547008547,1.51282051282051,181.175141242938,-.508192846387169, 
1001,54,1244,8,1,3,12,1,88,1,1,2,1,1,4,7,1,5,7,9,9,6,6,6,6,1,4,1,286.746024528328,5,274.08547008547,1.51282051282051,181.175141242938,-.508192846387169,-.803134657625335
1001,54,1245,8,1,3,5,1,88,1,1,2,1,1,3,8,3,99,1,7,7,6,6,6,6,1,4,1,203.852389044953,3,274.08547008547,1.51282051282051,181.175141242938,-.508192846387169, 
1001,54,1246,8,1,3,3,1,88,1,1,2,1,1,4,8,1,3,99,8,8,6,6,7,7,1,4,1,190.593814797016,3,274.08547008547,1.51282051282051,181.175141242938,-.508192846387169, 
1001,54,1247,8,1,3,12,1,88,1,1,2,1,1,4,1,4,4,6,7,7,7,7,6,6,1,4,1,203.852389044953,3,274.08547008547,1.51282051282051,181.175141242938,-.508192846387169, 
1009,75,41,8,1,2,12,1,88,3,1,2,1,1,4,8,1,4,2,6,6,5,5,7,7,1,6,2,194.342584619365,3,241.605263157895,1.57894736842105,153.016666666667,-.268610787268498,-.730982607907387
1009,75,104,8,1,1,9,1,88,3,1,1,1,1,2,8,1,4,8,5,5,5,5,5,5,1,6,2,190.567628810498,3,241.605263157895,1.57894736842105,153.016666666667,-.268610787268498,-1.11808288532404
1009,75,1496,8,1,3,10,1,88,1,1,1,1,1,4,7,1,4,7,6,6,6,6,7,7,1,6,2,198.566759630187,3,241.605263157895,1.57894736842105,153.016666666667,-.268610787268498,-.29023269408893
1009,75,1497,8,2,3,7,1,88,1,3,2,1,3,3,8,3,3,8,6,6,5,5,6,6,1,6,2,212.997910158155,3,241.605263157895,1.57894736842105,153.016666666667,-.268610787268498, 
1009,75,1498,8,2,3,6,1,88,1,1,2,1,1,3,6,1,3,6,6,6,5,5,6,6,1,6,2,149.757714662002,1,241.605263157895,1.57894736842105,153.016666666667,-.268610787268498, 
1009,75,1499,8,2,3,7,1,88,1,1,2,1,1,2,8,1,4,6,8,8,6,6,9,9,1,6,2,229.792059618547,4,241.605263157895,1.57894736842105,153.016666666667,-.268610787268498,-.101086152509983
1009,75,1500,8,2,3,3,1,88,1,1,2,1,1,3,7,1,2,6,7,7,6,6,7,7,1,6,2,164.694518237865,2,241.605263157895,1.57894736842105,153.016666666667,-.268610787268498,.404973389197909
1009,75,1501,8,1,3,11,1,88,1,1,2,1,1,4,6,1,4,7,7,7,7,7,8,8,1,6,2,212.985383349306,3,241.605263157895,1.57894736842105,153.016666666667,-.268610787268498,-.29023269408893
1009,75,1502,8,2,3,9,1,88,1,1,2,1,1,4,8,1,3,8,8,8,7,7,7,7,1,6,2,217.72987054248,4,241.605263157895,1.57894736842105,153.016666666667,-.268610787268498,-.101086152509983
1009,75,1503,8,1,3,12,1,88,1,1,2,1,1,99,99,1,4,5,7,7,6,6,7,7,1,6,2,203.42389030477,3,241.605263157895,1.57894736842105,153.016666666667,-.268610787268498,-.790219532701715
1009,75,1504,8,2,3,10,1,88,1,1,2,1,1,2,7,2,4,8,8,8,7,7,8,8,1,6,2,208.839444713797,3,241.605263157895,1.57894736842105,153.016666666667,-.268610787268498,.0247155336097724
1009,75,1505,8,1,3,10,1,88,1,1,2,1,1,4,6,1,4,5,5,5,5,5,5,5,1,6,2,193.73738081401,3,241.605263157895,1.57894736842105,153.016666666667,-.268610787268498,.352578886232095
1009,75,1506,8,2,3,12,1,88,1,1,1,1,1,4,6,1,4,6,8,8,8,8,7,7,1,6,2,207.890736844594,3,241.605263157895,1.57894736842105,153.016666666667,-.268610787268498,-.101086152509983
1009,75,1507,8,1,3,8,1,88,1,1,2,1,1,2,8,2,3,2,6,6,6,6,5,5,1,6,2,154.63605073351,1,241.605263157895,1.57894736842105,153.016666666667,-.268610787268498, 
1009,75,1508,8,2,3,11,1,88,1,1,2,1,1,4,8,1,4,8,8,8,7,7,8,8,1,6,2,197.884884572723,3,241.605263157895,1.57894736842105,153.016666666667,-.268610787268498,-.920129149486334
1009,75,1509,8,1,3,2,1,88,1,1,2,1,1,2,8,1,2,2,7,7,6,6,7,7,1,6,2,190.593814797016,3,241.605263157895,1.57894736842105,153.016666666667,-.268610787268498,-.88419802236283
1009,75,1527,8,1,3,6,1,88,1,1,1,1,1,4,8,1,2,8,6,6,7,7,8,8,1,6,2,217.403714843654,4,241.605263157895,1.57894736842105,153.016666666667,-.268610787268498,-.329875172306237
1009,75,1670,8,2,3,5,1,88,1,1,2,1,1,99,99,1,9,5,6,6,5,5,7,7,1,6,2,201.983178523191,3,241.605263157895,1.57894736842105,153.016666666667,-.268610787268498,.84437391516558
1009,75,1671,8,2,3,5,1,88,1,1,2,1,1,99,99,1,9,5,6,6,6,6,7,7,1,6,2,193.453985658946,3,241.605263157895,1.57894736842105,153.016666666667,-.268610787268498,-.267203104704974
1009,76,1408,8,1,3,3,1,88,1,1,2,1,1,3,8,1,9,7,8,8,9,9,7,7,1,6,2,203.423890304769,3,241.605263157895,1.57894736842105,153.016666666667,-.226394431741295,.529425687466878
1009,76,1510,8,2,3,2,1,88,1,1,2,1,1,9,5,1,4,2,9,9,10,10,9,9,1,6,2,212.985383349306,3,241.605263157895,1.57894736842105,153.016666666667,-.226394431741295,.84437391516558
1009,76,1511,8,1,3,10,1,88,1,1,2,1,1,2,8,1,4,5,7,7,6,6,7,7,1,6,2,159.378847967569,2,241.605263157895,1.57894736842105,153.016666666667,-.226394431741295, 
1009,76,1512,8,2,3,6,1,88,1,1,2,1,1,4,6,1,9,7,9,9,9,9,8,8,1,6,2,190.003528473952,3,241.605263157895,1.57894736842105,153.016666666667,-.226394431741295,.331471951629174
1009,76,1513,8,1,3,9,3,10,1,2,2,1,3,2,8,3,2,2,7,7,8,8,8,8,1,6,2,199.624862841315,3,241.605263157895,1.57894736842105,153.016666666667,-.226394431741295,-1.42763996380672
1009,76,1514,8,1,3,6,1,88,1,1,1,1,1,4,8,1,3,6,8,8,7,7,8,8,1,6,2,210.013605719334,3,241.605263157895,1.57894736842105,153.016666666667,-.226394431741295,-.101086152509983
1009,76,1515,8,1,3,5,1,88,1,1,2,1,1,4,7,1,4,7,7,7,8,8,8,8,1,6,2,170.678433237597,2,241.605263157895,1.57894736842105,153.016666666667,-.226394431741295,-.488186429926633
1009,76,1516,8,1,3,5,1,88,1,1,2,1,1,4,8,1,4,8,8,8,8,8,7,7,1,6,2,184.659671305641,2,241.605263157895,1.57894736842105,153.016666666667,-.226394431741295,.0247155336097724
1009,76,1517,8,2,3,5,1,88,1,1,2,1,1,4,7,1,4,7,9,9,10,10,10,10,1,6,2,213.286742768821,3,241.605263157895,1.57894736842105,153.016666666667,-.226394431741295,-.803134657625335
1009,76,1518,8,1,2,10,3,3,3,2,2,9,3,99,8,3,99,8,6,6,4,4,6,6,1,6,2,162.143588116028,2,241.605263157895,1.57894736842105,153.016666666667,-.226394431741295,-.699848640027521
1009,76,1519,8,1,3,11,1,88,1,1,2,1,1,2,6,1,2,8,7,7,6,6,6,6,1,6,2,217.770457921662,4,241.605263157895,1.57894736842105,153.016666666667,-.226394431741295,-.101086152509983
1009,76,1520,8,1,3,11,1,88,1,1,2,1,1,4,3,1,3,6,7,7,6,6,7,7,1,6,2,101.409527400428,1,241.605263157895,1.57894736842105,153.016666666667,-.226394431741295,.0771100365755863
1009,76,1521,8,1,3,5,1,88,1,1,2,1,1,4,6,1,4,6,9,9,9,9,8,8,1,6,2,215.429021713273,4,241.605263157895,1.57894736842105,153.016666666667,-.226394431741295,.41788851412153
1009,76,1522,8,2,3,4,1,88,1,1,2,1,1,3,6,1,3,2,8,8,6,6,7,7,1,6,2,139.467041250859,1,241.605263157895,1.57894736842105,153.016666666667,-.226394431741295, 
1009,76,1523,8,2,3,9,1,88,1,1,1,1,1,3,8,1,3,2,8,8,8,8,8,8,1,6,2,201.841492220508,3,241.605263157895,1.57894736842105,153.016666666667,-.226394431741295,.22677720011234
1009,76,1524,8,2,3,9,1,88,1,1,2,1,1,4,8,1,4,8,9,9,9,9,8,8,1,6,2,220.08352478628,4,241.605263157895,1.57894736842105,153.016666666667,-.226394431741295,-.539871293898197
1009,76,1525,8,1,3,2,1,88,1,1,2,1,1,2,6,1,2,2,7,7,5,5,8,8,1,6,2,178.580804180801,2,241.605263157895,1.57894736842105,153.016666666667,-.226394431741295,-1.51950702158333
1009,76,1526,8,1,3,10,1,88,1,1,2,1,1,3,8,2,9,8,6,6,4,4,5,5,1,6,2,169.396317586781,2,241.605263157895,1.57894736842105,153.016666666667,-.226394431741295,-.329875172306237
1009,76,3841,8,2,2,3,1,88,3,3,1,1,4,99,99,4,99,2,0,7,0,9,0,9,1,6,2,163.706198594166,2,241.605263157895,1.57894736842105,153.016666666667,-.226394431741295,-.29023269408893
1010,77,42,8,1,2,10,4,99,3,2,2,2,4,2,8,4,4,8,6,6,6,6,7,7,1,6,2,157.804642091299,2,286.90625,3.78125,75.8760330578512,-.214962114828797,-1.11808288532404
1010,77,43,8,1,2,8,1,88,3,3,2,2,4,2,4,4,2,4,8,8,7,7,7,7,1,6,2,212.702072648694,3,286.90625,3.78125,75.8760330578512,-.214962114828797,.719921616896611
1010,77,407,8,2,3,4,1,88,1,1,2,2,1,3,8,1,2,2,6,6,5,5,5,5,1,6,2,121.986922678729,1,286.90625,3.78125,75.8760330578512,-.214962114828797, 
1010,77,1209,8,1,3,10,1,88,1,9,2,2,9,99,99,4,2,1,7,7,7,7,7,7,1,6,2,193.301721135549,3,286.90625,3.78125,75.8760330578512,-.214962114828797,-1.18268287421922
1010,77,1532,8,2,3,4,1,88,1,1,2,2,1,2,8,1,3,7,9,9,9,9,9,9,1,6,2,261.623119072376,5,286.90625,3.78125,75.8760330578512,-.214962114828797,-.552786418821818
1010,77,1533,8,1,3,5,1,88,1,1,2,2,1,4,7,1,4,7,9,9,9,9,9,9,1,6,2,321.637440410586,5,286.90625,3.78125,75.8760330578512,-.214962114828797,.213862075188719
1010,77,1534,8,1,3,5,1,88,1,3,2,2,4,99,8,4,99,2,7,7,7,7,6,6,1,6,2,149.395129631806,1,286.90625,3.78125,75.8760330578512,-.214962114828797,-1.24799250210866
1010,77,1535,8,1,3,9,1,88,1,1,2,2,1,2,8,1,4,8,7,7,6,6,5,5,1,6,2,164.011619115489,2,286.90625,3.78125,75.8760330578512,-.214962114828797, 
1010,77,1536,8,1,3,10,1,88,1,3,2,2,3,7,8,3,7,7,7,7,6,6,6,6,1,6,2,180.871486981834,2,286.90625,3.78125,75.8760330578512,-.214962114828797,-.428334120552849
1010,77,1538,8,1,3,8,1,88,1,1,2,1,1,2,7,1,4,7,8,8,5,5,6,6,1,6,2,194.422876193104,3,286.90625,3.78125,75.8760330578512,-.214962114828797,.110259356932764
1010,77,1539,8,1,3,2,1,88,1,1,2,1,1,9,5,1,9,7,9,9,9,9,8,8,1,6,2,254.516602298788,5,286.90625,3.78125,75.8760330578512,-.214962114828797,1.59855956865684
1010,77,1540,8,2,3,6,1,88,1,3,2,2,2,3,8,2,7,8,9,9,6,6,8,8,1,6,2,217.243809417857,4,286.90625,3.78125,75.8760330578512,-.214962114828797,.755118740748784
1010,77,1541,8,2,3,12,1,88,1,1,2,1,1,3,8,3,6,8,7,7,6,6,8,8,1,6,2,228.578242484582,4,286.90625,3.78125,75.8760330578512,-.214962114828797,-2.56355211244316
1010,77,1542,8,2,3,9,1,88,1,1,2,2,1,4,6,1,7,6,9,9,6,6,7,7,1,6,2,215.48914782235,4,286.90625,3.78125,75.8760330578512,-.214962114828797,-.0480762649647124
1010,77,1543,8,1,3,6,1,88,1,1,2,2,1,2,8,1,3,8,8,8,8,8,7,7,1,6,2,197.956724085216,3,286.90625,3.78125,75.8760330578512,-.214962114828797,.41788851412153
1010,77,1544,8,2,3,9,1,88,1,1,2,2,1,3,8,1,3,6,8,8,7,7,7,7,1,6,2,159.378847967569,2,286.90625,3.78125,75.8760330578512,-.214962114828797, 
1010,77,1545,8,1,3,3,1,88,1,1,2,2,1,4,6,1,2,8,9,9,8,8,8,8,1,6,2,244.456302896734,5,286.90625,3.78125,75.8760330578512,-.214962114828797,-.101086152509983
1010,77,1546,8,2,3,3,1,88,1,3,2,1,4,2,8,4,3,2,8,8,8,8,8,8,1,6,2,168.067521177834,2,286.90625,3.78125,75.8760330578512,-.214962114828797,.0886757736484206
1010,77,1554,8,2,3,11,1,88,1,3,2,2,4,1,8,4,1,2,6,6,5,5,5,5,1,6,2,159.003058341781,2,286.90625,3.78125,75.8760330578512,-.214962114828797,-.101086152509983
1010,78,44,8,1,1,12,1,88,3,3,2,2,3,3,8,3,3,2,6,6,7,7,8,8,1,6,2,159.862796255237,2,286.90625,3.78125,75.8760330578512,-.834858702904757,-1.10516776040042
1010,78,1528,8,2,4,1,1,88,1,1,2,2,1,2,8,4,4,8,7,7,8,8,9,9,1,6,2,190.003528473952,3,286.90625,3.78125,75.8760330578512,-.834858702904757,-1.93774126687984
1010,78,1529,8,1,3,12,1,88,1,1,2,2,1,3,8,1,4,7,5,5,7,7,7,7,1,6,2,194.849426856076,3,286.90625,3.78125,75.8760330578512,-.834858702904757,.421842844303367
1010,78,1530,8,2,3,10,1,88,1,3,2,2,4,2,8,4,2,2,8,8,8,8,7,7,1,6,2,174.908745715891,2,286.90625,3.78125,75.8760330578512,-.834858702904757,-1.73978753104214
1010,78,1537,8,1,3,12,1,88,1,1,2,2,1,2,8,1,2,8,6,6,7,7,6,6,1,6,2,238.522154952741,4,286.90625,3.78125,75.8760330578512,-.834858702904757, 
1010,78,1547,8,2,3,10,1,88,1,1,2,1,1,4,8,1,3,2,8,8,7,7,8,8,1,6,2,247.140943268616,5,286.90625,3.78125,75.8760330578512,-.834858702904757,-.392402993429346
1010,78,1548,8,1,3,9,1,88,1,1,2,2,1,4,8,2,2,8,6,6,8,8,7,7,1,6,2,194.849426856076,3,286.90625,3.78125,75.8760330578512,-.834858702904757,-.920129149486334
1010,78,1549,8,2,3,8,1,88,1,1,2,1,1,2,9,4,7,2,7,7,8,8,9,9,1,6,2,214.76197012002,4,286.90625,3.78125,75.8760330578512,-.834858702904757,-1.11808288532404
1010,78,1550,8,1,3,12,1,88,1,1,2,2,1,4,6,1,2,8,7,7,8,8,8,8,1,6,2,246.42339179765,5,286.90625,3.78125,75.8760330578512,-.834858702904757,-.488186429926633
1010,78,1551,8,2,3,1,1,88,1,1,2,1,1,2,8,1,2,8,8,8,8,8,9,9,1,6,2,213.604900789007,3,286.90625,3.78125,75.8760330578512,-.834858702904757,-1.14953355386204
1010,78,1552,8,2,3,4,1,88,1,1,2,2,1,3,8,1,2,8,6,6,7,7,7,7,1,6,2,185.37221088165,2,286.90625,3.78125,75.8760330578512,-.834858702904757,-.920129149486334
1010,78,1553,8,2,3,2,1,88,1,1,2,2,1,2,8,1,2,8,6,6,6,6,6,6,1,6,2,185.37221088165,2,286.90625,3.78125,75.8760330578512,-.834858702904757,-.414684992357898
1010,78,3863,8,2,1,7,1,88,3,3,2,2,2,1,8,2,1,2,6,6,7,7,6,6,1,6,2,147.666138071017,1,286.90625,3.78125,75.8760330578512,-.834858702904757,-.254301566965426
1056,175,3212,8,1,3,6,1,88,1,1,9,1,1,6,7,1,9,7,0,7,0,6,0,8,1,18,5,195.021578005022,3,77.4604651162791,2.27906976744186,33.9877551020408,.546268243846113,1.54779891022076
1056,175,3214,8,2,3,9,1,88,1,1,9,1,1,9,5,1,9,5,0,8,0,9,0,8,1,18,5,144.209401640404,1,77.4604651162791,2.27906976744186,33.9877551020408,.546268243846113,1.43462789234568
1056,175,3216,8,2,3,7,1,88,1,1,9,1,1,2,7,1,2,1,0,7,0,7,0,7,1,18,5,172.367499295602,2,77.4604651162791,2.27906976744186,33.9877551020408,.546268243846113,-1.14953355386204
1056,175,3217,8,2,3,11,1,88,1,1,9,1,1,4,7,1,4,7,0,8,0,8,0,8,1,18,5,184.659671305641,2,77.4604651162791,2.27906976744186,33.9877551020408,.546268243846113,-.803134657625335
1056,175,3218,8,1,3,11,1,88,1,1,9,1,1,4,7,1,9,5,0,7,0,7,0,7,1,18,5,194.342584619365,3,77.4604651162791,2.27906976744186,33.9877551020408,.546268243846113,.646420179327876
1056,175,3219,8,1,3,5,1,88,1,1,9,1,1,9,7,1,4,7,0,6,0,6,0,6,1,18,5,189.236329322732,3,77.4604651162791,2.27906976744186,33.9877551020408,.546268243846113,.804731436948272
1056,175,3220,8,1,4,1,1,88,1,1,9,1,1,4,6,1,9,7,0,8,0,7,0,7,1,18,5,147.81591617045,1,77.4604651162791,2.27906976744186,33.9877551020408,.546268243846113,.213862075188719
1056,175,3221,8,1,3,8,1,88,1,1,9,1,1,4,6,1,9,7,0,8,0,8,0,8,1,18,5,208.325994839857,3,77.4604651162791,2.27906976744186,33.9877551020408,.546268243846113,1.11967966464697
1056,175,3222,8,1,4,2,1,88,1,1,9,1,1,4,7,1,4,6,0,6,0,6,0,6,1,18,5,191.991532943348,3,77.4604651162791,2.27906976744186,33.9877551020408,.546268243846113,.213862075188719
1056,175,3223,8,1,3,1,1,88,1,1,9,1,1,2,1,1,2,1,0,6,0,6,0,5,1,18,5,118.409100659434,1,77.4604651162791,2.27906976744186,33.9877551020408,.546268243846113,-2.25268949457855
1056,175,3225,8,2,3,6,1,88,1,1,9,1,1,9,7,1,4,7,0,7,0,7,0,8,1,18,5,174.496225023074,2,77.4604651162791,2.27906976744186,33.9877551020408,.546268243846113,1.68590033668468
1056,175,3226,8,2,3,11,1,88,1,1,9,1,1,9,7,1,7,7,0,8,0,7,0,8,1,18,5,124.565566961219,1,77.4604651162791,2.27906976744186,33.9877551020408,.546268243846113,1.03352045674453
1056,175,3240,8,2,3,11,1,88,1,1,9,1,3,9,5,1,9,5,0,8,0,8,0,9,1,18,5,206.546924913207,3,77.4604651162791,2.27906976744186,33.9877551020408,.546268243846113,1.05600388128728
1056,175,3242,8,2,4,1,1,88,1,1,9,1,1,3,5,1,9,7,0,9,0,9,0,9,1,18,5,210.773802069256,3,77.4604651162791,2.27906976744186,33.9877551020408,.546268243846113,1.03352045674453
1056,175,3243,8,2,4,4,1,88,1,1,9,1,1,9,5,1,9,5,0,9,0,8,0,10,1,18,5,215.429021713273,4,77.4604651162791,2.27906976744186,33.9877551020408,.546268243846113,2.17769536561816
1056,175,3247,8,2,3,7,1,88,1,1,9,1,1,4,7,1,9,7,0,8,0,8,0,8,1,18,5,193.301721135549,3,77.4604651162791,2.27906976744186,33.9877551020408,.546268243846113,.942832863412192
1056,175,3248,8,1,3,8,1,88,1,1,9,1,1,4,7,1,9,7,0,8,0,7,0,8,1,18,5,168.556417885604,2,77.4604651162791,2.27906976744186,33.9877551020408,.546268243846113,.0757606487247996
1056,175,3249,8,1,3,5,1,88,1,1,9,1,1,4,6,1,4,6,0,7,0,7,0,7,1,18,5,193.73738081401,3,77.4604651162791,2.27906976744186,33.9877551020408,.546268243846113,1.67298521176106
1056,175,3250,8,2,4,2,1,88,1,1,9,1,1,4,7,1,9,5,0,8,0,8,0,8,1,18,5,219.838134859426,4,77.4604651162791,2.27906976744186,33.9877551020408,.546268243846113,-.173238202227931
1056,175,3251,8,2,4,2,1,88,1,1,9,1,1,4,7,1,9,5,0,8,0,8,0,8,1,18,5,212.753987203098,3,77.4604651162791,2.27906976744186,33.9877551020408,.546268243846113,-.208053611094037
1056,175,3252,8,2,3,7,1,88,1,1,9,1,1,4,7,1,9,1,0,9,0,9,0,9,1,18,5,218.519408574698,4,77.4604651162791,2.27906976744186,33.9877551020408,.546268243846113,.541725427811042
1056,175,3253,8,2,3,4,1,88,1,1,9,1,1,9,7,1,9,7,0,8,0,8,0,9,1,18,5,222.606703967896,4,77.4604651162791,2.27906976744186,33.9877551020408,.546268243846113,.403624001347123
1056,176,532,8,1,3,10,1,88,1,1,9,1,1,4,7,1,9,5,0,9,0,9,0,9,1,18,5,215.261800084824,4,77.4604651162791,2.27906976744186,33.9877551020408,.458579213259798,1.03352045674453
1056,176,3213,8,2,3,5,1,88,1,1,9,1,1,2,6,1,2,8,0,5,0,5,0,6,1,18,5,142.681343445079,1,77.4604651162791,2.27906976744186,33.9877551020408,.458579213259798,-.677948356085037
1056,176,3215,8,1,3,7,1,88,1,1,9,1,1,2,7,2,4,7,0,8,0,9,0,8,1,18,5,169.396317586781,2,77.4604651162791,2.27906976744186,33.9877551020408,.458579213259798,.404973389197909
1056,176,3224,8,1,4,9,1,88,1,1,9,1,1,4,7,1,4,7,0,7,0,8,0,7,1,18,5,193.635732672075,3,77.4604651162791,2.27906976744186,33.9877551020408,.458579213259798,1.19525326998778
1056,176,3227,8,2,3,10,1,88,1,1,9,1,1,4,7,1,9,6,0,9,0,7,0,9,1,18,5,187.661055643711,3,77.4604651162791,2.27906976744186,33.9877551020408,.458579213259798,-.416034380208685
1056,176,3228,8,2,3,11,1,88,1,1,9,1,1,4,6,1,4,2,0,5,0,5,0,6,1,18,5,88.0024565301426,1,77.4604651162791,2.27906976744186,33.9877551020408,.458579213259798,.856673655509744
1056,176,3229,8,1,3,8,1,88,1,1,9,1,9,99,99,1,4,7,0,9,0,9,0,10,1,18,5,198.566759630187,3,77.4604651162791,2.27906976744186,33.9877551020408,.458579213259798,-.854819521596899
1056,176,3230,8,2,4,3,1,88,1,1,9,1,1,4,6,2,4,1,0,8,0,7,0,8,1,18,5,147.666138071017,1,77.4604651162791,2.27906976744186,33.9877551020408,.458579213259798,-.101086152509983
1056,176,3231,8,1,3,5,1,88,1,1,9,1,1,4,4,1,4,1,0,5,0,6,0,6,1,18,5,153.408743320895,1,77.4604651162791,2.27906976744186,33.9877551020408,.458579213259798,.300021283091167
1056,176,3232,8,2,3,9,1,88,1,1,9,1,1,2,6,1,4,2,0,7,0,6,0,7,1,18,5,190.650482815879,3,77.4604651162791,2.27906976744186,33.9877551020408,.458579213259798,.528810302887421
1056,176,3233,8,1,3,11,1,88,1,1,9,1,1,4,7,1,4,7,0,8,0,8,0,9,1,18,5,208.325994839857,3,77.4604651162791,2.27906976744186,33.9877551020408,.458579213259798,.929917738488571
1056,176,3234,8,1,3,10,1,88,1,1,9,1,1,4,7,1,4,5,0,9,0,8,0,9,1,18,5,176.811647048498,2,77.4604651162791,2.27906976744186,33.9877551020408,.458579213259798,.880305042289083
1056,176,3235,8,1,3,7,1,88,1,1,9,1,1,9,5,2,9,5,0,7,0,6,0,7,1,18,5,176.227169707396,2,77.4604651162791,2.27906976744186,33.9877551020408,.458579213259798,1.37210007122257
1056,176,3236,8,1,3,5,1,88,1,1,9,1,1,4,7,1,4,1,0,8,0,6,0,9,1,18,5,228.179257960942,4,77.4604651162791,2.27906976744186,33.9877551020408,.458579213259798,-.224923066199495
1056,176,3237,8,1,3,12,1,88,1,1,9,1,1,2,6,2,2,2,0,6,0,6,0,6,1,18,5,153.613870570197,1,77.4604651162791,2.27906976744186,33.9877551020408,.458579213259798,-.101086152509983
1056,176,3238,8,1,3,12,1,88,1,1,9,1,1,4,4,2,4,2,0,6,0,7,0,6,1,18,5,162.04824304519,2,77.4604651162791,2.27906976744186,33.9877551020408,.458579213259798,.719921616896611
1056,176,3239,8,1,4,3,1,88,1,1,9,1,1,4,5,1,9,7,0,8,0,7,0,7,1,18,5,158.366154333268,2,77.4604651162791,2.27906976744186,33.9877551020408,.458579213259798,1.34846868444323
1056,176,3241,8,2,4,1,1,88,1,1,9,1,1,4,7,1,9,5,0,7,0,7,0,8,1,18,5,187.447191002204,3,77.4604651162791,2.27906976744186,33.9877551020408,.458579213259798,.942832863412192
1056,176,3244,8,2,3,11,1,88,1,1,9,1,1,4,7,1,4,7,0,10,0,9,0,9,1,18,5,220.161212943506,4,77.4604651162791,2.27906976744186,33.9877551020408,.458579213259798,-.014926944607535
1056,176,3245,8,2,3,12,1,88,1,1,9,1,1,4,4,1,4,7,0,10,0,9,0,10,1,18,5,217.770457921662,4,77.4604651162791,2.27906976744186,33.9877551020408,.458579213259798,.880305042289083
1056,176,3246,8,1,3,9,1,88,1,1,9,1,1,4,7,1,9,5,0,8,0,7,0,8,1,18,5,232.950779570475,4,77.4604651162791,2.27906976744186,33.9877551020408,.458579213259798,.62788463571349
